Order Date,Product Name,Sales,Quantity,State
11/03/2024,Queso en lonchas,2063.4,543,California
26/07/2024,Suero de leche,668.0,334,Florida
12/01/2024,Queso blanco,365.0,73,California
03/06/2024,Kumis,1645.0,658,Nueva York
04/11/2024,Mantequilla clarificada (ghee),3835.25,667,California
18/02/2024,Yogur con frutas,284.4,237,Massachusetts
13/06/2024,Queso en lonchas,3081.8,811,Nueva York
05/12/2024,Mantequilla clarificada (ghee),3662.75,637,Florida
11/01/2024,Mantequilla sin sal,2734.2,651,California
16/09/2024,Yogur griego,360.0,240,Nueva York
09/07/2024,Leche en polvo,3910.5,711,Massachusetts
09/12/2024,Queso blanco,2485.0,497,Florida
20/08/2024,Leche condensada,915.0,366,Texas
11/01/2024,Queso havarti,4299.75,819,Massachusetts
12/12/2024,Queso crema,1248.8,446,Massachusetts
13/06/2024,Leche condensada,1610.0,644,Massachusetts
19/01/2024,Leche saborizada,732.0,488,Massachusetts
10/02/2024,Leche entera,557.25,743,Massachusetts
18/02/2024,Mantequilla con sal,628.0,157,California
14/05/2024,Queso brie,2184.0,364,Florida
30/09/2024,Crema batida,82.5,22,Texas
26/01/2024,Yogur griego,822.0,548,Texas
15/10/2024,Queso en lonchas,1276.8,336,Massachusetts
22/02/2024,Yogur con frutas,354.0,295,Nueva York
18/04/2024,Yogur natural,1000.0,1000,Massachusetts
19/06/2024,Cuajada,1577.4,717,Massachusetts
03/09/2024,Queso edam,3073.25,647,Massachusetts
20/01/2024,Yogur griego,553.5,369,Massachusetts
25/05/2024,Cuajada,580.8,264,Texas
25/11/2024,Crema batida,2471.25,659,Massachusetts
17/05/2024,Mantequilla clarificada (ghee),3875.5,674,Nueva York
13/02/2024,Crema agria,1367.5,547,Texas
18/05/2024,Queso gruyere,2849.0,518,Florida
25/09/2024,Leche evaporada,2270.1,987,California
12/03/2024,Queso crema,501.2,179,Texas
24/05/2024,Yogur con frutas,606.0,505,Nueva York
14/01/2024,Dulce de leche,561.0,187,Massachusetts
22/09/2024,Yogur con frutas,375.6,313,Massachusetts
14/08/2024,Cuajada,2090.0,950,Nueva York
14/08/2024,Queso azul gorgonzola,5052.0,842,Texas
29/08/2024,Mantequilla sin sal,1625.4,387,Nueva York
25/11/2024,Suero de leche,1040.0,520,Texas
25/09/2024,Queso azul gorgonzola,5100.0,850,Nueva York
15/10/2024,Queso en lonchas,938.6,247,Nueva York
14/11/2024,Queso ricota,1984.0,496,Florida
16/10/2024,Mantequilla con sal,164.0,41,Nueva York
30/10/2024,Mantequilla con sal,3728.0,932,Massachusetts
10/06/2024,Yogur con frutas,1026.0,855,California
06/01/2024,Mantequilla clarificada (ghee),4830.0,840,Florida
15/09/2024,Yogur con frutas,604.8,504,Texas
06/08/2024,Kumis,1027.5,411,Nueva York
19/07/2024,Mantequilla con sal,3180.0,795,Massachusetts
10/06/2024,Dulce de leche,741.0,247,Nueva York
18/10/2024,Crema batida,3288.75,877,Massachusetts
11/05/2024,Queso blanco,3755.0,751,Nueva York
09/11/2024,Queso havarti,4000.5,762,California
25/07/2024,Leche semidescremada,734.4,612,Texas
26/06/2024,Yogur natural,2572.5,735,Florida
14/09/2024,Yogur con frutas,541.2,451,Florida
20/09/2024,Leche deslactosada,241.8,186,Nueva York
13/04/2024,Leche evaporada,1005.1,437,Nueva York
29/11/2024,Queso edam,817.0,172,Massachusetts
27/02/2024,Suero de leche,1958.0,979,Massachusetts
14/04/2024,Crema agria,2002.5,801,Massachusetts
22/07/2024,Queso gouda,3249.0,722,Nueva York
15/01/2024,Suero de leche,1008.0,504,Texas
12/06/2024,Leche en polvo,2052.0,684,Florida
28/12/2024,Queso azul gorgonzola,276.0,46,Florida
17/06/2024,Mantequilla con sal,2704.0,676,California
04/07/2024,Queso gouda,2596.5,577,Texas
04/01/2024,Mantequilla con sal,244.0,61,Nueva York
25/12/2024,Dulce de leche,2565.0,855,Massachusetts
28/01/2024,Leche entera,238.75,191,Texas
02/06/2024,Suero de leche,1706.0,853,Massachusetts
07/05/2024,Crema batida,1533.75,409,Massachusetts
21/01/2024,Queso parmesano,1555.2,324,California
15/07/2024,Leche condensada,2277.5,911,California
01/05/2024,Bebidas lácteas,1051.2,876,Nueva York
02/08/2024,Yogur griego,967.5,645,Nueva York
07/03/2024,Kumis,1727.5,691,Massachusetts
18/07/2024,Yogur natural,177.0,177,Massachusetts
21/05/2024,Crema batida,2928.75,781,Texas
14/08/2024,Kumis,842.5,337,Nueva York
01/08/2024,Leche condensada,1315.0,526,Texas
22/12/2024,Bebidas lácteas,1706.0,853,Nueva York
28/09/2024,Cuajada,118.8,54,Nueva York
17/10/2024,Mantequilla clarificada (ghee),2627.75,457,California
01/11/2024,Leche condensada,782.5,313,California
20/03/2024,Queso havarti,798.0,152,Texas
27/09/2024,Queso crema,798.0,285,Massachusetts
09/01/2024,Yogur griego,760.5,507,Nueva York
20/07/2024,Queso crema,1190.0,425,Texas
13/03/2024,Queso azul gorgonzola,5736.0,956,Texas
13/10/2024,Suero de leche,158.0,79,Texas
30/05/2024,Mantequilla clarificada (ghee),1420.25,247,Florida
06/12/2024,Yogur con frutas,1050.0,875,Florida
19/02/2024,Suero de leche,1768.0,884,Nueva York
27/06/2024,Queso camembert,2262.0,377,Florida
15/10/2024,Queso en lonchas,1945.6,512,Massachusetts
06/10/2024,Mantequilla clarificada (ghee),1219.0,212,Texas
01/06/2024,Mantequilla sin sal,3015.6,718,Texas
09/04/2024,Cuajada,1471.8,669,Massachusetts
27/11/2024,Queso azul gorgonzola,2322.0,387,Nueva York
06/12/2024,Queso cheddar añejo,4545.0,909,California
01/10/2024,Leche descremada,524.4,456,Nueva York
21/06/2024,Yogur con frutas,1195.2,996,California
20/09/2024,Suero de leche,942.0,471,Massachusetts
14/04/2024,Leche evaporada,2187.3,951,Nueva York
13/12/2024,Yogur con frutas,640.8,534,Nueva York
09/11/2024,Dulce de leche,1383.0,461,California
24/12/2024,Mantequilla clarificada (ghee),2058.5,358,Nueva York
25/10/2024,Yogur griego,1050.0,700,California
23/11/2024,Mantequilla clarificada (ghee),3484.5,606,Florida
07/11/2024,Leche saborizada,423.0,282,Nueva York
22/12/2024,Suero de leche,1292.0,646,California
03/07/2024,Crema batida,881.25,235,Massachusetts
29/02/2024,Queso edam,3372.5,710,Massachusetts
03/07/2024,Leche en polvo,2517.0,839,Texas
23/08/2024,Mantequilla con sal,2864.0,716,Texas
20/11/2024,Yogur con frutas,292.8,244,California
26/09/2024,Bebidas lácteas,524.4,437,California
25/11/2024,Yogur con frutas,1015.2,846,Massachusetts
23/03/2024,Leche en polvo,2316.0,772,Florida
31/05/2024,Dulce de leche,2055.0,685,Florida
22/10/2024,Mantequilla sin sal,2889.6,688,Florida
20/03/2024,Leche entera,338.75,271,Texas
04/06/2024,Yogur griego,856.5,571,Texas
09/12/2024,Dulce de leche,549.0,183,California
17/07/2024,Yogur griego,423.0,282,Texas
28/10/2024,Yogur con frutas,1137.6,948,California
17/03/2024,Crema de leche,1773.04,296,California
27/11/2024,Mantequilla con sal,284.0,71,Florida
03/09/2024,Mantequilla clarificada (ghee),333.5,58,Texas
28/04/2024,Queso crema,1162.0,415,Massachusetts
16/05/2024,Queso havarti,378.0,72,Florida
01/08/2024,Yogur griego,1071.0,714,California
29/06/2024,Dulce de leche,540.0,180,California
14/11/2024,Yogur con frutas,133.2,111,Nueva York
07/02/2024,Leche en polvo,522.5,95,Florida
03/01/2024,Queso blanco,710.0,142,California
08/06/2024,Mantequilla con sal,3704.0,926,Nueva York
29/12/2024,Crema agria,1477.5,591,Texas
23/08/2024,Mantequilla clarificada (ghee),4266.5,742,Texas
04/05/2024,Queso edam,147.25,31,California
15/10/2024,Leche semidescremada,328.8,274,Nueva York
30/04/2024,Queso crema,1537.2,549,Massachusetts
19/10/2024,Leche semidescremada,112.8,94,Florida
22/04/2024,Yogur natural,1764.0,504,Nueva York
28/02/2024,Yogur con frutas,45.6,38,Texas
08/07/2024,Mantequilla clarificada (ghee),2288.5,398,Nueva York
03/12/2024,Leche entera,2940.0,840,Massachusetts
25/03/2024,Crema de leche,5408.97,903,Florida
12/05/2024,Crema batida,3735.0,996,Florida
29/09/2024,Mantequilla clarificada (ghee),3496.0,608,California
08/10/2024,Dulce de leche,2862.0,954,Texas
23/09/2024,Helado,1191.0,794,Nueva York
04/09/2024,Crema agria,577.5,231,Florida
18/10/2024,Mantequilla con sal,680.0,170,Nueva York
10/08/2024,Queso camembert,4608.0,768,Nueva York
04/01/2024,Queso crema,711.2,254,Nueva York
19/04/2024,Leche deslactosada,205.4,158,Massachusetts
20/10/2024,Helado,1955.0,460,Texas
10/11/2024,Crema agria,767.5,307,California
09/03/2024,Queso azul gorgonzola,4716.0,786,Massachusetts
06/03/2024,Queso azul roquefort,2906.25,465,Texas
19/11/2024,Yogur griego,286.5,191,Massachusetts
05/05/2024,Leche en polvo,2249.5,409,California
01/12/2024,Crema batida,2028.75,541,California
18/08/2024,Queso en lonchas,57.0,15,Massachusetts
26/01/2024,Crema batida,866.25,231,Texas
27/04/2024,Leche descremada,829.15,721,Texas
26/12/2024,Kumis,950.0,380,Florida
15/12/2024,Queso gruyere,4262.5,775,California
26/04/2024,Crema de leche,2929.11,489,Massachusetts
28/05/2024,Leche en polvo,2148.0,716,Massachusetts
31/05/2024,Cuajada,169.4,77,Massachusetts
12/07/2024,Yogur griego,1356.0,904,California
03/02/2024,Crema de leche,1581.36,264,Nueva York
25/02/2024,Queso azul gorgonzola,822.0,137,Nueva York
22/02/2024,Leche en polvo,324.0,108,California
06/01/2024,Mantequilla con sal,2064.0,516,Nueva York
07/03/2024,Queso crema,890.4,318,Massachusetts
13/09/2024,Helado,108.0,72,Massachusetts
23/03/2024,Mantequilla clarificada (ghee),5571.75,969,California
08/05/2024,Mantequilla sin sal,604.8,144,Florida
02/02/2024,Suero de leche,1810.0,905,Massachusetts
10/12/2024,Mantequilla sin sal,3700.2,881,California
19/11/2024,Queso para untar,2195.2,686,California
06/08/2024,Crema batida,3678.75,981,Florida
27/11/2024,Mantequilla sin sal,2112.6,503,California
09/02/2024,Crema batida,1781.25,475,Nueva York
05/03/2024,Mantequilla sin sal,1533.0,365,California
02/04/2024,Queso camembert,2196.0,366,Florida
21/01/2024,Queso mozzarella,352.5,94,Texas
29/04/2024,Leche condensada,952.5,381,Florida
13/02/2024,Leche en polvo,2604.0,868,California
12/07/2024,Mantequilla clarificada (ghee),3404.0,592,Texas
24/05/2024,Mantequilla sin sal,2444.4,582,California
25/01/2024,Queso gruyere,3289.0,598,Nueva York
23/01/2024,Leche saborizada,82.5,55,Massachusetts
16/07/2024,Queso edam,736.25,155,Nueva York
14/07/2024,Crema batida,273.75,73,Texas
25/03/2024,Mantequilla sin sal,1285.2,306,Florida
25/07/2024,Suero de leche,1314.0,657,California
07/05/2024,Crema batida,2190.0,584,Texas
12/06/2024,Queso cheddar añejo,3310.0,662,Nueva York
31/01/2024,Yogur con frutas,912.0,760,Massachusetts
16/09/2024,Queso blanco,4520.0,904,Texas
16/01/2024,Suero de leche,386.0,193,Florida
21/12/2024,Leche semidescremada,289.2,241,Nueva York
18/09/2024,Mantequilla con sal,296.0,74,Texas
23/01/2024,Yogur natural,1302.0,372,Massachusetts
25/07/2024,Cuajada,279.4,127,Texas
10/08/2024,Suero de leche,1710.0,855,Nueva York
07/02/2024,Yogur con frutas,568.8,474,Florida
05/09/2024,Crema de leche,2521.79,421,California
17/09/2024,Yogur con frutas,657.6,548,California
06/05/2024,Leche deslactosada,525.3,618,Nueva York
17/09/2024,Queso azul roquefort,4525.0,724,Nueva York
16/03/2024,Yogur con frutas,900.0,750,California
03/12/2024,Suero de leche,1632.0,816,Nueva York
03/11/2024,Leche condensada,1850.0,740,Nueva York
29/12/2024,Leche deslactosada,1263.6,972,Florida
16/05/2024,Leche entera,702.5,562,Massachusetts
18/10/2024,Mantequilla con sal,3444.0,861,Florida
06/08/2024,Queso azul gorgonzola,1734.0,289,Texas
06/06/2024,Queso en lonchas,3207.2,844,Massachusetts
24/11/2024,Crema agria,1295.0,518,Nueva York
21/03/2024,Leche evaporada,2265.5,985,Massachusetts
31/08/2024,Helado,1649.0,388,Texas
26/08/2024,Yogur con frutas,1084.8,904,Florida
15/07/2024,Yogur griego,1098.0,732,Nueva York
21/03/2024,Queso gruyere,4482.5,815,California
14/08/2024,Suero de leche,464.0,232,California
16/08/2024,Suero de leche,510.0,255,Massachusetts
30/09/2024,Queso crema,2438.8,871,Texas
20/11/2024,Crema de leche,413.31,69,Texas
08/02/2024,Leche semidescremada,308.7,441,Massachusetts
21/04/2024,Queso crema,2710.4,968,Massachusetts
05/10/2024,Leche descremada,285.2,248,Nueva York
07/08/2024,Leche saborizada,229.0,229,Florida
04/12/2024,Bebidas lácteas,554.0,277,Florida
20/07/2024,Leche en polvo,2724.0,908,California
19/12/2024,Suero de leche,1420.0,710,Nueva York
19/02/2024,Queso para untar,2019.2,631,Nueva York
24/12/2024,Crema de leche,5756.39,961,Florida
12/07/2024,Cuajada,90.2,41,Nueva York
04/12/2024,Leche semidescremada,672.0,560,Massachusetts
10/09/2024,Queso brie,3030.0,505,California
22/05/2024,Crema agria,375.0,150,Massachusetts
23/03/2024,Bebidas lácteas,1146.0,573,Florida
26/05/2024,Leche evaporada,1403.0,610,Florida
05/07/2024,Yogur natural,1316.0,376,Massachusetts
30/03/2024,Kumis,137.5,55,Nueva York
03/11/2024,Leche descremada,761.3,662,Massachusetts
16/06/2024,Mantequilla clarificada (ghee),1460.5,254,Texas
29/04/2024,Crema batida,198.75,53,Texas
15/11/2024,Suero de leche,1292.0,646,Texas
03/04/2024,Leche descremada,537.05,467,Florida
13/01/2024,Queso cheddar añejo,2040.0,408,California
27/10/2024,Queso cheddar añejo,710.0,142,California
19/01/2024,Mantequilla sin sal,558.6,133,Massachusetts
20/10/2024,Bebidas lácteas,650.0,325,Florida
15/07/2024,Queso ricota,3684.0,921,Texas
08/12/2024,Crema batida,993.75,265,Massachusetts
08/01/2024,Helado,3752.75,883,Florida
20/02/2024,Crema de leche,4803.98,802,Florida
16/12/2024,Crema de leche,491.18,82,Texas
25/09/2024,Mantequilla sin sal,436.8,104,Florida
06/12/2024,Cuajada,1454.2,661,Nueva York
02/01/2024,Leche evaporada,1989.5,865,California
19/06/2024,Queso ricota,1736.0,434,Nueva York
21/04/2024,Mantequilla clarificada (ghee),3628.25,631,Massachusetts
19/05/2024,Crema batida,1308.75,349,Texas
18/03/2024,Suero de leche,1942.0,971,Nueva York
05/09/2024,Queso para untar,1814.4,567,California
06/04/2024,Queso parmesano,1132.8,236,Nueva York
25/09/2024,Yogur griego,526.5,351,Nueva York
10/04/2024,Yogur griego,183.0,122,California
12/05/2024,Yogur con frutas,819.6,683,Texas
23/02/2024,Helado,862.75,203,Nueva York
04/08/2024,Queso camembert,4158.0,693,California
25/12/2024,Mantequilla con sal,1152.0,288,Nueva York
26/07/2024,Yogur con frutas,691.2,576,Florida
24/02/2024,Queso havarti,5218.5,994,Texas
13/03/2024,Queso gouda,175.5,39,Texas
27/12/2024,Mantequilla clarificada (ghee),281.75,49,Massachusetts
03/03/2024,Suero de leche,1802.0,901,Texas
13/08/2024,Cuajada,774.4,352,California
27/03/2024,Mantequilla sin sal,1600.2,381,Texas
15/01/2024,Leche condensada,452.5,181,Texas
18/04/2024,Helado,1468.5,979,Florida
11/03/2024,Mantequilla sin sal,772.8,184,Nueva York
03/10/2024,Leche saborizada,669.0,446,Florida
22/06/2024,Mantequilla clarificada (ghee),5364.75,933,Florida
05/01/2024,Queso crema,565.6,202,Nueva York
09/09/2024,Leche evaporada,466.9,203,Texas
11/07/2024,Queso en lonchas,2743.6,722,Texas
15/07/2024,Yogur griego,385.5,257,Florida
22/11/2024,Mantequilla sin sal,2137.8,509,California
27/05/2024,Crema de leche,5043.58,842,Massachusetts
20/11/2024,Crema de leche,3150.74,526,California
13/06/2024,Helado,4046.0,952,Nueva York
10/01/2024,Leche evaporada,414.0,180,California
27/01/2024,Mantequilla sin sal,3175.2,756,Nueva York
11/08/2024,Queso azul roquefort,950.0,152,Massachusetts
10/05/2024,Cuajada,1038.4,472,California
17/02/2024,Yogur natural,2590.0,740,Nueva York
06/01/2024,Kumis,2375.0,950,Florida
30/01/2024,Leche condensada,1345.0,538,California
02/04/2024,Yogur griego,1164.0,776,Nueva York
02/08/2024,Queso parmesano,4435.2,924,Florida
26/10/2024,Yogur natural,3052.0,872,Nueva York
06/03/2024,Queso camembert,2274.0,379,Nueva York
30/03/2024,Leche deslactosada,328.95,387,Massachusetts
11/11/2024,Yogur natural,488.0,488,Texas
14/08/2024,Leche saborizada,798.0,532,California
24/12/2024,Queso edam,2246.75,473,California
09/04/2024,Mantequilla sin sal,1125.6,268,Massachusetts
03/01/2024,Queso blanco,2760.0,552,Florida
23/11/2024,Suero de leche,1542.0,771,Nueva York
18/08/2024,Queso crema,1218.0,435,Nueva York
17/09/2024,Queso havarti,740.25,141,Texas
17/02/2024,Mantequilla con sal,96.0,24,California
10/08/2024,Queso parmesano,2409.6,502,California
23/08/2024,Queso brie,3474.0,579,California
12/02/2024,Mantequilla sin sal,2276.4,542,Florida
21/11/2024,Mantequilla clarificada (ghee),3018.75,525,California
23/02/2024,Queso ricota,3128.0,782,Florida
04/09/2024,Mantequilla con sal,3140.0,785,California
25/11/2024,Leche condensada,2377.5,951,Massachusetts
20/11/2024,Leche deslactosada,839.8,646,Florida
25/07/2024,Crema de leche,5474.86,914,Massachusetts
06/06/2024,Dulce de leche,1533.0,511,Florida
01/05/2024,Leche entera,1134.0,324,Florida
24/06/2024,Leche saborizada,141.0,94,Florida
25/09/2024,Mantequilla con sal,3056.0,764,California
02/06/2024,Mantequilla sin sal,1776.6,423,Nueva York
15/04/2024,Queso azul gorgonzola,1092.0,182,California
19/02/2024,Kumis,1632.5,653,Texas
26/10/2024,Queso edam,2660.0,560,Florida
06/05/2024,Mantequilla clarificada (ghee),5612.0,976,Texas
22/03/2024,Kumis,1310.0,524,Texas
16/06/2024,Yogur con frutas,1042.8,869,Massachusetts
18/12/2024,Queso parmesano,1723.2,359,Florida
28/05/2024,Yogur griego,1132.5,755,Florida
14/06/2024,Suero de leche,1332.0,666,Nueva York
13/03/2024,Queso edam,4512.5,950,Florida
22/08/2024,Leche saborizada,691.5,461,Texas
01/08/2024,Mantequilla clarificada (ghee),2202.25,383,Nueva York
23/01/2024,Leche entera,563.75,451,California
15/07/2024,Yogur con frutas,1172.4,977,Texas
03/11/2024,Cuajada,1014.2,461,Nueva York
23/09/2024,Leche semidescremada,532.0,760,Massachusetts
07/10/2024,Leche saborizada,505.5,337,California
03/08/2024,Queso edam,3918.75,825,Nueva York
14/07/2024,Mantequilla clarificada (ghee),3087.75,537,Florida
29/03/2024,Mantequilla con sal,1164.0,291,Nueva York
04/09/2024,Queso crema,638.4,228,Florida
13/08/2024,Helado,1120.5,747,Massachusetts
18/06/2024,Crema agria,332.5,133,California
21/06/2024,Leche deslactosada,984.1,757,California
27/08/2024,Helado,1636.25,385,Florida
16/07/2024,Queso gouda,3483.0,774,Texas
08/03/2024,Yogur griego,1492.5,995,Texas
22/09/2024,Helado,991.5,661,Texas
04/08/2024,Crema de leche,616.97,103,Nueva York
09/05/2024,Yogur griego,210.0,140,Nueva York
03/02/2024,Dulce de leche,1287.0,429,Nueva York
18/10/2024,Crema batida,1357.5,362,California
18/03/2024,Yogur con frutas,399.6,333,Nueva York
27/10/2024,Cuajada,1617.0,735,Texas
27/03/2024,Mantequilla clarificada (ghee),3105.0,540,Massachusetts
19/09/2024,Dulce de leche,1008.0,336,Massachusetts
21/10/2024,Yogur griego,1165.5,777,Massachusetts
27/01/2024,Suero de leche,198.0,99,California
03/09/2024,Queso azul roquefort,6237.5,998,California
17/02/2024,Mantequilla con sal,1820.0,455,Texas
07/07/2024,Suero de leche,120.0,60,Florida
16/09/2024,Mantequilla clarificada (ghee),914.25,159,Florida
16/10/2024,Mantequilla clarificada (ghee),5681.0,988,California
14/07/2024,Kumis,1112.5,445,Florida
30/03/2024,Mantequilla con sal,3800.0,950,Massachusetts
26/05/2024,Leche en polvo,1732.5,315,Florida
01/05/2024,Leche condensada,1775.0,710,Florida
16/06/2024,Helado,1096.5,258,Nueva York
06/07/2024,Kumis,1200.0,480,Texas
09/09/2024,Mantequilla sin sal,919.8,219,Florida
16/03/2024,Queso edam,793.25,167,Massachusetts
20/01/2024,Queso ricota,2656.0,664,Massachusetts
07/05/2024,Mantequilla con sal,3356.0,839,California
31/03/2024,Queso para untar,2691.2,841,Nueva York
24/02/2024,Leche condensada,1645.0,658,Massachusetts
07/08/2024,Queso crema,2466.8,881,Florida
25/04/2024,Leche saborizada,235.5,157,Florida
29/07/2024,Yogur con frutas,556.8,464,Massachusetts
25/11/2024,Queso crema,1607.2,574,Florida
18/10/2024,Mantequilla sin sal,1377.6,328,California
04/03/2024,Crema agria,60.0,24,Nueva York
16/12/2024,Yogur griego,424.5,283,California
01/11/2024,Mantequilla sin sal,298.2,71,Nueva York
23/12/2024,Crema de leche,305.49,51,Nueva York
01/04/2024,Leche en polvo,2761.0,502,California
13/11/2024,Queso cheddar añejo,3440.0,688,Nueva York
27/06/2024,Mantequilla con sal,112.0,28,Nueva York
17/03/2024,Dulce de leche,1212.0,404,Florida
15/08/2024,Queso crema,834.4,298,Texas
05/09/2024,Queso gouda,162.0,36,Nueva York
14/06/2024,Queso blanco,930.0,186,Nueva York
06/07/2024,Yogur con frutas,56.4,47,Texas
15/10/2024,Cuajada,2127.4,967,California
03/07/2024,Cuajada,1027.4,467,California
14/04/2024,Queso crema,865.2,309,California
19/09/2024,Mantequilla sin sal,3838.8,914,Florida
28/04/2024,Queso crema,1215.2,434,Massachusetts
23/11/2024,Crema de leche,5756.39,961,Massachusetts
16/12/2024,Queso crema,518.0,185,Florida
13/02/2024,Queso edam,4555.25,959,Texas
07/02/2024,Queso havarti,4331.25,825,Texas
28/12/2024,Queso crema,2620.8,936,Nueva York
07/09/2024,Mantequilla sin sal,2725.8,649,Texas
11/08/2024,Kumis,2462.5,985,California
05/03/2024,Leche deslactosada,819.4,964,Massachusetts
22/09/2024,Yogur griego,621.0,414,Florida
20/02/2024,Kumis,1520.0,608,Florida
28/02/2024,Crema batida,2685.0,716,Texas
17/03/2024,Kumis,1345.0,538,Texas
06/08/2024,Cuajada,1980.0,900,Texas
22/04/2024,Crema agria,460.0,184,California
26/04/2024,Suero de leche,826.0,413,Florida
23/04/2024,Dulce de leche,2121.0,707,Texas
06/10/2024,Cuajada,1588.4,722,Florida
06/03/2024,Yogur con frutas,915.6,763,Massachusetts
08/12/2024,Crema agria,230.0,92,Massachusetts
21/02/2024,Yogur griego,580.5,387,Massachusetts
17/11/2024,Leche saborizada,861.0,861,Massachusetts
09/04/2024,Yogur griego,87.0,58,California
05/12/2024,Queso crema,420.0,150,Nueva York
07/02/2024,Mantequilla clarificada (ghee),4663.25,811,Texas
04/06/2024,Mantequilla sin sal,180.6,43,Texas
16/07/2024,Leche deslactosada,29.75,35,Massachusetts
12/06/2024,Helado,120.0,80,Massachusetts
26/08/2024,Mantequilla con sal,1136.0,284,Texas
22/02/2024,Queso crema,1780.8,636,Florida
08/08/2024,Yogur griego,321.0,214,Massachusetts
08/02/2024,Mantequilla con sal,588.0,147,Massachusetts
20/02/2024,Leche condensada,1402.5,561,Texas
16/09/2024,Queso ricota,872.0,218,Florida
09/04/2024,Mantequilla sin sal,1411.2,336,Massachusetts
03/02/2024,Mantequilla con sal,1220.0,305,Massachusetts
20/03/2024,Helado,337.5,225,Florida
16/12/2024,Queso en lonchas,657.4,173,Massachusetts
10/02/2024,Crema agria,585.0,234,California
07/01/2024,Yogur con frutas,357.6,298,Massachusetts
16/08/2024,Mantequilla sin sal,949.2,226,Nueva York
23/03/2024,Mantequilla clarificada (ghee),4715.0,820,California
07/03/2024,Mantequilla con sal,1432.0,358,California
17/05/2024,Queso mozzarella,315.0,84,Massachusetts
09/04/2024,Crema de leche,4660.22,778,California
03/12/2024,Mantequilla clarificada (ghee),5054.25,879,Texas
17/02/2024,Queso crema,1892.8,676,Massachusetts
24/12/2024,Crema batida,1721.25,459,California
05/08/2024,Queso crema,663.6,237,Massachusetts
02/06/2024,Yogur natural,591.5,169,Florida
04/03/2024,Yogur natural,662.0,662,Massachusetts
20/12/2024,Crema de leche,3959.39,661,California
17/02/2024,Yogur con frutas,1148.4,957,California
26/12/2024,Mantequilla con sal,3112.0,778,Nueva York
11/10/2024,Cuajada,1907.4,867,Nueva York
07/08/2024,Leche entera,329.25,439,Florida
12/09/2024,Mantequilla clarificada (ghee),1541.0,268,Massachusetts
07/07/2024,Mantequilla clarificada (ghee),4657.5,810,California
07/10/2024,Leche semidescremada,292.8,244,Nueva York
16/01/2024,Mantequilla sin sal,3876.6,923,Florida
17/05/2024,Mantequilla sin sal,3439.8,819,Nueva York
03/06/2024,Bebidas lácteas,1584.0,792,Nueva York
25/09/2024,Queso cheddar añejo,2735.0,547,California
27/01/2024,Queso havarti,1065.75,203,California
09/11/2024,Kumis,1117.5,447,California
25/07/2024,Mantequilla con sal,144.0,36,Florida
10/01/2024,Queso ricota,2124.0,531,Nueva York
08/05/2024,Cuajada,2114.2,961,California
16/09/2024,Yogur natural,490.0,490,Massachusetts
26/07/2024,Mantequilla con sal,1072.0,268,Nueva York
10/05/2024,Queso gruyere,2788.5,507,Florida
21/07/2024,Leche deslactosada,658.75,775,Nueva York
28/07/2024,Bebidas lácteas,178.8,149,Nueva York
10/07/2024,Crema de leche,1641.26,274,Nueva York
07/05/2024,Yogur con frutas,423.6,353,Massachusetts
25/06/2024,Queso edam,185.25,39,Texas
07/07/2024,Helado,2630.75,619,Florida
20/05/2024,Queso camembert,348.0,58,Florida
08/01/2024,Cuajada,1819.4,827,Texas
25/07/2024,Yogur con frutas,1034.4,862,Nueva York
13/02/2024,Suero de leche,62.0,31,California
14/09/2024,Leche descremada,1001.65,871,Florida
26/01/2024,Yogur griego,102.0,68,California
17/05/2024,Dulce de leche,2322.0,774,Massachusetts
23/10/2024,Queso edam,1686.25,355,Florida
30/03/2024,Yogur griego,1270.5,847,Texas
26/11/2024,Helado,3854.75,907,Texas
18/04/2024,Suero de leche,1518.0,759,Texas
15/03/2024,Queso edam,1315.75,277,Texas
18/02/2024,Helado,1221.0,814,Nueva York
11/01/2024,Suero de leche,580.0,290,Nueva York
06/10/2024,Crema de leche,4222.95,705,Texas
09/09/2024,Leche descremada,722.2,628,Nueva York
14/11/2024,Queso crema,1601.6,572,Massachusetts
26/08/2024,Queso para untar,1734.4,542,Texas
16/12/2024,Kumis,1855.0,742,Massachusetts
15/02/2024,Yogur natural,826.0,826,California
04/07/2024,Leche deslactosada,234.0,180,Florida
24/07/2024,Bebidas lácteas,876.0,438,Texas
25/12/2024,Suero de leche,1782.0,891,Massachusetts
20/07/2024,Leche entera,2121.0,606,Florida
21/01/2024,Queso brie,2496.0,416,Florida
10/04/2024,Yogur griego,384.0,256,California
26/11/2024,Leche evaporada,487.6,212,Massachusetts
10/02/2024,Suero de leche,932.0,466,Nueva York
28/12/2024,Helado,1130.5,266,Florida
05/01/2024,Dulce de leche,81.0,27,California
02/03/2024,Yogur griego,418.5,279,Florida
29/12/2024,Kumis,1512.5,605,Florida
21/05/2024,Mantequilla con sal,1028.0,257,Texas
01/06/2024,Bebidas lácteas,134.4,112,Texas
22/01/2024,Yogur natural,751.0,751,Florida
15/02/2024,Mantequilla clarificada (ghee),2213.75,385,Texas
21/05/2024,Mantequilla clarificada (ghee),471.5,82,Nueva York
15/04/2024,Crema agria,840.0,336,Massachusetts
10/06/2024,Crema agria,1037.5,415,Texas
10/07/2024,Kumis,502.5,201,California
26/03/2024,Mantequilla con sal,2972.0,743,Nueva York
25/05/2024,Mantequilla con sal,3816.0,954,Texas
25/06/2024,Mantequilla clarificada (ghee),1759.5,306,Massachusetts
04/10/2024,Leche descremada,176.8,272,Texas
12/11/2024,Yogur griego,1467.0,978,California
30/06/2024,Queso azul roquefort,2693.75,431,Massachusetts
04/10/2024,Cuajada,871.2,396,Texas
30/09/2024,Mantequilla con sal,3160.0,790,Texas
03/08/2024,Leche evaporada,650.9,283,Nueva York
07/12/2024,Leche en polvo,2259.0,753,Massachusetts
02/06/2024,Crema batida,573.75,153,California
07/06/2024,Queso ricota,2652.0,663,Texas
23/05/2024,Queso camembert,4434.0,739,California
12/07/2024,Bebidas lácteas,1047.6,873,Florida
04/10/2024,Queso parmesano,3441.6,717,Nueva York
11/11/2024,Queso ricota,1500.0,375,Texas
12/02/2024,Leche condensada,1250.0,500,Nueva York
15/05/2024,Kumis,1802.5,721,Massachusetts
25/10/2024,Kumis,105.0,42,California
04/04/2024,Yogur griego,1495.5,997,Nueva York
22/06/2024,Dulce de leche,234.0,78,Texas
27/10/2024,Leche saborizada,723.0,723,Texas
02/11/2024,Queso azul gorgonzola,966.0,161,Massachusetts
18/12/2024,Yogur con frutas,193.2,161,California
20/02/2024,Crema de leche,1245.92,208,California
27/07/2024,Suero de leche,1320.0,660,Massachusetts
28/05/2024,Dulce de leche,1887.0,629,Massachusetts
02/12/2024,Queso gouda,2983.5,663,Florida
28/09/2024,Mantequilla con sal,352.0,88,Massachusetts
05/03/2024,Cuajada,781.0,355,Nueva York
24/07/2024,Cuajada,1144.0,520,California
04/07/2024,Yogur natural,1092.0,312,Massachusetts
29/07/2024,Queso edam,1719.5,362,Nueva York
30/07/2024,Yogur natural,159.0,159,California
06/01/2024,Yogur natural,877.0,877,Florida
05/06/2024,Leche descremada,284.7,438,California
06/03/2024,Leche saborizada,366.0,244,California
28/01/2024,Suero de leche,1328.0,664,Texas
03/03/2024,Queso camembert,3240.0,540,Nueva York
15/05/2024,Crema batida,2763.75,737,California
30/10/2024,Queso gouda,3766.5,837,Nueva York
16/06/2024,Queso en lonchas,2675.2,704,Massachusetts
17/05/2024,Leche deslactosada,657.05,773,Texas
09/06/2024,Yogur con frutas,750.0,625,Texas
23/07/2024,Leche en polvo,2880.0,960,Nueva York
09/10/2024,Crema batida,1968.75,525,California
11/02/2024,Crema de leche,5432.93,907,Massachusetts
15/08/2024,Leche deslactosada,776.05,913,Texas
01/02/2024,Queso parmesano,1089.6,227,Texas
05/01/2024,Mantequilla clarificada (ghee),5715.5,994,Florida
27/09/2024,Dulce de leche,2499.0,833,Massachusetts
16/03/2024,Mantequilla sin sal,168.0,40,Texas
08/05/2024,Helado,268.5,179,California
01/10/2024,Kumis,1145.0,458,California
22/03/2024,Helado,2898.5,682,Texas
05/06/2024,Queso para untar,2448.0,765,Massachusetts
03/11/2024,Queso gruyere,3855.5,701,Massachusetts
14/04/2024,Crema agria,2062.5,825,Massachusetts
14/11/2024,Leche descremada,70.2,108,Florida
22/09/2024,Queso mozzarella,892.5,238,Texas
29/06/2024,Queso ricota,792.0,198,Nueva York
28/04/2024,Queso mozzarella,2790.0,744,California
02/05/2024,Suero de leche,1394.0,697,Nueva York
13/09/2024,Queso blanco,4050.0,810,Florida
03/06/2024,Queso ricota,3980.0,995,Massachusetts
03/12/2024,Queso crema,1416.8,506,Texas
15/03/2024,Yogur griego,1006.5,671,Nueva York
30/11/2024,Mantequilla clarificada (ghee),3087.75,537,Nueva York
11/07/2024,Suero de leche,1140.0,570,Massachusetts
13/02/2024,Crema batida,1695.0,452,California
26/10/2024,Leche entera,55.0,44,Massachusetts
26/10/2024,Mantequilla sin sal,2931.6,698,Nueva York
10/05/2024,Mantequilla con sal,1524.0,381,Florida
20/03/2024,Kumis,652.5,261,Texas
01/07/2024,Mantequilla clarificada (ghee),5192.25,903,Nueva York
30/09/2024,Crema batida,2598.75,693,California
10/12/2024,Queso edam,4555.25,959,Nueva York
12/01/2024,Yogur natural,248.0,248,Massachusetts
30/08/2024,Leche en polvo,3421.0,622,Massachusetts
02/02/2024,Cuajada,503.8,229,Florida
22/03/2024,Crema batida,1762.5,470,Florida
16/12/2024,Crema batida,2632.5,702,Nueva York
16/08/2024,Queso crema,896.0,320,Massachusetts
09/08/2024,Dulce de leche,96.0,32,Texas
10/01/2024,Mantequilla sin sal,1407.0,335,Texas
17/11/2024,Leche entera,156.75,209,Texas
22/12/2024,Mantequilla sin sal,2830.8,674,Florida
10/02/2024,Queso blanco,215.0,43,Massachusetts
13/07/2024,Yogur natural,607.0,607,California
11/07/2024,Queso crema,324.8,116,Nueva York
07/07/2024,Leche entera,1235.5,353,Texas
20/05/2024,Crema de leche,5846.24,976,Nueva York
25/07/2024,Mantequilla clarificada (ghee),4255.0,740,Florida
14/12/2024,Mantequilla clarificada (ghee),1564.0,272,Texas
06/11/2024,Queso gruyere,3465.0,630,Nueva York
03/09/2024,Queso gouda,1053.0,234,Massachusetts
15/07/2024,Leche entera,425.25,567,Nueva York
17/04/2024,Helado,1473.0,982,Nueva York
15/11/2024,Kumis,910.0,364,California
21/01/2024,Leche descremada,1039.6,904,California
05/01/2024,Mantequilla clarificada (ghee),5376.25,935,California
29/03/2024,Mantequilla clarificada (ghee),2058.5,358,Massachusetts
19/10/2024,Kumis,530.0,212,Texas
06/11/2024,Mantequilla con sal,552.0,138,Texas
01/09/2024,Crema agria,520.0,208,Massachusetts
20/01/2024,Mantequilla clarificada (ghee),2167.75,377,Florida
09/07/2024,Mantequilla clarificada (ghee),3973.25,691,Nueva York
12/01/2024,Suero de leche,542.0,271,California
22/06/2024,Queso en lonchas,292.6,77,Massachusetts
02/10/2024,Queso gruyere,407.0,74,Florida
17/02/2024,Queso mozzarella,3060.0,816,California
12/10/2024,Queso camembert,5232.0,872,Nueva York
05/07/2024,Queso ricota,3616.0,904,Florida
17/11/2024,Crema batida,3045.0,812,Texas
08/10/2024,Leche evaporada,209.3,91,California
09/05/2024,Yogur natural,440.0,440,Florida
11/01/2024,Yogur con frutas,1071.6,893,Florida
01/12/2024,Mantequilla clarificada (ghee),948.75,165,Florida
16/11/2024,Mantequilla clarificada (ghee),4358.5,758,Florida
06/08/2024,Kumis,385.0,154,California
15/09/2024,Leche descremada,48.75,75,Nueva York
09/01/2024,Mantequilla sin sal,2637.6,628,Massachusetts
30/12/2024,Queso havarti,2451.75,467,Florida
08/07/2024,Leche semidescremada,720.0,600,Florida
25/05/2024,Mantequilla sin sal,600.6,143,California
12/02/2024,Mantequilla sin sal,701.4,167,Nueva York
02/02/2024,Suero de leche,1502.0,751,Texas
16/07/2024,Yogur griego,912.0,608,Texas
14/09/2024,Queso crema,246.4,88,California
17/08/2024,Mantequilla sin sal,1990.8,474,Nueva York
17/01/2024,Mantequilla sin sal,2998.8,714,Florida
14/12/2024,Kumis,850.0,340,Massachusetts
30/07/2024,Suero de leche,652.0,326,Nueva York
18/11/2024,Crema de leche,5528.77,923,Nueva York
27/12/2024,Queso parmesano,3825.6,797,Florida
20/02/2024,Mantequilla clarificada (ghee),3973.25,691,Florida
16/01/2024,Crema de leche,2587.68,432,Nueva York
12/07/2024,Leche descremada,431.6,664,Texas
12/12/2024,Crema de leche,4276.86,714,California
18/01/2024,Queso blanco,3835.0,767,Texas
21/04/2024,Suero de leche,1234.0,617,Florida
10/05/2024,Kumis,1412.5,565,Texas
04/05/2024,Bebidas lácteas,922.0,461,Florida
20/06/2024,Queso crema,1761.2,629,Florida
21/06/2024,Leche en polvo,51.0,17,Florida
30/01/2024,Queso azul gorgonzola,4548.0,758,Nueva York
08/10/2024,Bebidas lácteas,1870.0,935,Nueva York
27/04/2024,Queso azul gorgonzola,1314.0,219,California
01/09/2024,Leche saborizada,306.0,204,Texas
06/11/2024,Leche semidescremada,237.3,339,Massachusetts
01/07/2024,Leche en polvo,3921.5,713,Nueva York
27/08/2024,Queso havarti,4068.75,775,Nueva York
19/05/2024,Mantequilla sin sal,1549.8,369,Nueva York
16/02/2024,Leche saborizada,864.0,576,California
28/09/2024,Crema agria,2200.0,880,Massachusetts
09/05/2024,Queso crema,450.8,161,Florida
10/12/2024,Leche evaporada,485.3,211,Texas
26/05/2024,Helado,93.5,22,California
12/08/2024,Leche semidescremada,724.8,604,Nueva York
22/03/2024,Crema de leche,2533.77,423,California
30/08/2024,Mantequilla sin sal,3431.4,817,Nueva York
25/01/2024,Leche en polvo,5417.5,985,California
08/04/2024,Queso gruyere,5016.0,912,Florida
03/03/2024,Yogur natural,218.0,218,Florida
09/09/2024,Mantequilla con sal,3480.0,870,Texas
18/06/2024,Suero de leche,360.0,180,Florida
21/06/2024,Queso havarti,5108.25,973,Massachusetts
29/04/2024,Queso cheddar añejo,3375.0,675,Nueva York
19/09/2024,Bebidas lácteas,716.4,597,Nueva York
26/12/2024,Yogur griego,910.5,607,California
31/05/2024,Yogur con frutas,519.6,433,Nueva York
13/10/2024,Helado,165.0,110,Florida
06/02/2024,Mantequilla con sal,500.0,125,California
03/04/2024,Leche deslactosada,199.75,235,Massachusetts
24/11/2024,Yogur con frutas,1064.4,887,Massachusetts
19/09/2024,Mantequilla con sal,1424.0,356,Massachusetts
31/07/2024,Queso ricota,1820.0,455,Massachusetts
09/01/2024,Crema batida,3348.75,893,Nueva York
05/01/2024,Queso cheddar añejo,1805.0,361,Massachusetts
22/01/2024,Leche en polvo,438.0,146,Florida
09/07/2024,Queso camembert,930.0,155,Nueva York
20/08/2024,Mantequilla clarificada (ghee),3570.75,621,California
03/03/2024,Dulce de leche,1116.0,372,Nueva York
29/04/2024,Cuajada,1346.4,612,Massachusetts
12/09/2024,Yogur natural,2824.5,807,Massachusetts
08/03/2024,Suero de leche,1120.0,560,Texas
27/03/2024,Kumis,1360.0,544,Massachusetts
14/02/2024,Dulce de leche,2238.0,746,Texas
20/12/2024,Mantequilla clarificada (ghee),3513.25,611,California
13/11/2024,Mantequilla con sal,2144.0,536,California
12/01/2024,Cuajada,930.6,423,Nueva York
13/03/2024,Suero de leche,1000.0,500,Florida
13/01/2024,Mantequilla clarificada (ghee),4818.5,838,Massachusetts
08/02/2024,Queso en lonchas,1774.6,467,Florida
16/10/2024,Queso crema,2228.8,796,Texas
29/03/2024,Crema agria,1845.0,738,Florida
21/02/2024,Leche saborizada,182.0,182,Massachusetts
30/09/2024,Leche condensada,932.5,373,California
03/10/2024,Leche descremada,346.15,301,California
13/05/2024,Crema de leche,65.89,11,Nueva York
17/02/2024,Yogur con frutas,194.4,162,Massachusetts
16/01/2024,Queso blanco,2860.0,572,Texas
13/03/2024,Kumis,2100.0,840,Massachusetts
20/04/2024,Queso crema,1094.8,391,Massachusetts
10/05/2024,Mantequilla sin sal,2184.0,520,Massachusetts
09/08/2024,Suero de leche,476.0,238,Nueva York
15/12/2024,Mantequilla con sal,3508.0,877,Florida
27/04/2024,Queso crema,1055.6,377,Florida
08/07/2024,Mantequilla clarificada (ghee),2748.5,478,Florida
16/07/2024,Mantequilla con sal,1336.0,334,Nueva York
16/12/2024,Crema de leche,167.72,28,Massachusetts
03/04/2024,Helado,16.5,11,Massachusetts
12/10/2024,Helado,1385.5,326,Florida
20/01/2024,Helado,80.75,19,Florida
16/03/2024,Cuajada,770.0,350,California
09/12/2024,Queso azul gorgonzola,2484.0,414,Massachusetts
12/12/2024,Dulce de leche,2373.0,791,Nueva York
06/05/2024,Crema agria,1145.0,458,Florida
30/04/2024,Helado,4165.0,980,Nueva York
14/05/2024,Mantequilla sin sal,1373.4,327,Nueva York
24/02/2024,Mantequilla clarificada (ghee),1799.75,313,Nueva York
26/09/2024,Crema de leche,1425.62,238,California
20/04/2024,Queso en lonchas,2770.2,729,Massachusetts
22/08/2024,Queso ricota,3648.0,912,Nueva York
12/01/2024,Leche deslactosada,598.4,704,Nueva York
04/04/2024,Bebidas lácteas,190.8,159,Texas
23/08/2024,Crema agria,2030.0,812,Nueva York
08/09/2024,Crema agria,1212.5,485,Texas
12/01/2024,Leche entera,250.0,200,Texas
26/01/2024,Helado,3183.25,749,Massachusetts
14/10/2024,Dulce de leche,1584.0,528,California
11/02/2024,Helado,4097.0,964,Texas
14/02/2024,Mantequilla clarificada (ghee),5129.0,892,Nueva York
28/08/2024,Crema batida,2516.25,671,Nueva York
12/11/2024,Yogur con frutas,1006.8,839,Massachusetts
14/05/2024,Yogur con frutas,1047.6,873,Texas
10/04/2024,Yogur natural,568.0,568,California
26/08/2024,Leche condensada,285.0,114,Massachusetts
15/04/2024,Yogur natural,3377.5,965,California
28/07/2024,Leche en polvo,912.0,304,Nueva York
25/01/2024,Mantequilla clarificada (ghee),2593.25,451,Massachusetts
17/04/2024,Leche deslactosada,607.75,715,Texas
16/12/2024,Yogur griego,367.5,245,Texas
13/04/2024,Crema batida,3093.75,825,Texas
19/11/2024,Leche evaporada,1688.2,734,Nueva York
28/07/2024,Crema agria,220.0,88,Massachusetts
09/08/2024,Leche semidescremada,624.4,892,Massachusetts
20/04/2024,Queso crema,2746.8,981,Florida
17/01/2024,Queso ricota,2484.0,621,California
05/03/2024,Crema agria,2425.0,970,Texas
27/12/2024,Cuajada,981.2,446,California
29/09/2024,Mantequilla clarificada (ghee),2754.25,479,California
07/12/2024,Yogur natural,30.0,30,Florida
04/03/2024,Mantequilla con sal,1264.0,316,Massachusetts
02/01/2024,Queso crema,501.2,179,Massachusetts
10/02/2024,Mantequilla sin sal,3708.6,883,Texas
29/06/2024,Dulce de leche,2835.0,945,California
14/01/2024,Queso camembert,1140.0,190,Florida
29/01/2024,Kumis,2375.0,950,California
13/06/2024,Leche entera,462.0,132,Nueva York
29/03/2024,Suero de leche,244.0,122,Texas
04/03/2024,Yogur natural,1211.0,346,Texas
17/02/2024,Mantequilla sin sal,2482.2,591,Florida
09/01/2024,Leche en polvo,3080.0,560,California
13/04/2024,Mantequilla con sal,964.0,241,Texas
23/10/2024,Leche semidescremada,273.0,390,Nueva York
25/11/2024,Queso mozzarella,213.75,57,Texas
12/07/2024,Yogur griego,720.0,480,Florida
14/08/2024,Mantequilla clarificada (ghee),1983.75,345,Florida
14/06/2024,Leche saborizada,940.5,627,Massachusetts
27/01/2024,Leche semidescremada,508.9,727,California
16/09/2024,Queso en lonchas,2375.0,625,Nueva York
06/10/2024,Crema batida,1046.25,279,California
27/04/2024,Mantequilla clarificada (ghee),1972.25,343,Nueva York
31/08/2024,Mantequilla sin sal,2074.8,494,Florida
16/08/2024,Yogur natural,633.5,181,Nueva York
01/02/2024,Queso gouda,4018.5,893,Texas
30/12/2024,Crema de leche,3599.99,601,Texas
14/06/2024,Yogur con frutas,644.4,537,Massachusetts
09/12/2024,Crema agria,1167.5,467,Florida
06/05/2024,Mantequilla sin sal,243.6,58,California
22/08/2024,Crema agria,1550.0,620,Massachusetts
04/09/2024,Mantequilla con sal,924.0,231,California
04/01/2024,Queso crema,680.4,243,Nueva York
27/06/2024,Leche semidescremada,348.0,290,Nueva York
06/01/2024,Kumis,1017.5,407,Nueva York
07/04/2024,Bebidas lácteas,231.6,193,Texas
04/09/2024,Helado,1887.0,444,Nueva York
02/08/2024,Suero de leche,716.0,358,Florida
12/05/2024,Leche deslactosada,817.7,629,Texas
12/04/2024,Mantequilla con sal,532.0,133,Massachusetts
06/07/2024,Queso edam,650.75,137,Texas
17/08/2024,Mantequilla con sal,2444.0,611,Massachusetts
24/11/2024,Helado,1309.5,873,Florida
06/12/2024,Queso edam,2622.0,552,Nueva York
08/01/2024,Crema batida,3337.5,890,California
18/08/2024,Kumis,1915.0,766,California
01/10/2024,Mantequilla sin sal,978.6,233,Nueva York
11/02/2024,Queso crema,28.0,10,California
23/06/2024,Cuajada,184.8,84,California
14/12/2024,Helado,446.25,105,Florida
17/02/2024,Queso azul gorgonzola,4938.0,823,California
16/02/2024,Leche semidescremada,730.8,609,Texas
17/11/2024,Mantequilla con sal,1292.0,323,Nueva York
27/11/2024,Yogur con frutas,860.4,717,Florida
19/06/2024,Queso en lonchas,64.6,17,Florida
29/06/2024,Mantequilla sin sal,1297.8,309,Nueva York
11/04/2024,Mantequilla con sal,3476.0,869,Texas
15/03/2024,Mantequilla sin sal,982.8,234,Massachusetts
10/06/2024,Mantequilla sin sal,966.0,230,Massachusetts
02/02/2024,Queso cheddar añejo,205.0,41,Nueva York
11/08/2024,Suero de leche,472.0,236,Florida
12/12/2024,Queso mozzarella,3108.75,829,Florida
09/03/2024,Queso gouda,3802.5,845,Florida
12/04/2024,Mantequilla clarificada (ghee),1086.75,189,Massachusetts
17/10/2024,Yogur natural,831.0,831,Florida
27/02/2024,Queso cheddar añejo,290.0,58,California
16/05/2024,Dulce de leche,1377.0,459,Massachusetts
14/03/2024,Queso azul gorgonzola,5364.0,894,Texas
14/05/2024,Queso edam,3671.75,773,California
17/06/2024,Helado,1389.0,926,Nueva York
04/01/2024,Helado,669.0,446,California
21/07/2024,Suero de leche,784.0,392,California
25/08/2024,Mantequilla con sal,2404.0,601,Nueva York
29/02/2024,Crema de leche,2497.83,417,California
28/03/2024,Leche evaporada,874.0,380,Texas
25/08/2024,Yogur con frutas,560.4,467,California
25/01/2024,Suero de leche,898.0,449,Texas
16/10/2024,Mantequilla con sal,420.0,105,Florida
06/05/2024,Yogur natural,673.0,673,Texas
22/10/2024,Kumis,1267.5,507,Texas
03/12/2024,Leche entera,656.25,525,Nueva York
26/03/2024,Leche saborizada,1005.0,670,Florida
19/06/2024,Bebidas lácteas,1320.0,660,Texas
07/03/2024,Leche saborizada,336.0,224,Massachusetts
17/05/2024,Yogur griego,19.5,13,Massachusetts
17/02/2024,Crema de leche,3216.63,537,Florida
10/11/2024,Leche entera,3269.0,934,Florida
12/09/2024,Leche evaporada,1796.3,781,Florida
27/09/2024,Yogur griego,432.0,288,Massachusetts
27/11/2024,Queso gruyere,3360.5,611,Nueva York
28/05/2024,Crema agria,1247.5,499,Florida
18/04/2024,Helado,884.0,208,Texas
11/10/2024,Queso ricota,3832.0,958,Texas
17/12/2024,Mantequilla sin sal,4099.2,976,Florida
10/11/2024,Crema agria,202.5,81,Texas
23/06/2024,Yogur griego,1273.5,849,California
07/01/2024,Queso crema,1878.8,671,Florida
26/11/2024,Queso en lonchas,3667.0,965,Massachusetts
02/04/2024,Bebidas lácteas,1182.0,985,Nueva York
17/08/2024,Helado,1636.25,385,Massachusetts
02/11/2024,Mantequilla sin sal,2095.8,499,California
12/11/2024,Crema batida,963.75,257,Texas
29/09/2024,Queso gruyere,4394.5,799,Florida
25/11/2024,Mantequilla con sal,2464.0,616,Texas
16/01/2024,Leche deslactosada,923.0,710,Nueva York
18/04/2024,Queso crema,92.4,33,Florida
05/01/2024,Kumis,2005.0,802,Texas
02/03/2024,Crema agria,1825.0,730,Nueva York
28/01/2024,Queso blanco,3195.0,639,Texas
16/02/2024,Mantequilla clarificada (ghee),1046.5,182,California
29/04/2024,Crema agria,247.5,99,Texas
03/10/2024,Mantequilla sin sal,1260.0,300,Nueva York
20/02/2024,Queso edam,1325.25,279,California
09/09/2024,Dulce de leche,492.0,164,Massachusetts
21/08/2024,Leche en polvo,984.0,328,Texas
29/02/2024,Cuajada,347.6,158,Massachusetts
10/10/2024,Queso mozzarella,1511.25,403,Nueva York
26/01/2024,Crema batida,3431.25,915,Massachusetts
08/06/2024,Mantequilla sin sal,1818.6,433,Texas
30/03/2024,Mantequilla sin sal,3515.4,837,Massachusetts
22/12/2024,Mantequilla clarificada (ghee),1069.5,186,Massachusetts
24/02/2024,Dulce de leche,648.0,216,Texas
30/04/2024,Yogur griego,996.0,664,Massachusetts
06/05/2024,Bebidas lácteas,895.2,746,Nueva York
23/07/2024,Mantequilla clarificada (ghee),4916.25,855,Massachusetts
18/06/2024,Queso crema,417.2,149,Texas
26/01/2024,Mantequilla clarificada (ghee),575.0,100,Nueva York
14/07/2024,Yogur con frutas,204.0,170,Texas
16/12/2024,Crema de leche,5744.41,959,Massachusetts
18/11/2024,Leche descremada,356.85,549,Nueva York
17/01/2024,Queso parmesano,657.6,137,Massachusetts
11/05/2024,Kumis,2027.5,811,Nueva York
29/12/2024,Leche saborizada,691.0,691,Massachusetts
05/10/2024,Yogur con frutas,352.8,294,Texas
09/04/2024,Queso mozzarella,3566.25,951,Florida
29/12/2024,Crema agria,1937.5,775,Nueva York
14/12/2024,Mantequilla con sal,660.0,165,Nueva York
20/10/2024,Yogur griego,501.0,334,California
25/05/2024,Yogur con frutas,96.0,80,Texas
12/09/2024,Queso parmesano,196.8,41,Nueva York
11/08/2024,Cuajada,1863.4,847,Florida
23/02/2024,Queso mozzarella,1582.5,422,Massachusetts
22/06/2024,Leche condensada,40.0,16,Nueva York
17/01/2024,Mantequilla sin sal,1990.8,474,Florida
18/06/2024,Yogur natural,2838.5,811,Massachusetts
07/01/2024,Mantequilla clarificada (ghee),3450.0,600,Texas
09/07/2024,Crema agria,1262.5,505,California
10/10/2024,Crema batida,225.0,60,Nueva York
12/01/2024,Queso crema,2058.0,735,Nueva York
26/04/2024,Bebidas lácteas,1734.0,867,California
17/02/2024,Queso en lonchas,1706.2,449,Florida
15/10/2024,Leche descremada,389.35,599,Massachusetts
08/09/2024,Mantequilla con sal,992.0,248,Nueva York
22/07/2024,Yogur griego,1170.0,780,Nueva York
24/08/2024,Queso havarti,3291.75,627,California
20/09/2024,Crema batida,1698.75,453,California
13/10/2024,Queso ricota,3544.0,886,California
27/10/2024,Helado,135.0,90,Florida
20/07/2024,Queso mozzarella,2625.0,700,Florida
30/12/2024,Dulce de leche,1149.0,383,Florida
19/08/2024,Mantequilla con sal,1144.0,286,California
09/06/2024,Crema batida,2880.0,768,California
24/03/2024,Crema de leche,2324.12,388,California
15/07/2024,Queso azul gorgonzola,5418.0,903,Texas
05/07/2024,Mantequilla con sal,1868.0,467,Massachusetts
15/03/2024,Leche en polvo,929.5,169,Massachusetts
26/09/2024,Crema de leche,4803.98,802,California
05/07/2024,Suero de leche,1692.0,846,Nueva York
02/12/2024,Queso para untar,2969.6,928,California
29/07/2024,Mantequilla con sal,512.0,128,Nueva York
13/01/2024,Yogur natural,758.0,758,California
29/12/2024,Yogur griego,310.5,207,Nueva York
07/11/2024,Kumis,1160.0,464,Florida
14/07/2024,Leche condensada,855.0,342,Texas
27/01/2024,Leche evaporada,1428.3,621,Florida
11/10/2024,Queso parmesano,105.6,22,Nueva York
09/07/2024,Queso crema,1691.2,604,Florida
04/09/2024,Leche condensada,1310.0,524,Nueva York
07/06/2024,Leche descremada,819.95,713,California
30/12/2024,Leche saborizada,1119.0,746,Nueva York
20/04/2024,Leche evaporada,775.1,337,California
04/06/2024,Dulce de leche,1323.0,441,California
22/07/2024,Helado,1126.25,265,Texas
31/08/2024,Mantequilla sin sal,2692.2,641,Nueva York
08/05/2024,Leche evaporada,754.4,328,California
27/09/2024,Yogur con frutas,558.0,465,Texas
25/02/2024,Yogur con frutas,92.4,77,Massachusetts
24/08/2024,Helado,4122.5,970,Texas
01/02/2024,Yogur con frutas,895.2,746,California
06/10/2024,Mantequilla sin sal,2604.0,620,California
12/02/2024,Leche en polvo,5335.0,970,Texas
21/03/2024,Queso blanco,2475.0,495,Massachusetts
09/01/2024,Leche condensada,305.0,122,Florida
10/09/2024,Helado,1538.5,362,Nueva York
10/12/2024,Crema de leche,4019.29,671,Texas
10/01/2024,Yogur natural,505.0,505,California
31/01/2024,Queso edam,2698.0,568,California
27/07/2024,Mantequilla con sal,2736.0,684,Texas
23/12/2024,Leche deslactosada,867.1,667,Texas
19/03/2024,Leche entera,2124.5,607,California
29/11/2024,Crema batida,3446.25,919,Florida
20/09/2024,Crema agria,482.5,193,Florida
06/12/2024,Crema agria,1950.0,780,California
05/12/2024,Dulce de leche,2892.0,964,Nueva York
30/07/2024,Kumis,390.0,156,Nueva York
29/03/2024,Crema de leche,4803.98,802,Massachusetts
21/04/2024,Queso crema,2234.4,798,Nueva York
01/05/2024,Queso ricota,568.0,142,Texas
29/05/2024,Crema de leche,1820.96,304,California
18/03/2024,Mantequilla clarificada (ghee),2380.5,414,Texas
27/01/2024,Cuajada,316.8,144,Florida
02/07/2024,Yogur con frutas,864.0,720,Nueva York
29/09/2024,Leche evaporada,246.1,107,Massachusetts
21/08/2024,Crema agria,1147.5,459,California
23/05/2024,Leche condensada,1382.5,553,California
06/04/2024,Queso azul gorgonzola,5610.0,935,Texas
22/11/2024,Leche entera,2191.0,626,Massachusetts
06/05/2024,Bebidas lácteas,1162.8,969,Texas
06/08/2024,Queso blanco,2400.0,480,Texas
24/04/2024,Leche condensada,1005.0,402,California
19/10/2024,Yogur griego,1207.5,805,Nueva York
29/02/2024,Queso cheddar añejo,4735.0,947,Nueva York
13/05/2024,Mantequilla sin sal,231.0,55,California
10/10/2024,Helado,1002.0,668,Florida
28/04/2024,Crema agria,1752.5,701,Nueva York
09/10/2024,Queso camembert,1296.0,216,Florida
30/04/2024,Yogur con frutas,922.8,769,California
19/05/2024,Queso camembert,3918.0,653,Florida
09/01/2024,Crema batida,1406.25,375,Nueva York
19/08/2024,Leche condensada,2270.0,908,Texas
19/12/2024,Leche saborizada,823.5,549,Florida
09/05/2024,Queso camembert,4170.0,695,California
14/05/2024,Crema de leche,5900.15,985,Florida
10/05/2024,Dulce de leche,2133.0,711,Texas
13/02/2024,Dulce de leche,1086.0,362,Massachusetts
10/07/2024,Queso ricota,2532.0,633,California
28/10/2024,Queso mozzarella,1473.75,393,Nueva York
08/07/2024,Mantequilla sin sal,2200.8,524,Florida
14/06/2024,Yogur natural,322.0,322,Nueva York
24/03/2024,Mantequilla sin sal,1251.6,298,Texas
23/12/2024,Cuajada,673.2,306,Nueva York
20/10/2024,Mantequilla con sal,3964.0,991,California
03/10/2024,Dulce de leche,660.0,220,Florida
11/07/2024,Crema batida,3408.75,909,Massachusetts
05/05/2024,Yogur con frutas,674.4,562,Texas
01/02/2024,Yogur con frutas,72.0,60,Nueva York
14/10/2024,Mantequilla clarificada (ghee),322.0,56,Massachusetts
22/12/2024,Leche saborizada,235.5,157,Massachusetts
17/03/2024,Queso crema,2539.6,907,Texas
27/09/2024,Mantequilla sin sal,1743.0,415,Texas
02/11/2024,Leche descremada,54.05,47,Texas
05/05/2024,Queso crema,599.2,214,Texas
25/03/2024,Helado,2350.25,553,Florida
31/01/2024,Mantequilla clarificada (ghee),3881.25,675,Texas
13/03/2024,Queso en lonchas,2071.0,545,Nueva York
10/09/2024,Leche saborizada,715.5,477,Nueva York
23/02/2024,Yogur con frutas,684.0,570,Texas
07/06/2024,Queso cheddar añejo,3760.0,752,Texas
14/02/2024,Queso crema,2200.8,786,Massachusetts
06/11/2024,Mantequilla con sal,864.0,216,California
18/01/2024,Queso camembert,2226.0,371,Massachusetts
08/12/2024,Queso edam,204.25,43,Nueva York
24/10/2024,Yogur con frutas,939.6,783,California
03/12/2024,Suero de leche,1928.0,964,Massachusetts
06/05/2024,Helado,562.5,375,Nueva York
18/03/2024,Queso azul gorgonzola,1614.0,269,Massachusetts
03/09/2024,Crema agria,507.5,203,Massachusetts
25/07/2024,Yogur natural,318.5,91,California
26/11/2024,Mantequilla con sal,740.0,185,Nueva York
15/06/2024,Yogur griego,390.0,260,Nueva York
11/02/2024,Leche evaporada,662.4,288,California
16/08/2024,Queso parmesano,4060.8,846,Massachusetts
11/08/2024,Cuajada,1540.0,700,Nueva York
15/04/2024,Crema de leche,3677.86,614,California
29/06/2024,Mantequilla con sal,2748.0,687,Texas
20/11/2024,Queso gruyere,506.0,92,Nueva York
13/01/2024,Suero de leche,482.0,241,Florida
04/06/2024,Queso gouda,2295.0,510,Nueva York
21/07/2024,Mantequilla con sal,2608.0,652,Texas
13/01/2024,Mantequilla con sal,1252.0,313,California
09/09/2024,Queso para untar,1260.8,394,Massachusetts
24/01/2024,Bebidas lácteas,547.2,456,Massachusetts
25/05/2024,Mantequilla sin sal,2637.6,628,Nueva York
16/08/2024,Suero de leche,1336.0,668,Nueva York
12/07/2024,Queso azul roquefort,5531.25,885,Texas
31/10/2024,Crema agria,830.0,332,Massachusetts
26/12/2024,Queso crema,1629.6,582,Florida
29/01/2024,Mantequilla sin sal,1327.2,316,Texas
17/09/2024,Crema agria,2215.0,886,Nueva York
09/10/2024,Mantequilla clarificada (ghee),1063.75,185,Massachusetts
08/01/2024,Crema batida,2411.25,643,Florida
23/12/2024,Queso mozzarella,1717.5,458,California
31/07/2024,Dulce de leche,2754.0,918,Massachusetts
30/05/2024,Helado,3468.0,816,California
14/12/2024,Queso blanco,2545.0,509,Nueva York
01/06/2024,Crema de leche,3150.74,526,Nueva York
01/03/2024,Queso crema,915.6,327,Texas
22/10/2024,Crema batida,2051.25,547,Florida
12/03/2024,Queso gruyere,5252.5,955,Massachusetts
21/11/2024,Queso crema,806.4,288,Massachusetts
23/05/2024,Leche condensada,1757.5,703,Florida
07/01/2024,Mantequilla clarificada (ghee),3892.75,677,Massachusetts
02/03/2024,Dulce de leche,2964.0,988,Massachusetts
06/02/2024,Yogur con frutas,202.8,169,Nueva York
03/02/2024,Cuajada,1705.0,775,Nueva York
17/07/2024,Mantequilla con sal,1508.0,377,California
13/07/2024,Queso azul gorgonzola,1926.0,321,Florida
30/03/2024,Leche en polvo,1166.0,212,Florida
24/09/2024,Queso brie,714.0,119,Massachusetts
25/06/2024,Helado,199.5,133,Florida
20/05/2024,Queso azul gorgonzola,2364.0,394,Nueva York
17/01/2024,Cuajada,1955.8,889,California
17/05/2024,Crema batida,3300.0,880,Nueva York
04/05/2024,Mantequilla con sal,1380.0,345,Texas
18/05/2024,Crema de leche,2461.89,411,California
24/08/2024,Mantequilla con sal,2464.0,616,California
15/04/2024,Crema agria,1017.5,407,Texas
19/02/2024,Yogur griego,208.5,139,Massachusetts
15/11/2024,Helado,745.5,497,Texas
15/06/2024,Kumis,1255.0,502,Florida
27/04/2024,Queso cheddar añejo,4090.0,818,Texas
09/01/2024,Suero de leche,1430.0,715,California
04/09/2024,Mantequilla sin sal,2982.0,710,Texas
15/11/2024,Cuajada,1779.8,809,Texas
05/08/2024,Leche entera,947.5,758,California
14/04/2024,Helado,544.0,128,Massachusetts
31/10/2024,Crema agria,810.0,324,Florida
21/02/2024,Crema de leche,3623.95,605,Texas
02/09/2024,Helado,1725.5,406,Nueva York
26/04/2024,Helado,1657.5,390,California
25/07/2024,Bebidas lácteas,459.6,383,Texas
01/04/2024,Leche evaporada,2277.0,990,Florida
28/06/2024,Leche condensada,780.0,312,Nueva York
08/06/2024,Queso camembert,2358.0,393,Massachusetts
01/05/2024,Queso havarti,404.25,77,Massachusetts
22/03/2024,Crema agria,2137.5,855,Florida
29/07/2024,Mantequilla sin sal,861.0,205,California
21/01/2024,Queso crema,1324.4,473,Texas
11/06/2024,Suero de leche,1950.0,975,California
13/03/2024,Kumis,1175.0,470,Florida
01/03/2024,Mantequilla con sal,2468.0,617,Nueva York
23/07/2024,Yogur natural,353.0,353,Nueva York
24/08/2024,Cuajada,1551.0,705,Florida
29/08/2024,Leche descremada,597.35,919,California
04/09/2024,Yogur griego,144.0,96,Texas
18/09/2024,Crema de leche,1617.3,270,Massachusetts
07/02/2024,Helado,1459.5,973,Nueva York
21/07/2024,Leche en polvo,1914.0,348,Texas
21/09/2024,Dulce de leche,1935.0,645,Texas
06/06/2024,Queso azul gorgonzola,486.0,81,Nueva York
04/01/2024,Leche en polvo,1884.0,628,Texas
11/01/2024,Leche descremada,138.0,120,Massachusetts
27/01/2024,Crema agria,330.0,132,Texas
26/01/2024,Crema de leche,467.22,78,Massachusetts
17/11/2024,Bebidas lácteas,668.0,334,Massachusetts
21/12/2024,Suero de leche,1934.0,967,Texas
02/11/2024,Kumis,1937.5,775,Texas
24/08/2024,Kumis,855.0,342,Texas
05/09/2024,Kumis,1225.0,490,Texas
22/12/2024,Crema de leche,1072.21,179,California
25/10/2024,Dulce de leche,2097.0,699,Massachusetts
13/07/2024,Queso crema,2506.0,895,Nueva York
01/06/2024,Mantequilla sin sal,1570.8,374,Florida
23/08/2024,Queso brie,4626.0,771,Nueva York
09/10/2024,Leche saborizada,109.5,73,Nueva York
28/10/2024,Mantequilla con sal,556.0,139,Florida
01/02/2024,Bebidas lácteas,103.2,86,California
25/09/2024,Leche evaporada,1120.1,487,Massachusetts
23/09/2024,Queso gouda,2115.0,470,California
05/04/2024,Mantequilla sin sal,1709.4,407,Florida
05/12/2024,Crema de leche,1407.65,235,Massachusetts
16/12/2024,Helado,1394.0,328,Massachusetts
23/03/2024,Leche saborizada,763.5,509,California
15/01/2024,Yogur griego,1299.0,866,Nueva York
20/01/2024,Queso parmesano,4497.6,937,Nueva York
08/11/2024,Kumis,1110.0,444,Florida
26/05/2024,Yogur con frutas,328.8,274,Nueva York
17/12/2024,Crema agria,515.0,206,Texas
13/08/2024,Leche en polvo,2418.0,806,Texas
19/03/2024,Dulce de leche,576.0,192,Nueva York
04/02/2024,Queso para untar,1081.6,338,Texas
16/04/2024,Cuajada,484.0,220,Massachusetts
31/08/2024,Leche deslactosada,742.3,571,California
05/01/2024,Crema batida,682.5,182,California
11/07/2024,Yogur griego,747.0,498,Texas
04/10/2024,Helado,3646.5,858,Florida
21/06/2024,Suero de leche,792.0,396,Massachusetts
15/01/2024,Crema de leche,820.63,137,Nueva York
17/06/2024,Queso camembert,5748.0,958,Nueva York
01/06/2024,Yogur con frutas,134.4,112,California
14/11/2024,Mantequilla con sal,2860.0,715,Florida
11/03/2024,Cuajada,708.4,322,Massachusetts
23/11/2024,Queso cheddar añejo,1745.0,349,Nueva York
27/12/2024,Crema agria,1777.5,711,Nueva York
10/12/2024,Kumis,1472.5,589,Nueva York
19/06/2024,Leche evaporada,1948.1,847,Texas
25/05/2024,Queso brie,228.0,38,California
25/07/2024,Yogur natural,80.5,23,Nueva York
14/11/2024,Mantequilla con sal,1364.0,341,Florida
02/10/2024,Leche en polvo,693.0,231,California
11/05/2024,Suero de leche,1658.0,829,Nueva York
14/10/2024,Queso para untar,2377.6,743,Texas
21/04/2024,Leche condensada,572.5,229,Texas
03/07/2024,Crema batida,3506.25,935,Massachusetts
27/09/2024,Crema de leche,1401.66,234,California
01/11/2024,Mantequilla clarificada (ghee),3611.0,628,Florida
20/12/2024,Yogur griego,532.5,355,California
09/08/2024,Yogur con frutas,678.0,565,Texas
14/04/2024,Queso blanco,4445.0,889,Florida
05/12/2024,Dulce de leche,849.0,283,Nueva York
06/08/2024,Queso brie,438.0,73,California
29/02/2024,Queso havarti,2163.0,412,California
02/01/2024,Yogur natural,654.0,654,Massachusetts
12/08/2024,Mantequilla con sal,44.0,11,California
26/08/2024,Crema batida,2261.25,603,Florida
09/04/2024,Yogur con frutas,433.2,361,California
29/10/2024,Queso brie,378.0,63,Florida
17/01/2024,Crema batida,442.5,118,California
15/01/2024,Crema de leche,1144.09,191,Texas
27/03/2024,Leche semidescremada,288.0,240,Florida
24/09/2024,Helado,696.0,464,Massachusetts
04/05/2024,Helado,3582.75,843,Florida
23/11/2024,Leche deslactosada,18.7,22,Nueva York
23/04/2024,Dulce de leche,2121.0,707,California
12/07/2024,Queso edam,2147.0,452,Florida
12/09/2024,Yogur con frutas,1161.6,968,Massachusetts
19/01/2024,Mantequilla con sal,644.0,161,Texas
01/07/2024,Leche descremada,249.55,217,California
18/05/2024,Mantequilla con sal,2992.0,748,Texas
25/04/2024,Kumis,2305.0,922,Nueva York
12/11/2024,Dulce de leche,1983.0,661,California
28/10/2024,Leche semidescremada,486.0,405,Nueva York
08/06/2024,Queso azul roquefort,75.0,12,Nueva York
25/01/2024,Helado,3259.75,767,Texas
16/04/2024,Cuajada,213.4,97,Florida
02/08/2024,Leche semidescremada,49.7,71,California
06/05/2024,Yogur natural,906.5,259,California
20/05/2024,Queso edam,2959.25,623,Massachusetts
13/01/2024,Crema agria,1402.5,561,Florida
13/01/2024,Suero de leche,516.0,258,Massachusetts
03/09/2024,Mantequilla con sal,3964.0,991,Massachusetts
16/09/2024,Leche semidescremada,1083.6,903,Nueva York
19/03/2024,Mantequilla con sal,2520.0,630,Massachusetts
08/10/2024,Kumis,1365.0,546,Massachusetts
30/12/2024,Mantequilla con sal,2652.0,663,Massachusetts
07/05/2024,Queso crema,652.4,233,Texas
15/01/2024,Yogur natural,301.0,86,Nueva York
07/02/2024,Mantequilla sin sal,3406.2,811,Florida
14/12/2024,Cuajada,864.6,393,Texas
25/09/2024,Yogur con frutas,741.6,618,Texas
25/04/2024,Queso crema,926.8,331,Florida
02/07/2024,Helado,298.5,199,Texas
29/02/2024,Cuajada,1804.0,820,Texas
05/01/2024,Cuajada,1705.0,775,Texas
20/10/2024,Mantequilla con sal,3876.0,969,Massachusetts
20/04/2024,Yogur con frutas,987.6,823,Massachusetts
21/02/2024,Mantequilla clarificada (ghee),4278.0,744,Texas
07/04/2024,Crema agria,27.5,11,California
16/05/2024,Crema batida,731.25,195,Texas
05/06/2024,Dulce de leche,1410.0,470,Nueva York
29/11/2024,Mantequilla con sal,268.0,67,Texas
14/10/2024,Yogur natural,3384.5,967,Florida
30/04/2024,Queso havarti,3150.0,600,California
10/09/2024,Queso para untar,150.4,47,Texas
20/10/2024,Yogur natural,591.5,169,California
15/12/2024,Kumis,1295.0,518,Texas
11/04/2024,Helado,120.0,80,Massachusetts
28/05/2024,Crema de leche,1539.43,257,Nueva York
15/08/2024,Kumis,872.5,349,Massachusetts
04/09/2024,Leche en polvo,777.0,259,California
11/07/2024,Queso crema,1789.2,639,Massachusetts
24/05/2024,Queso crema,1584.8,566,Florida
31/10/2024,Crema batida,993.75,265,Massachusetts
03/10/2024,Mantequilla clarificada (ghee),2547.25,443,Texas
23/06/2024,Mantequilla con sal,2204.0,551,Texas
20/03/2024,Leche entera,669.0,892,Florida
24/01/2024,Cuajada,761.2,346,Massachusetts
28/11/2024,Queso mozzarella,832.5,222,Massachusetts
05/09/2024,Yogur natural,735.0,210,Massachusetts
25/05/2024,Leche saborizada,1444.5,963,Texas
09/11/2024,Mantequilla sin sal,2587.2,616,Nueva York
02/11/2024,Mantequilla con sal,44.0,11,Florida
14/06/2024,Mantequilla con sal,3160.0,790,Florida
11/11/2024,Yogur con frutas,400.8,334,Massachusetts
01/03/2024,Mantequilla sin sal,176.4,42,Nueva York
08/08/2024,Helado,324.0,216,Florida
13/07/2024,Leche saborizada,1414.5,943,Texas
09/07/2024,Bebidas lácteas,1596.0,798,California
24/02/2024,Dulce de leche,1920.0,640,California
30/03/2024,Dulce de leche,195.0,65,California
08/04/2024,Yogur con frutas,501.6,418,Massachusetts
12/01/2024,Cuajada,2098.8,954,Florida
18/11/2024,Leche condensada,1837.5,735,Massachusetts
18/04/2024,Helado,1438.5,959,California
08/04/2024,Mantequilla clarificada (ghee),5278.5,918,Massachusetts
27/09/2024,Queso gouda,1530.0,340,Nueva York
30/06/2024,Mantequilla clarificada (ghee),5698.25,991,Nueva York
22/05/2024,Mantequilla sin sal,1184.4,282,Texas
22/07/2024,Queso crema,1344.0,480,Texas
01/07/2024,Suero de leche,1916.0,958,Massachusetts
03/12/2024,Suero de leche,1388.0,694,Florida
04/11/2024,Dulce de leche,1827.0,609,Florida
18/02/2024,Leche evaporada,2297.7,999,Nueva York
19/05/2024,Queso mozzarella,1237.5,330,Nueva York
09/03/2024,Yogur natural,770.0,220,Massachusetts
29/06/2024,Yogur griego,1392.0,928,California
12/11/2024,Leche en polvo,969.0,323,California
29/12/2024,Mantequilla clarificada (ghee),5721.25,995,Florida
28/04/2024,Leche deslactosada,1121.9,863,Florida
27/09/2024,Dulce de leche,1413.0,471,Florida
15/11/2024,Leche entera,533.75,427,California
12/03/2024,Helado,2431.0,572,Florida
11/04/2024,Cuajada,162.8,74,Nueva York
29/04/2024,Queso gouda,405.0,90,Massachusetts
15/03/2024,Queso para untar,2185.6,683,Massachusetts
04/02/2024,Cuajada,1045.0,475,California
02/04/2024,Leche evaporada,315.1,137,Texas
08/09/2024,Queso brie,5670.0,945,Florida
31/07/2024,Crema agria,630.0,252,Nueva York
28/01/2024,Cuajada,1938.2,881,Nueva York
05/06/2024,Crema de leche,4378.69,731,Texas
03/02/2024,Yogur con frutas,514.8,429,California
31/01/2024,Leche entera,2005.5,573,Nueva York
29/03/2024,Leche deslactosada,552.5,425,Texas
31/10/2024,Queso crema,2184.0,780,Massachusetts
08/07/2024,Mantequilla sin sal,3368.4,802,Nueva York
19/03/2024,Suero de leche,674.0,337,Texas
25/10/2024,Leche evaporada,1460.5,635,California
06/06/2024,Crema batida,1042.5,278,California
11/02/2024,Queso havarti,3932.25,749,California
08/05/2024,Mantequilla clarificada (ghee),810.75,141,Massachusetts
08/05/2024,Leche deslactosada,392.6,302,Texas
12/08/2024,Leche condensada,622.5,249,California
15/01/2024,Mantequilla sin sal,630.0,150,Florida
31/07/2024,Kumis,987.5,395,Texas
25/09/2024,Leche deslactosada,202.3,238,California
22/04/2024,Crema de leche,2941.09,491,Nueva York
15/11/2024,Queso gouda,2479.5,551,Texas
08/09/2024,Suero de leche,406.0,203,California
04/12/2024,Queso para untar,2576.0,805,Florida
30/05/2024,Queso brie,4086.0,681,Nueva York
20/01/2024,Crema agria,1747.5,699,Texas
10/11/2024,Queso mozzarella,1458.75,389,Massachusetts
08/09/2024,Yogur con frutas,1180.8,984,Nueva York
28/11/2024,Yogur natural,61.0,61,Texas
17/03/2024,Yogur con frutas,1152.0,960,California
01/03/2024,Leche en polvo,1389.0,463,Nueva York
07/01/2024,Leche semidescremada,615.6,513,Massachusetts
18/12/2024,Queso camembert,5364.0,894,Texas
20/09/2024,Queso cheddar añejo,1820.0,364,Florida
31/01/2024,Leche condensada,597.5,239,Nueva York
23/07/2024,Crema batida,828.75,221,Massachusetts
25/08/2024,Cuajada,1216.6,553,Nueva York
03/08/2024,Leche semidescremada,78.4,112,Florida
24/10/2024,Kumis,1992.5,797,Massachusetts
27/01/2024,Queso camembert,3240.0,540,Massachusetts
18/10/2024,Queso en lonchas,1200.8,316,Nueva York
08/10/2024,Leche deslactosada,1064.7,819,Nueva York
16/05/2024,Leche condensada,1037.5,415,Texas
04/02/2024,Dulce de leche,984.0,328,Nueva York
10/06/2024,Leche en polvo,616.0,112,California
14/06/2024,Queso azul roquefort,4493.75,719,California
25/07/2024,Queso crema,2122.4,758,Nueva York
07/02/2024,Mantequilla clarificada (ghee),4830.0,840,Florida
11/04/2024,Leche saborizada,61.5,41,Nueva York
29/02/2024,Suero de leche,1766.0,883,Massachusetts
26/09/2024,Leche saborizada,758.0,758,California
04/02/2024,Queso parmesano,196.8,41,Nueva York
26/07/2024,Mantequilla clarificada (ghee),1081.0,188,Texas
13/10/2024,Yogur con frutas,422.4,352,Massachusetts
11/06/2024,Helado,153.0,102,California
08/03/2024,Crema batida,3472.5,926,Florida
13/01/2024,Leche condensada,1117.5,447,Texas
24/02/2024,Queso blanco,4635.0,927,Texas
21/01/2024,Yogur con frutas,825.6,688,Texas
29/12/2024,Suero de leche,1572.0,786,California
17/10/2024,Dulce de leche,1197.0,399,Nueva York
10/10/2024,Suero de leche,1428.0,714,Florida
15/11/2024,Crema agria,377.5,151,Massachusetts
14/12/2024,Yogur natural,960.0,960,Nueva York
21/04/2024,Suero de leche,584.0,292,Florida
08/10/2024,Cuajada,129.8,59,Nueva York
25/04/2024,Queso gruyere,3118.5,567,Texas
16/11/2024,Mantequilla con sal,2364.0,591,California
22/05/2024,Kumis,515.0,206,Texas
02/09/2024,Crema de leche,281.53,47,Florida
31/10/2024,Mantequilla con sal,336.0,84,Massachusetts
04/11/2024,Queso gouda,1800.0,400,Texas
29/06/2024,Queso gouda,661.5,147,Florida
07/05/2024,Queso crema,663.6,237,Florida
28/05/2024,Crema de leche,2785.35,465,California
03/03/2024,Mantequilla con sal,1936.0,484,Florida
31/07/2024,Mantequilla con sal,2188.0,547,Texas
28/04/2024,Cuajada,928.4,422,Massachusetts
21/11/2024,Queso mozzarella,723.75,193,Massachusetts
23/01/2024,Queso crema,1596.0,570,Texas
08/01/2024,Queso brie,600.0,100,Massachusetts
23/08/2024,Mantequilla clarificada (ghee),4013.5,698,Nueva York
02/10/2024,Mantequilla sin sal,142.8,34,Nueva York
13/02/2024,Leche saborizada,250.5,167,California
10/12/2024,Yogur griego,514.5,343,Nueva York
21/10/2024,Leche semidescremada,810.0,675,California
08/04/2024,Leche saborizada,1068.0,712,Florida
05/05/2024,Crema de leche,1198.0,200,California
27/08/2024,Mantequilla con sal,1304.0,326,Texas
31/03/2024,Crema agria,2165.0,866,California
03/06/2024,Mantequilla sin sal,4153.8,989,California
25/11/2024,Cuajada,1018.6,463,Massachusetts
15/05/2024,Leche en polvo,2612.5,475,Florida
29/07/2024,Leche saborizada,252.0,252,Texas
24/12/2024,Crema de leche,3719.79,621,Nueva York
16/11/2024,Kumis,377.5,151,Nueva York
18/09/2024,Queso blanco,675.0,135,Massachusetts
25/07/2024,Leche descremada,423.15,651,Florida
05/08/2024,Cuajada,1881.0,855,Massachusetts
08/04/2024,Cuajada,1036.2,471,California
24/11/2024,Queso crema,2060.8,736,Nueva York
10/01/2024,Queso parmesano,1492.8,311,Texas
11/06/2024,Mantequilla con sal,1664.0,416,California
26/07/2024,Mantequilla clarificada (ghee),3191.25,555,Florida
27/07/2024,Leche descremada,673.9,586,Texas
20/06/2024,Yogur con frutas,129.6,108,California
12/08/2024,Leche descremada,530.4,816,Massachusetts
02/08/2024,Cuajada,1364.0,620,Florida
21/06/2024,Mantequilla sin sal,1339.8,319,Nueva York
22/08/2024,Mantequilla clarificada (ghee),1891.75,329,Massachusetts
28/01/2024,Mantequilla sin sal,147.0,35,California
04/10/2024,Mantequilla clarificada (ghee),2012.5,350,Texas
23/11/2024,Queso blanco,2515.0,503,Massachusetts
05/10/2024,Queso para untar,1865.6,583,Florida
30/05/2024,Queso azul roquefort,3100.0,496,Texas
09/02/2024,Crema de leche,3635.93,607,Massachusetts
24/01/2024,Leche deslactosada,462.8,356,California
25/11/2024,Mantequilla con sal,3440.0,860,Massachusetts
22/10/2024,Leche evaporada,158.7,69,Nueva York
15/02/2024,Yogur griego,339.0,226,California
08/02/2024,Leche en polvo,2142.0,714,Texas
10/11/2024,Mantequilla con sal,3024.0,756,Texas
23/03/2024,Crema de leche,4540.42,758,Nueva York
11/01/2024,Dulce de leche,1140.0,380,Texas
30/12/2024,Queso havarti,105.0,20,Florida
24/06/2024,Helado,3672.0,864,Texas
26/04/2024,Leche condensada,1835.0,734,Massachusetts
29/01/2024,Mantequilla sin sal,1839.6,438,Nueva York
17/07/2024,Yogur natural,170.0,170,California
24/12/2024,Mantequilla con sal,380.0,95,Florida
01/12/2024,Mantequilla sin sal,1486.8,354,Texas
17/08/2024,Bebidas lácteas,277.2,231,California
08/06/2024,Crema de leche,4797.99,801,California
08/12/2024,Queso brie,5484.0,914,California
10/05/2024,Mantequilla clarificada (ghee),1109.75,193,Florida
23/11/2024,Queso edam,1159.0,244,Texas
26/02/2024,Suero de leche,542.0,271,Nueva York
20/03/2024,Helado,360.0,240,Texas
20/06/2024,Helado,610.5,407,California
03/12/2024,Helado,1444.5,963,Massachusetts
19/09/2024,Queso azul roquefort,4775.0,764,Massachusetts
13/10/2024,Dulce de leche,1203.0,401,Florida
01/08/2024,Mantequilla clarificada (ghee),5226.75,909,Massachusetts
28/05/2024,Yogur natural,2593.5,741,California
17/02/2024,Queso mozzarella,705.0,188,Massachusetts
06/11/2024,Bebidas lácteas,967.2,806,California
01/02/2024,Leche saborizada,532.0,532,Nueva York
15/05/2024,Queso crema,176.4,63,California
19/09/2024,Bebidas lácteas,370.0,185,Texas
24/02/2024,Yogur griego,505.5,337,Florida
06/06/2024,Mantequilla sin sal,680.4,162,California
04/11/2024,Leche entera,1410.5,403,Florida
24/06/2024,Helado,21.0,14,Florida
31/08/2024,Crema de leche,2533.77,423,Massachusetts
08/04/2024,Yogur griego,63.0,42,Massachusetts
12/02/2024,Yogur griego,393.0,262,Texas
20/10/2024,Dulce de leche,435.0,145,California
01/03/2024,Crema agria,867.5,347,California
26/09/2024,Mantequilla sin sal,3087.0,735,California
24/04/2024,Queso gouda,711.0,158,Florida
25/06/2024,Leche en polvo,1506.0,502,Florida
11/11/2024,Mantequilla clarificada (ghee),2627.75,457,Massachusetts
17/03/2024,Yogur natural,492.0,492,Texas
15/05/2024,Leche en polvo,1791.0,597,Nueva York
19/02/2024,Mantequilla sin sal,105.0,25,Massachusetts
28/08/2024,Yogur griego,411.0,274,Texas
06/12/2024,Suero de leche,544.0,272,Nueva York
26/07/2024,Crema agria,1700.0,680,Massachusetts
02/12/2024,Crema batida,1233.75,329,Texas
25/09/2024,Mantequilla clarificada (ghee),1840.0,320,Nueva York
12/05/2024,Queso gouda,2430.0,540,Massachusetts
06/01/2024,Mantequilla sin sal,1138.2,271,Nueva York
01/08/2024,Yogur natural,512.0,512,Nueva York
18/08/2024,Kumis,130.0,52,Florida
18/10/2024,Crema de leche,5810.3,970,Florida
18/05/2024,Dulce de leche,771.0,257,Florida
02/03/2024,Queso edam,4659.75,981,Texas
02/10/2024,Kumis,1765.0,706,Texas
07/07/2024,Suero de leche,276.0,138,Texas
04/05/2024,Mantequilla sin sal,575.4,137,Nueva York
09/06/2024,Queso brie,4860.0,810,California
07/10/2024,Bebidas lácteas,115.2,96,Massachusetts
28/01/2024,Dulce de leche,1821.0,607,Texas
25/07/2024,Yogur con frutas,994.8,829,California
13/05/2024,Yogur griego,1045.5,697,California
09/10/2024,Mantequilla sin sal,600.6,143,Massachusetts
19/05/2024,Dulce de leche,1155.0,385,Nueva York
06/08/2024,Leche evaporada,1922.8,836,Massachusetts
19/06/2024,Queso en lonchas,3682.2,969,Massachusetts
23/10/2024,Queso ricota,2772.0,693,California
17/05/2024,Crema agria,1092.5,437,Nueva York
25/01/2024,Leche entera,850.5,243,Massachusetts
25/08/2024,Crema agria,2470.0,988,Nueva York
27/01/2024,Leche evaporada,1738.8,756,Florida
01/02/2024,Kumis,2230.0,892,Florida
07/02/2024,Mantequilla clarificada (ghee),2679.5,466,Nueva York
04/03/2024,Leche condensada,882.5,353,Texas
29/11/2024,Suero de leche,1076.0,538,California
07/09/2024,Mantequilla sin sal,2293.2,546,Texas
21/09/2024,Queso para untar,3036.8,949,Massachusetts
24/09/2024,Queso parmesano,3897.6,812,Nueva York
07/05/2024,Yogur con frutas,292.8,244,Massachusetts
21/03/2024,Queso azul gorgonzola,3978.0,663,California
19/03/2024,Queso azul roquefort,425.0,68,California
04/02/2024,Crema agria,907.5,363,Texas
09/11/2024,Mantequilla con sal,3896.0,974,California
15/07/2024,Suero de leche,1692.0,846,California
09/05/2024,Mantequilla sin sal,1390.2,331,Texas
17/08/2024,Cuajada,1817.2,826,Massachusetts
05/03/2024,Crema de leche,5522.78,922,Massachusetts
20/08/2024,Mantequilla con sal,912.0,228,Florida
15/11/2024,Queso para untar,204.8,64,Florida
05/04/2024,Suero de leche,1698.0,849,Florida
27/12/2024,Queso crema,366.8,131,Texas
28/10/2024,Yogur con frutas,1130.4,942,California
23/05/2024,Queso crema,2648.8,946,Massachusetts
18/06/2024,Queso crema,238.0,85,Massachusetts
20/11/2024,Mantequilla sin sal,1365.0,325,Nueva York
28/01/2024,Yogur griego,421.5,281,California
13/07/2024,Yogur natural,496.0,496,Nueva York
22/06/2024,Dulce de leche,2835.0,945,Nueva York
02/05/2024,Crema de leche,83.86,14,Massachusetts
08/11/2024,Mantequilla clarificada (ghee),626.75,109,Massachusetts
28/02/2024,Kumis,165.0,66,California
26/11/2024,Mantequilla clarificada (ghee),1403.0,244,Nueva York
05/08/2024,Leche condensada,950.0,380,Texas
15/09/2024,Queso mozzarella,851.25,227,California
05/10/2024,Crema agria,532.5,213,California
16/06/2024,Helado,840.0,560,California
15/12/2024,Mantequilla clarificada (ghee),241.5,42,California
22/09/2024,Dulce de leche,603.0,201,California
22/11/2024,Helado,1468.5,979,Florida
09/11/2024,Yogur natural,399.0,114,Texas
16/11/2024,Crema agria,1845.0,738,Massachusetts
15/05/2024,Queso blanco,210.0,42,Massachusetts
19/11/2024,Helado,1129.5,753,Massachusetts
23/10/2024,Mantequilla con sal,2444.0,611,Florida
24/06/2024,Mantequilla clarificada (ghee),1845.75,321,California
10/08/2024,Queso parmesano,3619.2,754,Massachusetts
18/07/2024,Mantequilla con sal,1736.0,434,California
06/08/2024,Leche deslactosada,78.0,60,California
03/02/2024,Leche evaporada,119.6,52,Florida
01/04/2024,Yogur natural,3248.0,928,Nueva York
11/07/2024,Queso azul gorgonzola,3540.0,590,Massachusetts
24/08/2024,Crema de leche,461.23,77,Massachusetts
01/12/2024,Leche condensada,1280.0,512,Florida
15/06/2024,Mantequilla sin sal,1738.8,414,Massachusetts
27/02/2024,Crema de leche,1407.65,235,Nueva York
09/05/2024,Mantequilla sin sal,655.2,156,Massachusetts
16/03/2024,Yogur natural,2688.0,768,California
14/02/2024,Mantequilla con sal,1360.0,340,Florida
28/03/2024,Yogur griego,1428.0,952,California
25/03/2024,Leche entera,786.25,629,California
18/12/2024,Mantequilla sin sal,1730.4,412,Texas
25/04/2024,Queso azul gorgonzola,1920.0,320,California
04/12/2024,Crema de leche,3390.34,566,California
07/09/2024,Queso crema,1668.8,596,Florida
05/11/2024,Crema de leche,2024.62,338,California
30/01/2024,Leche evaporada,1000.5,435,Texas
04/09/2024,Yogur con frutas,1029.6,858,Florida
08/12/2024,Queso para untar,576.0,180,Texas
20/03/2024,Queso gruyere,2222.0,404,Florida
14/09/2024,Queso crema,688.8,246,Florida
29/12/2024,Mantequilla con sal,2856.0,714,Massachusetts
15/06/2024,Crema de leche,5576.69,931,Nueva York
23/10/2024,Dulce de leche,339.0,113,Texas
01/10/2024,Crema de leche,5570.7,930,Nueva York
23/03/2024,Mantequilla sin sal,4166.4,992,Massachusetts
07/06/2024,Crema de leche,5822.28,972,Florida
10/09/2024,Leche descremada,1012.0,880,Texas
22/09/2024,Leche entera,2873.5,821,Nueva York
26/08/2024,Queso azul gorgonzola,1074.0,179,Florida
22/11/2024,Dulce de leche,1239.0,413,Massachusetts
08/09/2024,Mantequilla sin sal,1037.4,247,Nueva York
22/03/2024,Mantequilla con sal,172.0,43,Florida
07/06/2024,Mantequilla con sal,1580.0,395,Nueva York
13/11/2024,Crema batida,3408.75,909,California
02/02/2024,Mantequilla clarificada (ghee),4266.5,742,Massachusetts
06/01/2024,Yogur griego,270.0,180,Texas
25/05/2024,Mantequilla con sal,2076.0,519,Massachusetts
29/11/2024,Dulce de leche,2877.0,959,California
22/07/2024,Suero de leche,1144.0,572,Texas
18/10/2024,Suero de leche,802.0,401,Florida
23/02/2024,Leche condensada,2175.0,870,California
10/01/2024,Yogur natural,502.0,502,Nueva York
15/04/2024,Dulce de leche,735.0,245,Texas
21/07/2024,Yogur natural,757.0,757,California
15/05/2024,Mantequilla con sal,212.0,53,Florida
01/02/2024,Leche en polvo,4438.5,807,Massachusetts
31/01/2024,Crema agria,557.5,223,Nueva York
29/04/2024,Leche semidescremada,522.9,747,Nueva York
15/06/2024,Crema batida,2902.5,774,Massachusetts
21/08/2024,Queso crema,590.8,211,Texas
13/02/2024,Mantequilla sin sal,2335.2,556,Nueva York
03/03/2024,Queso ricota,3252.0,813,Florida
03/05/2024,Mantequilla sin sal,1835.4,437,Texas
13/12/2024,Yogur griego,1243.5,829,Nueva York
01/07/2024,Yogur griego,54.0,36,California
01/11/2024,Mantequilla con sal,872.0,218,Texas
22/11/2024,Yogur griego,1417.5,945,Texas
29/11/2024,Crema de leche,4696.16,784,Texas
09/12/2024,Queso crema,2290.4,818,Massachusetts
13/11/2024,Crema de leche,5792.33,967,California
19/03/2024,Mantequilla sin sal,1902.6,453,California
04/08/2024,Crema batida,821.25,219,Texas
24/04/2024,Queso crema,2408.0,860,Texas
23/09/2024,Dulce de leche,1428.0,476,Nueva York
07/07/2024,Cuajada,1859.0,845,California
15/07/2024,Crema agria,2057.5,823,Nueva York
14/12/2024,Leche en polvo,1562.0,284,California
26/02/2024,Crema de leche,1527.45,255,California
03/11/2024,Crema agria,617.5,247,Nueva York
21/03/2024,Crema de leche,2288.18,382,Florida
13/04/2024,Queso edam,2455.75,517,Florida
27/09/2024,Queso parmesano,1286.4,268,California
16/04/2024,Mantequilla clarificada (ghee),2714.0,472,Nueva York
31/07/2024,Yogur griego,1075.5,717,Texas
10/04/2024,Mantequilla con sal,3468.0,867,Nueva York
24/09/2024,Cuajada,1982.2,901,Massachusetts
05/11/2024,Crema batida,2475.0,660,Massachusetts
08/09/2024,Dulce de leche,2118.0,706,Nueva York
26/08/2024,Suero de leche,1768.0,884,Texas
03/11/2024,Mantequilla clarificada (ghee),3703.0,644,Nueva York
05/07/2024,Suero de leche,370.0,185,Massachusetts
16/12/2024,Crema de leche,3090.84,516,Nueva York
11/06/2024,Leche evaporada,857.9,373,Texas
03/09/2024,Yogur con frutas,805.2,671,Florida
20/06/2024,Queso mozzarella,2557.5,682,Massachusetts
05/05/2024,Yogur con frutas,150.0,125,California
26/02/2024,Mantequilla clarificada (ghee),2484.0,432,California
28/12/2024,Crema agria,2295.0,918,Texas
28/05/2024,Queso azul gorgonzola,2040.0,340,Texas
26/06/2024,Dulce de leche,2736.0,912,Nueva York
04/12/2024,Dulce de leche,2883.0,961,California
29/12/2024,Crema batida,1935.0,516,California
11/01/2024,Crema agria,2442.5,977,California
30/11/2024,Queso mozzarella,127.5,34,Nueva York
27/10/2024,Yogur natural,56.0,56,Nueva York
17/07/2024,Mantequilla sin sal,2259.6,538,Texas
01/11/2024,Queso gruyere,1160.5,211,Massachusetts
14/02/2024,Yogur griego,327.0,218,Massachusetts
19/10/2024,Queso gouda,1993.5,443,Texas
18/12/2024,Mantequilla sin sal,2448.6,583,Texas
13/09/2024,Crema agria,1892.5,757,California
21/11/2024,Crema agria,1357.5,543,Florida
05/06/2024,Yogur griego,1114.5,743,California
21/12/2024,Queso en lonchas,1824.0,480,Florida
04/09/2024,Leche condensada,2025.0,810,Nueva York
08/02/2024,Queso crema,1778.0,635,Texas
14/06/2024,Mantequilla sin sal,2998.8,714,Nueva York
08/10/2024,Leche condensada,1442.5,577,Texas
26/02/2024,Queso crema,2464.0,880,Florida
03/08/2024,Helado,3786.75,891,Massachusetts
29/03/2024,Queso mozzarella,371.25,99,Massachusetts
16/04/2024,Queso gouda,3996.0,888,Massachusetts
01/12/2024,Queso havarti,4347.0,828,California
18/06/2024,Crema de leche,5109.47,853,California
25/04/2024,Crema de leche,1473.54,246,Florida
20/03/2024,Kumis,2397.5,959,California
10/08/2024,Queso gouda,4410.0,980,Massachusetts
13/02/2024,Leche entera,470.25,627,Massachusetts
24/08/2024,Yogur con frutas,543.6,453,Florida
09/08/2024,Crema batida,3018.75,805,Florida
07/09/2024,Mantequilla con sal,2016.0,504,California
20/11/2024,Queso edam,2109.0,444,Nueva York
09/08/2024,Queso brie,1968.0,328,Texas
16/02/2024,Suero de leche,1254.0,627,Nueva York
25/06/2024,Bebidas lácteas,824.4,687,California
10/08/2024,Leche saborizada,883.0,883,Florida
30/08/2024,Yogur griego,112.5,75,Texas
05/10/2024,Queso brie,3936.0,656,Florida
20/10/2024,Leche saborizada,349.0,349,Florida
14/06/2024,Queso cheddar añejo,660.0,132,Nueva York
21/01/2024,Leche deslactosada,800.7,942,Florida
30/09/2024,Yogur natural,703.5,201,Texas
08/10/2024,Dulce de leche,321.0,107,Florida
08/08/2024,Mantequilla con sal,3916.0,979,Florida
25/03/2024,Leche deslactosada,327.25,385,Florida
15/08/2024,Queso crema,1173.2,419,Nueva York
02/12/2024,Mantequilla con sal,132.0,33,California
11/09/2024,Suero de leche,1408.0,704,California
26/04/2024,Cuajada,939.4,427,California
19/05/2024,Mantequilla sin sal,222.6,53,Texas
20/07/2024,Yogur griego,987.0,658,Florida
04/04/2024,Mantequilla sin sal,3351.6,798,Massachusetts
29/04/2024,Leche entera,657.5,526,Massachusetts
04/12/2024,Yogur griego,363.0,242,Massachusetts
16/09/2024,Leche condensada,1010.0,404,Massachusetts
11/01/2024,Queso crema,484.4,173,Florida
27/09/2024,Crema de leche,4935.76,824,California
28/09/2024,Yogur con frutas,541.2,451,Massachusetts
30/01/2024,Mantequilla con sal,752.0,188,California
25/02/2024,Kumis,2175.0,870,Texas
22/10/2024,Leche descremada,59.8,52,Nueva York
26/11/2024,Queso camembert,4092.0,682,Nueva York
07/03/2024,Dulce de leche,225.0,75,Nueva York
14/01/2024,Queso havarti,2000.25,381,Texas
23/05/2024,Crema de leche,4971.7,830,California
11/07/2024,Yogur griego,1309.5,873,Florida
19/05/2024,Mantequilla clarificada (ghee),5456.75,949,Texas
07/04/2024,Helado,1447.5,965,California
25/09/2024,Dulce de leche,1890.0,630,Florida
22/02/2024,Leche descremada,315.9,486,Nueva York
16/10/2024,Crema agria,1770.0,708,Texas
07/05/2024,Queso gruyere,3063.5,557,California
02/05/2024,Mantequilla con sal,884.0,221,Massachusetts
06/12/2024,Queso para untar,230.4,72,Nueva York
01/06/2024,Queso edam,769.5,162,California
23/04/2024,Helado,1200.0,800,Texas
13/11/2024,Yogur natural,3283.0,938,California
02/02/2024,Leche semidescremada,1106.4,922,Nueva York
06/05/2024,Mantequilla sin sal,1071.0,255,Nueva York
27/04/2024,Kumis,1857.5,743,Nueva York
13/02/2024,Suero de leche,798.0,399,California
29/02/2024,Helado,238.0,56,Massachusetts
22/07/2024,Crema batida,3198.75,853,Nueva York
18/10/2024,Suero de leche,826.0,413,California
19/07/2024,Leche deslactosada,1275.3,981,Florida
06/10/2024,Cuajada,215.6,98,Florida
09/09/2024,Leche descremada,327.75,285,Massachusetts
22/06/2024,Leche descremada,510.9,786,Massachusetts
06/10/2024,Leche evaporada,250.7,109,Texas
19/08/2024,Queso blanco,4880.0,976,Nueva York
08/07/2024,Leche descremada,1137.35,989,Massachusetts
09/08/2024,Mantequilla sin sal,54.6,13,Massachusetts
19/06/2024,Yogur con frutas,710.4,592,California
03/08/2024,Mantequilla con sal,812.0,203,California
24/05/2024,Suero de leche,436.0,218,Nueva York
16/01/2024,Queso gruyere,4614.5,839,Texas
01/08/2024,Cuajada,521.4,237,Nueva York
01/10/2024,Queso en lonchas,3351.6,882,California
06/08/2024,Helado,1683.0,396,Massachusetts
28/04/2024,Leche saborizada,246.0,246,Florida
17/04/2024,Helado,4084.25,961,Texas
29/02/2024,Cuajada,1546.6,703,Nueva York
30/08/2024,Queso en lonchas,919.6,242,Massachusetts
24/03/2024,Queso havarti,514.5,98,Texas
03/05/2024,Yogur natural,56.0,56,California
06/06/2024,Mantequilla sin sal,2772.0,660,Massachusetts
16/10/2024,Mantequilla sin sal,3595.2,856,Massachusetts
15/10/2024,Queso camembert,1524.0,254,Nueva York
17/08/2024,Yogur con frutas,925.2,771,Florida
02/07/2024,Helado,1140.0,760,Nueva York
21/05/2024,Mantequilla clarificada (ghee),2656.5,462,Texas
23/10/2024,Queso para untar,1196.8,374,Nueva York
12/12/2024,Leche condensada,810.0,324,Texas
30/08/2024,Leche deslactosada,1228.5,945,California
17/11/2024,Dulce de leche,1284.0,428,Texas
02/12/2024,Crema batida,701.25,187,California
04/02/2024,Queso havarti,698.25,133,California
10/05/2024,Crema de leche,3701.82,618,Florida
29/04/2024,Leche condensada,1572.5,629,Florida
04/10/2024,Dulce de leche,996.0,332,Nueva York
21/01/2024,Crema batida,1410.0,376,Texas
24/05/2024,Suero de leche,1214.0,607,Florida
20/02/2024,Leche semidescremada,609.7,871,Nueva York
06/07/2024,Queso en lonchas,1459.2,384,Florida
30/12/2024,Queso mozzarella,1676.25,447,Massachusetts
05/09/2024,Queso ricota,2180.0,545,California
27/07/2024,Bebidas lácteas,711.6,593,Texas
17/12/2024,Leche condensada,517.5,207,Massachusetts
19/03/2024,Yogur griego,949.5,633,Massachusetts
28/05/2024,Queso azul gorgonzola,2532.0,422,Florida
12/10/2024,Crema agria,1105.0,442,California
30/06/2024,Crema agria,1890.0,756,Texas
19/04/2024,Leche semidescremada,191.1,273,Massachusetts
16/08/2024,Queso crema,2304.4,823,Nueva York
07/08/2024,Yogur con frutas,1128.0,940,Massachusetts
22/12/2024,Dulce de leche,1011.0,337,California
20/09/2024,Crema batida,2688.75,717,Florida
06/04/2024,Mantequilla con sal,3452.0,863,Florida
14/10/2024,Mantequilla clarificada (ghee),2570.25,447,Florida
28/02/2024,Suero de leche,172.0,86,Florida
15/03/2024,Cuajada,162.8,74,California
10/06/2024,Helado,2673.25,629,Texas
22/01/2024,Mantequilla sin sal,764.4,182,Nueva York
04/02/2024,Suero de leche,328.0,164,Florida
02/06/2024,Kumis,442.5,177,Massachusetts
19/03/2024,Mantequilla con sal,100.0,25,Florida
07/06/2024,Queso havarti,672.0,128,Nueva York
07/06/2024,Crema de leche,1653.24,276,Nueva York
24/10/2024,Yogur natural,252.0,252,Texas
10/01/2024,Queso gruyere,5368.0,976,Florida
15/09/2024,Queso ricota,740.0,185,Texas
16/12/2024,Mantequilla clarificada (ghee),2225.25,387,California
25/05/2024,Queso gouda,3222.0,716,Nueva York
12/12/2024,Kumis,357.5,143,Florida
12/07/2024,Leche evaporada,1662.9,723,Massachusetts
10/02/2024,Yogur natural,2506.0,716,Florida
22/12/2024,Mantequilla clarificada (ghee),4985.25,867,Nueva York
13/07/2024,Yogur griego,1297.5,865,Texas
26/04/2024,Mantequilla con sal,2516.0,629,Texas
13/02/2024,Yogur natural,2166.5,619,Nueva York
23/02/2024,Helado,46.75,11,California
24/08/2024,Crema agria,1505.0,602,Florida
06/01/2024,Queso para untar,2048.0,640,Texas
19/02/2024,Dulce de leche,900.0,300,Florida
23/05/2024,Queso crema,1716.4,613,Nueva York
29/02/2024,Yogur con frutas,709.2,591,Massachusetts
04/05/2024,Mantequilla clarificada (ghee),3421.25,595,Florida
15/02/2024,Leche semidescremada,203.0,290,Texas
30/10/2024,Crema agria,315.0,126,Florida
04/09/2024,Yogur natural,592.0,592,Florida
17/10/2024,Mantequilla con sal,884.0,221,Massachusetts
16/10/2024,Mantequilla sin sal,2683.8,639,Texas
10/03/2024,Leche entera,1340.5,383,California
20/04/2024,Queso gruyere,3030.5,551,Florida
20/10/2024,Suero de leche,530.0,265,Nueva York
24/07/2024,Suero de leche,774.0,387,Nueva York
06/09/2024,Leche entera,864.5,247,Florida
15/08/2024,Yogur con frutas,630.0,525,California
09/05/2024,Kumis,2302.5,921,Texas
18/04/2024,Queso azul roquefort,5987.5,958,California
25/03/2024,Suero de leche,536.0,268,Massachusetts
04/09/2024,Queso mozzarella,1683.75,449,Nueva York
23/05/2024,Mantequilla con sal,1900.0,475,Texas
30/07/2024,Mantequilla con sal,476.0,119,Texas
11/08/2024,Crema agria,1070.0,428,Texas
16/06/2024,Leche entera,76.25,61,Massachusetts
20/05/2024,Leche condensada,1535.0,614,Florida
06/11/2024,Mantequilla clarificada (ghee),1518.0,264,Nueva York
02/12/2024,Queso gruyere,1050.5,191,Florida
16/08/2024,Queso ricota,2836.0,709,California
28/05/2024,Crema de leche,2258.23,377,Texas
28/11/2024,Suero de leche,1168.0,584,Florida
30/04/2024,Yogur griego,963.0,642,Texas
09/08/2024,Yogur griego,652.5,435,Massachusetts
03/11/2024,Kumis,625.0,250,Massachusetts
01/08/2024,Suero de leche,140.0,70,Florida
08/11/2024,Leche en polvo,672.0,224,Florida
13/06/2024,Queso azul roquefort,4231.25,677,Texas
11/01/2024,Crema agria,220.0,88,Nueva York
29/11/2024,Leche descremada,78.2,68,Florida
15/08/2024,Helado,2783.75,655,Florida
25/02/2024,Queso azul gorgonzola,1458.0,243,Nueva York
17/11/2024,Leche saborizada,686.0,686,Nueva York
02/11/2024,Queso crema,1248.8,446,Nueva York
07/04/2024,Leche evaporada,243.8,106,Massachusetts
16/12/2024,Leche deslactosada,214.5,165,Florida
08/11/2024,Yogur con frutas,194.4,162,Florida
09/02/2024,Dulce de leche,2178.0,726,Massachusetts
19/07/2024,Mantequilla sin sal,3490.2,831,Florida
29/06/2024,Leche semidescremada,102.0,85,Texas
28/04/2024,Crema de leche,3144.75,525,Florida
13/08/2024,Mantequilla con sal,2420.0,605,California
02/03/2024,Leche semidescremada,534.8,764,Massachusetts
24/03/2024,Yogur griego,555.0,370,California
25/10/2024,Queso havarti,2525.25,481,California
03/09/2024,Leche descremada,50.7,78,California
07/10/2024,Crema agria,1412.5,565,Nueva York
28/10/2024,Mantequilla con sal,720.0,180,Texas
14/05/2024,Mantequilla sin sal,1163.4,277,Massachusetts
08/08/2024,Queso crema,509.6,182,Texas
08/11/2024,Kumis,1017.5,407,Nueva York
18/09/2024,Leche condensada,2297.5,919,Florida
10/07/2024,Crema de leche,5624.61,939,California
07/03/2024,Bebidas lácteas,1077.6,898,Nueva York
31/10/2024,Bebidas lácteas,678.0,339,Massachusetts
05/06/2024,Mantequilla sin sal,1386.0,330,Texas
08/10/2024,Queso azul gorgonzola,5598.0,933,Texas
19/11/2024,Leche en polvo,4114.0,748,California
01/06/2024,Leche en polvo,1470.0,490,Nueva York
12/10/2024,Queso gouda,3537.0,786,Florida
01/11/2024,Queso gouda,697.5,155,California
01/01/2024,Yogur con frutas,357.6,298,Massachusetts
27/09/2024,Leche en polvo,5071.0,922,Florida
10/07/2024,Queso mozzarella,2310.0,616,Florida
19/05/2024,Dulce de leche,2742.0,914,California
30/05/2024,Queso edam,4142.0,872,Massachusetts
11/06/2024,Mantequilla clarificada (ghee),1023.5,178,California
21/09/2024,Mantequilla con sal,1272.0,318,Florida
24/11/2024,Crema de leche,3000.99,501,Texas
09/08/2024,Crema agria,307.5,123,Texas
04/11/2024,Leche saborizada,988.0,988,Massachusetts
08/05/2024,Mantequilla con sal,2160.0,540,Texas
15/10/2024,Bebidas lácteas,495.6,413,Massachusetts
01/11/2024,Mantequilla sin sal,495.6,118,California
11/08/2024,Yogur griego,765.0,510,Texas
07/11/2024,Mantequilla clarificada (ghee),856.75,149,California
29/07/2024,Kumis,662.5,265,California
31/05/2024,Mantequilla con sal,2316.0,579,Massachusetts
13/06/2024,Mantequilla clarificada (ghee),5347.5,930,Nueva York
23/10/2024,Queso mozzarella,330.0,88,Nueva York
03/05/2024,Leche deslactosada,1159.6,892,Texas
19/01/2024,Yogur natural,859.0,859,Massachusetts
15/10/2024,Mantequilla sin sal,3847.2,916,Florida
19/12/2024,Leche saborizada,49.0,49,Texas
24/09/2024,Yogur natural,3104.5,887,Texas
07/07/2024,Kumis,962.5,385,Florida
16/08/2024,Crema de leche,4582.35,765,Massachusetts
18/09/2024,Helado,2112.25,497,Massachusetts
18/11/2024,Yogur con frutas,420.0,350,Nueva York
14/09/2024,Leche evaporada,1384.6,602,Nueva York
05/01/2024,Yogur griego,597.0,398,California
16/05/2024,Dulce de leche,2709.0,903,Texas
30/10/2024,Queso brie,2862.0,477,Nueva York
26/06/2024,Queso para untar,576.0,180,Nueva York
11/12/2024,Yogur con frutas,158.4,132,Florida
25/12/2024,Yogur griego,522.0,348,Massachusetts
06/07/2024,Leche saborizada,1404.0,936,Texas
23/06/2024,Mantequilla sin sal,512.4,122,Florida
16/12/2024,Kumis,762.5,305,Texas
04/06/2024,Leche en polvo,3206.5,583,California
05/10/2024,Leche condensada,1780.0,712,Texas
08/05/2024,Leche en polvo,214.5,39,California
08/03/2024,Queso parmesano,3494.4,728,Florida
13/04/2024,Mantequilla con sal,2800.0,700,Massachusetts
24/12/2024,Queso cheddar añejo,1605.0,321,Florida
22/01/2024,Yogur con frutas,219.6,183,Texas
30/12/2024,Crema de leche,1239.93,207,Florida
15/12/2024,Mantequilla clarificada (ghee),3306.25,575,Massachusetts
21/03/2024,Mantequilla sin sal,348.6,83,Nueva York
06/04/2024,Crema agria,1207.5,483,Massachusetts
02/04/2024,Dulce de leche,423.0,141,Massachusetts
12/11/2024,Queso brie,4410.0,735,Florida
21/11/2024,Leche descremada,414.0,360,Nueva York
01/08/2024,Queso brie,1266.0,211,Texas
27/05/2024,Leche descremada,641.7,558,Florida
27/03/2024,Crema de leche,3090.84,516,Massachusetts
24/07/2024,Crema de leche,3072.87,513,California
10/10/2024,Queso para untar,112.0,35,Florida
01/10/2024,Queso havarti,2992.5,570,Texas
14/07/2024,Queso cheddar añejo,1720.0,344,Florida
30/06/2024,Mantequilla con sal,2744.0,686,Nueva York
25/05/2024,Bebidas lácteas,904.0,452,Nueva York
06/05/2024,Leche condensada,1700.0,680,Nueva York
02/05/2024,Cuajada,1188.0,540,Nueva York
19/11/2024,Leche entera,376.5,502,California
30/01/2024,Dulce de leche,2574.0,858,Florida
23/06/2024,Queso ricota,2680.0,670,Florida
17/12/2024,Crema batida,1653.75,441,Florida
04/02/2024,Mantequilla clarificada (ghee),5520.0,960,Massachusetts
12/11/2024,Mantequilla con sal,352.0,88,Nueva York
09/11/2024,Leche descremada,840.65,731,Nueva York
14/12/2024,Yogur natural,781.0,781,Massachusetts
09/09/2024,Queso brie,2886.0,481,Nueva York
17/03/2024,Crema agria,1455.0,582,Nueva York
04/04/2024,Queso crema,495.6,177,Florida
13/05/2024,Mantequilla con sal,2892.0,723,California
13/07/2024,Mantequilla sin sal,289.8,69,Massachusetts
29/09/2024,Yogur con frutas,312.0,260,California
21/10/2024,Mantequilla sin sal,3502.8,834,Florida
28/12/2024,Mantequilla clarificada (ghee),632.5,110,Texas
22/01/2024,Yogur con frutas,1178.4,982,Texas
04/08/2024,Leche entera,614.25,819,Florida
17/06/2024,Leche semidescremada,534.0,445,Texas
31/01/2024,Helado,829.5,553,California
03/07/2024,Crema agria,2060.0,824,Nueva York
23/09/2024,Crema agria,355.0,142,Massachusetts
06/07/2024,Yogur griego,474.0,316,Massachusetts
01/05/2024,Dulce de leche,2886.0,962,Massachusetts
28/04/2024,Suero de leche,1518.0,759,California
11/03/2024,Helado,565.5,377,Florida
08/08/2024,Yogur con frutas,829.2,691,Massachusetts
16/06/2024,Leche semidescremada,552.3,789,Texas
09/08/2024,Yogur con frutas,416.4,347,Texas
02/05/2024,Dulce de leche,459.0,153,Florida
28/07/2024,Mantequilla con sal,3520.0,880,California
18/01/2024,Yogur natural,2838.5,811,Nueva York
19/04/2024,Helado,982.5,655,Nueva York
07/03/2024,Kumis,805.0,322,Massachusetts
05/01/2024,Cuajada,217.8,99,Texas
24/05/2024,Suero de leche,708.0,354,Texas
25/11/2024,Mantequilla clarificada (ghee),1414.5,246,Nueva York
25/11/2024,Queso brie,222.0,37,Texas
02/10/2024,Leche saborizada,1131.0,754,Florida
10/04/2024,Leche en polvo,2814.0,938,Texas
02/09/2024,Queso crema,1117.2,399,Florida
08/06/2024,Cuajada,1944.8,884,Florida
20/04/2024,Queso cheddar añejo,1975.0,395,Nueva York
25/10/2024,Leche condensada,2475.0,990,Florida
23/08/2024,Leche semidescremada,606.9,867,Massachusetts
11/01/2024,Leche condensada,972.5,389,California
15/02/2024,Queso brie,1668.0,278,Texas
16/01/2024,Kumis,2147.5,859,Nueva York
01/01/2024,Leche saborizada,81.0,54,Florida
28/04/2024,Dulce de leche,546.0,182,Texas
10/02/2024,Leche evaporada,1465.1,637,Texas
20/04/2024,Suero de leche,1764.0,882,Florida
10/03/2024,Crema agria,2265.0,906,Massachusetts
01/08/2024,Cuajada,1577.4,717,Nueva York
05/04/2024,Queso azul gorgonzola,1530.0,255,Massachusetts
07/10/2024,Dulce de leche,2634.0,878,Florida
11/11/2024,Yogur griego,193.5,129,California
19/06/2024,Dulce de leche,522.0,174,California
27/01/2024,Mantequilla con sal,3212.0,803,Florida
06/09/2024,Cuajada,644.6,293,Massachusetts
25/02/2024,Queso en lonchas,3773.4,993,Massachusetts
05/12/2024,Bebidas lácteas,348.0,290,California
23/09/2024,Leche saborizada,830.0,830,Nueva York
22/08/2024,Mantequilla clarificada (ghee),5715.5,994,California
19/11/2024,Cuajada,1790.8,814,Nueva York
26/12/2024,Crema batida,3056.25,815,Massachusetts
01/03/2024,Kumis,652.5,261,Nueva York
23/11/2024,Leche en polvo,1605.0,535,Massachusetts
31/10/2024,Kumis,2072.5,829,Massachusetts
08/01/2024,Yogur natural,111.0,111,Massachusetts
09/01/2024,Mantequilla con sal,2212.0,553,Nueva York
10/11/2024,Yogur natural,194.0,194,Texas
16/01/2024,Queso mozzarella,2235.0,596,Nueva York
05/11/2024,Queso cheddar añejo,2525.0,505,Nueva York
24/03/2024,Crema agria,352.5,141,California
18/03/2024,Queso havarti,950.25,181,California
13/07/2024,Kumis,162.5,65,Texas
09/06/2024,Kumis,1227.5,491,Nueva York
28/12/2024,Queso crema,2615.2,934,California
23/09/2024,Mantequilla con sal,652.0,163,Massachusetts
17/04/2024,Mantequilla clarificada (ghee),3806.5,662,Massachusetts
10/05/2024,Dulce de leche,2874.0,958,California
15/03/2024,Leche evaporada,276.0,120,Florida
20/01/2024,Crema batida,952.5,254,California
23/08/2024,Leche condensada,1927.5,771,Nueva York
12/05/2024,Leche entera,757.5,606,Massachusetts
08/07/2024,Kumis,862.5,345,California
16/05/2024,Leche semidescremada,129.6,108,California
22/12/2024,Mantequilla clarificada (ghee),4243.5,738,California
04/03/2024,Mantequilla sin sal,1554.0,370,California
04/06/2024,Cuajada,1562.0,710,Massachusetts
06/05/2024,Bebidas lácteas,1310.0,655,California
21/04/2024,Leche descremada,238.55,367,Florida
16/05/2024,Queso para untar,220.8,69,Massachusetts
12/11/2024,Crema agria,245.0,98,Nueva York
04/02/2024,Helado,217.5,145,Massachusetts
22/06/2024,Yogur con frutas,584.4,487,Massachusetts
03/07/2024,Mantequilla sin sal,1398.6,333,California
10/10/2024,Yogur natural,250.0,250,Florida
11/09/2024,Queso mozzarella,48.75,13,Texas
06/11/2024,Dulce de leche,78.0,26,California
07/01/2024,Dulce de leche,1077.0,359,California
17/03/2024,Queso azul gorgonzola,654.0,109,Texas
16/07/2024,Suero de leche,1788.0,894,Florida
16/07/2024,Crema batida,1057.5,282,California
29/12/2024,Bebidas lácteas,1600.0,800,Texas
24/11/2024,Crema agria,1490.0,596,Texas
15/09/2024,Kumis,1360.0,544,California
19/03/2024,Leche descremada,172.5,150,Nueva York
15/06/2024,Queso crema,344.4,123,Nueva York
28/08/2024,Queso crema,1906.8,681,Nueva York
31/05/2024,Mantequilla sin sal,285.6,68,Massachusetts
09/01/2024,Leche semidescremada,41.3,59,Massachusetts
01/11/2024,Yogur con frutas,942.0,785,Massachusetts
27/12/2024,Crema de leche,3186.68,532,California
01/06/2024,Mantequilla clarificada (ghee),2512.75,437,Massachusetts
21/09/2024,Crema de leche,1030.28,172,Nueva York
07/07/2024,Mantequilla con sal,1108.0,277,Florida
21/07/2024,Suero de leche,730.0,365,Massachusetts
06/01/2024,Mantequilla clarificada (ghee),2018.25,351,Florida
07/05/2024,Yogur natural,654.5,187,Texas
14/06/2024,Cuajada,314.6,143,Nueva York
28/10/2024,Queso edam,641.25,135,Florida
29/07/2024,Yogur con frutas,699.6,583,Nueva York
07/08/2024,Queso crema,1632.4,583,Texas
20/07/2024,Bebidas lácteas,914.4,762,Massachusetts
18/12/2024,Yogur griego,174.0,116,California
02/02/2024,Queso azul roquefort,2337.5,374,Texas
06/11/2024,Helado,1098.0,732,Massachusetts
05/03/2024,Queso gruyere,4944.5,899,Texas
04/02/2024,Kumis,1862.5,745,Texas
08/09/2024,Kumis,1865.0,746,Florida
02/01/2024,Cuajada,565.4,257,Texas
18/08/2024,Yogur griego,1027.5,685,Texas
30/08/2024,Mantequilla clarificada (ghee),2783.0,484,Massachusetts
28/01/2024,Queso havarti,4189.5,798,Florida
15/06/2024,Helado,678.0,452,Nueva York
02/10/2024,Queso gruyere,726.0,132,Massachusetts
24/06/2024,Leche entera,474.0,632,Nueva York
06/04/2024,Mantequilla clarificada (ghee),2052.75,357,Florida
24/04/2024,Crema agria,867.5,347,Florida
19/04/2024,Leche deslactosada,151.3,178,Nueva York
08/08/2024,Crema batida,1987.5,530,Massachusetts
18/09/2024,Leche en polvo,510.0,170,Nueva York
21/12/2024,Queso brie,1422.0,237,Massachusetts
03/06/2024,Bebidas lácteas,1092.0,546,Massachusetts
05/09/2024,Queso crema,501.2,179,Texas
05/08/2024,Leche evaporada,1904.4,828,Florida
18/10/2024,Suero de leche,1180.0,590,Florida
24/12/2024,Leche condensada,875.0,350,Nueva York
28/07/2024,Mantequilla sin sal,1100.4,262,Texas
25/01/2024,Leche semidescremada,431.2,616,Massachusetts
27/04/2024,Crema batida,682.5,182,Florida
18/11/2024,Leche descremada,423.8,652,Massachusetts
01/09/2024,Dulce de leche,468.0,156,Texas
20/09/2024,Suero de leche,246.0,123,Massachusetts
02/06/2024,Crema de leche,5379.02,898,Texas
17/08/2024,Mantequilla sin sal,735.0,175,Texas
25/02/2024,Crema agria,1630.0,652,California
30/03/2024,Leche condensada,1572.5,629,Massachusetts
26/10/2024,Queso havarti,399.0,76,Florida
03/11/2024,Queso azul gorgonzola,2208.0,368,Massachusetts
27/06/2024,Queso ricota,292.0,73,Florida
14/11/2024,Mantequilla sin sal,281.4,67,Massachusetts
08/09/2024,Leche deslactosada,1017.9,783,Florida
23/09/2024,Yogur con frutas,1102.8,919,Florida
09/08/2024,Yogur griego,1435.5,957,Massachusetts
17/03/2024,Queso crema,1859.2,664,Nueva York
20/01/2024,Crema de leche,4780.02,798,California
30/06/2024,Leche semidescremada,247.2,206,Florida
19/02/2024,Mantequilla con sal,2680.0,670,Florida
16/11/2024,Mantequilla clarificada (ghee),1633.0,284,Massachusetts
19/10/2024,Queso edam,3800.0,800,Massachusetts
04/04/2024,Queso en lonchas,904.4,238,Florida
23/12/2024,Crema agria,1717.5,687,Texas
29/04/2024,Leche evaporada,2205.7,959,Florida
12/11/2024,Queso crema,1128.4,403,Nueva York
14/04/2024,Helado,684.25,161,Texas
25/05/2024,Cuajada,948.2,431,Massachusetts
30/03/2024,Suero de leche,1850.0,925,Nueva York
06/02/2024,Suero de leche,986.0,493,Massachusetts
16/05/2024,Crema agria,527.5,211,Florida
14/10/2024,Mantequilla sin sal,3498.6,833,Texas
06/12/2024,Helado,3310.75,779,Florida
09/06/2024,Mantequilla sin sal,2893.8,689,Florida
27/03/2024,Dulce de leche,1161.0,387,California
14/04/2024,Mantequilla sin sal,1575.0,375,California
04/03/2024,Suero de leche,122.0,61,California
06/08/2024,Crema batida,2958.75,789,Florida
02/08/2024,Mantequilla con sal,1920.0,480,Florida
17/10/2024,Crema de leche,4450.57,743,Massachusetts
08/09/2024,Dulce de leche,762.0,254,Nueva York
14/03/2024,Mantequilla con sal,2248.0,562,Massachusetts
17/10/2024,Queso crema,2279.2,814,Florida
21/07/2024,Queso ricota,128.0,32,Massachusetts
23/11/2024,Queso mozzarella,1031.25,275,Florida
17/05/2024,Queso gruyere,379.5,69,Nueva York
11/11/2024,Yogur griego,61.5,41,Texas
18/09/2024,Queso edam,1258.75,265,California
01/03/2024,Kumis,2060.0,824,California
26/01/2024,Leche semidescremada,861.6,718,Texas
28/05/2024,Dulce de leche,234.0,78,Florida
23/05/2024,Queso crema,106.4,38,Florida
30/03/2024,Mantequilla con sal,2872.0,718,Florida
05/03/2024,Leche condensada,1400.0,560,Massachusetts
23/11/2024,Leche entera,840.0,240,Florida
13/01/2024,Dulce de leche,2397.0,799,Nueva York
29/01/2024,Crema agria,2362.5,945,Florida
09/01/2024,Cuajada,1322.2,601,California
03/08/2024,Yogur griego,1108.5,739,Florida
05/04/2024,Mantequilla sin sal,1092.0,260,Nueva York
05/03/2024,Queso blanco,2195.0,439,Nueva York
09/12/2024,Queso crema,795.2,284,California
08/08/2024,Helado,702.0,468,Texas
05/11/2024,Queso parmesano,1089.6,227,Florida
14/12/2024,Mantequilla sin sal,2528.4,602,Massachusetts
21/12/2024,Yogur griego,990.0,660,Florida
30/09/2024,Crema de leche,3096.83,517,California
24/02/2024,Queso en lonchas,3366.8,886,California
23/06/2024,Leche descremada,517.4,796,Nueva York
15/02/2024,Mantequilla sin sal,1491.0,355,Massachusetts
29/03/2024,Cuajada,103.4,47,Massachusetts
31/03/2024,Cuajada,917.4,417,Florida
27/02/2024,Queso camembert,2790.0,465,Texas
09/08/2024,Queso gruyere,1743.5,317,Florida
17/04/2024,Leche evaporada,611.8,266,Nueva York
27/01/2024,Kumis,1980.0,792,Nueva York
25/04/2024,Crema agria,435.0,174,Massachusetts
23/09/2024,Crema agria,2295.0,918,Nueva York
21/02/2024,Crema agria,2497.5,999,Florida
26/03/2024,Leche deslactosada,136.85,161,California
09/07/2024,Yogur griego,327.0,218,Nueva York
26/02/2024,Cuajada,1845.8,839,California
17/04/2024,Queso crema,1668.8,596,Texas
13/01/2024,Bebidas lácteas,1076.0,538,Texas
09/07/2024,Mantequilla con sal,676.0,169,Florida
12/03/2024,Yogur natural,810.0,810,Massachusetts
24/11/2024,Leche en polvo,1204.5,219,Massachusetts
04/07/2024,Queso crema,215.6,77,Massachusetts
08/05/2024,Mantequilla clarificada (ghee),1707.75,297,California
10/07/2024,Cuajada,1177.0,535,Texas
04/12/2024,Queso ricota,1992.0,498,Florida
18/12/2024,Kumis,2067.5,827,Florida
06/02/2024,Crema de leche,167.72,28,Nueva York
02/08/2024,Mantequilla con sal,788.0,197,Nueva York
20/04/2024,Dulce de leche,1176.0,392,Florida
06/06/2024,Queso crema,2259.6,807,Nueva York
02/10/2024,Leche descremada,639.4,556,Texas
05/02/2024,Dulce de leche,1071.0,357,Massachusetts
06/05/2024,Queso crema,2730.0,975,Nueva York
26/03/2024,Queso crema,1044.4,373,Massachusetts
27/07/2024,Dulce de leche,1767.0,589,Nueva York
07/08/2024,Suero de leche,110.0,55,Massachusetts
29/01/2024,Yogur griego,1479.0,986,California
16/06/2024,Queso gruyere,357.5,65,Massachusetts
07/02/2024,Queso gruyere,1122.0,204,California
23/06/2024,Yogur con frutas,730.8,609,Florida
03/05/2024,Leche saborizada,19.5,13,Nueva York
08/08/2024,Kumis,1025.0,410,Massachusetts
27/08/2024,Queso camembert,2034.0,339,California
17/12/2024,Kumis,1430.0,572,Massachusetts
29/11/2024,Queso azul gorgonzola,1956.0,326,Texas
02/10/2024,Crema batida,2463.75,657,California
23/10/2024,Crema de leche,4025.28,672,Massachusetts
21/05/2024,Queso ricota,784.0,196,Florida
29/06/2024,Crema batida,3067.5,818,Texas
28/02/2024,Queso brie,516.0,86,Massachusetts
15/07/2024,Queso brie,888.0,148,Nueva York
15/09/2024,Leche semidescremada,883.2,736,Nueva York
10/08/2024,Leche descremada,332.15,511,Florida
17/01/2024,Yogur griego,1138.5,759,Nueva York
27/04/2024,Suero de leche,1140.0,570,Texas
15/10/2024,Crema agria,2487.5,995,Texas
02/08/2024,Mantequilla con sal,3964.0,991,Florida
05/09/2024,Crema batida,663.75,177,Nueva York
21/06/2024,Crema agria,2112.5,845,Texas
28/04/2024,Dulce de leche,1314.0,438,Texas
26/05/2024,Crema batida,3397.5,906,Massachusetts
07/01/2024,Crema de leche,5546.74,926,Nueva York
03/10/2024,Mantequilla sin sal,3481.8,829,Florida
18/02/2024,Mantequilla clarificada (ghee),115.0,20,Massachusetts
25/09/2024,Mantequilla con sal,1796.0,449,Nueva York
04/04/2024,Yogur natural,2807.0,802,California
28/09/2024,Leche deslactosada,312.8,368,Massachusetts
11/06/2024,Leche evaporada,1046.5,455,Florida
19/05/2024,Mantequilla sin sal,1461.6,348,Florida
07/02/2024,Mantequilla sin sal,890.4,212,Texas
17/08/2024,Queso azul gorgonzola,972.0,162,Massachusetts
08/03/2024,Mantequilla sin sal,898.8,214,Texas
22/10/2024,Cuajada,1678.6,763,Massachusetts
03/11/2024,Helado,1237.5,825,Massachusetts
31/10/2024,Leche deslactosada,570.35,671,California
07/08/2024,Mantequilla con sal,2332.0,583,Nueva York
03/12/2024,Mantequilla clarificada (ghee),4186.0,728,Florida
04/05/2024,Yogur natural,815.0,815,Florida
20/07/2024,Queso mozzarella,907.5,242,Florida
27/02/2024,Yogur natural,1603.0,458,Nueva York
25/08/2024,Helado,522.75,123,Nueva York
27/05/2024,Crema batida,3416.25,911,Massachusetts
21/04/2024,Queso crema,1456.0,520,Nueva York
06/06/2024,Leche saborizada,702.0,702,Florida
12/03/2024,Queso crema,2273.6,812,Massachusetts
21/09/2024,Bebidas lácteas,388.0,194,Massachusetts
08/03/2024,Queso crema,935.2,334,Texas
19/01/2024,Yogur natural,714.0,204,California
03/04/2024,Mantequilla sin sal,852.6,203,Massachusetts
27/04/2024,Cuajada,792.0,360,Massachusetts
12/09/2024,Dulce de leche,834.0,278,California
12/11/2024,Kumis,107.5,43,Massachusetts
06/08/2024,Mantequilla con sal,720.0,180,Texas
07/02/2024,Crema de leche,5942.08,992,Texas
02/01/2024,Leche en polvo,104.5,19,Florida
23/01/2024,Queso crema,2640.4,943,Texas
15/10/2024,Mantequilla con sal,3524.0,881,Florida
03/06/2024,Cuajada,1876.6,853,Florida
20/07/2024,Mantequilla clarificada (ghee),3202.75,557,Florida
12/03/2024,Leche evaporada,501.4,218,Florida
02/02/2024,Leche condensada,732.5,293,California
12/12/2024,Yogur natural,258.0,258,Texas
07/10/2024,Mantequilla con sal,1148.0,287,Nueva York
25/11/2024,Helado,2103.75,495,Texas
08/10/2024,Yogur griego,591.0,394,Florida
22/01/2024,Leche descremada,623.35,959,Massachusetts
29/04/2024,Mantequilla sin sal,3847.2,916,Texas
07/08/2024,Yogur con frutas,296.4,247,Massachusetts
19/04/2024,Mantequilla sin sal,2079.0,495,Massachusetts
01/11/2024,Yogur con frutas,1009.2,841,Florida
13/04/2024,Yogur natural,863.0,863,Nueva York
08/06/2024,Queso ricota,3348.0,837,Florida
16/05/2024,Bebidas lácteas,1362.0,681,Massachusetts
22/07/2024,Queso gouda,1462.5,325,Florida
10/05/2024,Queso azul roquefort,1018.75,163,California
14/01/2024,Queso gouda,603.0,134,Texas
05/05/2024,Helado,3140.75,739,Florida
08/09/2024,Bebidas lácteas,54.0,45,California
14/12/2024,Mantequilla sin sal,2574.6,613,Florida
15/04/2024,Suero de leche,1786.0,893,Texas
11/10/2024,Yogur griego,996.0,664,Texas
17/08/2024,Leche condensada,1780.0,712,Texas
04/11/2024,Mantequilla con sal,2820.0,705,Texas
16/02/2024,Mantequilla con sal,1468.0,367,Florida
22/09/2024,Yogur natural,310.0,310,California
06/02/2024,Cuajada,1933.8,879,Texas
15/09/2024,Leche en polvo,1578.0,526,Nueva York
19/11/2024,Mantequilla con sal,2220.0,555,Texas
17/01/2024,Leche condensada,1852.5,741,California
25/12/2024,Queso camembert,1116.0,186,Nueva York
25/10/2024,Kumis,1362.5,545,Nueva York
23/11/2024,Queso mozzarella,281.25,75,California
21/03/2024,Cuajada,855.8,389,Massachusetts
04/05/2024,Kumis,1285.0,514,Florida
25/07/2024,Crema batida,1203.75,321,California
11/10/2024,Cuajada,387.2,176,Nueva York
03/01/2024,Crema de leche,946.42,158,Florida
07/02/2024,Leche condensada,2497.5,999,California
06/05/2024,Mantequilla con sal,1156.0,289,Texas
18/01/2024,Leche evaporada,2122.9,923,Massachusetts
22/02/2024,Suero de leche,438.0,219,Massachusetts
04/09/2024,Leche deslactosada,70.2,54,California
28/11/2024,Mantequilla sin sal,4116.0,980,Nueva York
30/12/2024,Leche semidescremada,378.7,541,Florida
06/11/2024,Helado,595.5,397,Nueva York
13/08/2024,Helado,837.0,558,Nueva York
14/05/2024,Mantequilla sin sal,3099.6,738,Florida
30/12/2024,Dulce de leche,2916.0,972,Nueva York
30/10/2024,Queso edam,641.25,135,Nueva York
12/03/2024,Cuajada,1157.2,526,Massachusetts
04/12/2024,Queso crema,1170.4,418,Florida
06/05/2024,Suero de leche,750.0,375,Massachusetts
03/01/2024,Mantequilla clarificada (ghee),4548.25,791,Massachusetts
15/03/2024,Suero de leche,568.0,284,Texas
24/11/2024,Mantequilla sin sal,3519.6,838,Massachusetts
07/05/2024,Mantequilla con sal,1848.0,462,Massachusetts
22/12/2024,Leche saborizada,829.5,553,Massachusetts
25/04/2024,Yogur con frutas,582.0,485,California
29/04/2024,Helado,3051.5,718,Texas
10/01/2024,Yogur natural,218.0,218,Florida
24/08/2024,Kumis,680.0,272,Nueva York
29/09/2024,Leche deslactosada,141.7,109,California
18/06/2024,Queso crema,2335.2,834,Florida
22/03/2024,Yogur griego,1129.5,753,Florida
26/01/2024,Queso edam,1049.75,221,Massachusetts
24/05/2024,Crema de leche,4109.14,686,Nueva York
28/06/2024,Yogur con frutas,358.8,299,Texas
11/01/2024,Yogur natural,824.0,824,Massachusetts
04/10/2024,Cuajada,1749.0,795,California
20/02/2024,Cuajada,1137.4,517,Massachusetts
01/08/2024,Yogur natural,70.0,70,Massachusetts
08/06/2024,Mantequilla clarificada (ghee),4968.0,864,California
06/08/2024,Mantequilla sin sal,348.6,83,Florida
15/02/2024,Leche semidescremada,64.4,92,Massachusetts
16/12/2024,Mantequilla con sal,1816.0,454,Massachusetts
02/07/2024,Leche saborizada,1143.0,762,California
26/11/2024,Crema de leche,3809.64,636,Massachusetts
23/11/2024,Yogur natural,2173.5,621,Texas
27/07/2024,Suero de leche,1654.0,827,Nueva York
30/01/2024,Mantequilla con sal,2968.0,742,California
11/02/2024,Leche entera,507.5,406,California
03/06/2024,Queso parmesano,1896.0,395,Florida
05/11/2024,Kumis,2200.0,880,Texas
12/05/2024,Crema agria,1255.0,502,Massachusetts
14/09/2024,Suero de leche,1116.0,558,Texas
27/04/2024,Queso crema,1405.6,502,Florida
30/11/2024,Yogur con frutas,218.4,182,Massachusetts
04/09/2024,Suero de leche,54.0,27,Nueva York
16/05/2024,Crema agria,1540.0,616,Florida
25/04/2024,Mantequilla sin sal,1491.0,355,Texas
31/07/2024,Leche evaporada,1202.9,523,Florida
26/12/2024,Yogur natural,2530.5,723,California
21/05/2024,Leche en polvo,1689.0,563,Nueva York
31/03/2024,Helado,387.0,258,Florida
30/06/2024,Helado,4067.25,957,Massachusetts
09/10/2024,Mantequilla clarificada (ghee),4111.25,715,Texas
20/04/2024,Queso ricota,2352.0,588,California
19/10/2024,Leche condensada,572.5,229,Texas
27/06/2024,Cuajada,1326.6,603,California
14/11/2024,Mantequilla clarificada (ghee),2599.0,452,Massachusetts
18/09/2024,Cuajada,1718.2,781,Nueva York
09/09/2024,Suero de leche,1502.0,751,Nueva York
01/07/2024,Helado,1334.5,314,Massachusetts
01/04/2024,Crema agria,272.5,109,Nueva York
22/03/2024,Yogur con frutas,966.0,805,Florida
09/08/2024,Yogur griego,70.5,47,Nueva York
27/09/2024,Queso crema,2206.4,788,Massachusetts
25/03/2024,Helado,1401.0,934,Nueva York
21/03/2024,Yogur natural,525.0,150,Florida
04/01/2024,Suero de leche,486.0,243,Massachusetts
16/09/2024,Kumis,2252.5,901,California
08/03/2024,Yogur con frutas,342.0,285,Florida
20/04/2024,Crema de leche,4708.14,786,Florida
01/04/2024,Queso havarti,2163.0,412,Massachusetts
20/08/2024,Crema agria,267.5,107,Nueva York
30/07/2024,Crema de leche,3354.4,560,California
13/08/2024,Bebidas lácteas,1143.6,953,Florida
26/06/2024,Yogur con frutas,751.2,626,Nueva York
23/04/2024,Leche semidescremada,68.4,57,Florida
18/01/2024,Queso gruyere,1936.0,352,Nueva York
12/10/2024,Mantequilla con sal,1172.0,293,Texas
04/06/2024,Mantequilla sin sal,4036.2,961,Massachusetts
27/10/2024,Mantequilla sin sal,1780.8,424,Florida
04/07/2024,Crema de leche,760.73,127,Texas
08/02/2024,Queso gruyere,5291.0,962,Florida
03/08/2024,Bebidas lácteas,134.0,67,Texas
11/07/2024,Queso en lonchas,2888.0,760,California
11/10/2024,Queso camembert,5298.0,883,California
02/06/2024,Helado,1232.5,290,California
18/06/2024,Leche entera,267.75,357,Nueva York
27/01/2024,Queso crema,1808.8,646,Texas
10/03/2024,Crema de leche,503.16,84,Nueva York
23/03/2024,Mantequilla sin sal,1869.0,445,California
12/06/2024,Dulce de leche,2160.0,720,Texas
19/12/2024,Crema de leche,2929.11,489,Massachusetts
18/02/2024,Cuajada,950.4,432,California
25/09/2024,Yogur griego,115.5,77,Florida
24/07/2024,Crema batida,776.25,207,California
28/04/2024,Mantequilla con sal,3704.0,926,Texas
22/06/2024,Leche deslactosada,187.2,144,Massachusetts
13/03/2024,Leche en polvo,3377.0,614,Nueva York
12/05/2024,Cuajada,523.6,238,Massachusetts
12/09/2024,Mantequilla clarificada (ghee),3496.0,608,Massachusetts
21/06/2024,Suero de leche,168.0,84,California
24/03/2024,Crema agria,905.0,362,California
05/06/2024,Crema agria,1672.5,669,Texas
14/03/2024,Kumis,865.0,346,California
22/12/2024,Helado,3880.25,913,Nueva York
14/11/2024,Mantequilla con sal,880.0,220,Nueva York
29/09/2024,Crema agria,610.0,244,Nueva York
11/10/2024,Suero de leche,56.0,28,Texas
19/05/2024,Queso crema,526.4,188,California
25/03/2024,Yogur natural,397.0,397,California
27/07/2024,Yogur natural,540.0,540,Nueva York
16/03/2024,Suero de leche,430.0,215,California
05/09/2024,Mantequilla sin sal,394.8,94,California
06/06/2024,Mantequilla clarificada (ghee),3691.5,642,Nueva York
15/12/2024,Queso azul gorgonzola,1986.0,331,Texas
08/03/2024,Crema de leche,826.62,138,Florida
27/01/2024,Mantequilla sin sal,659.4,157,Texas
05/09/2024,Dulce de leche,1923.0,641,California
30/06/2024,Cuajada,1146.2,521,Massachusetts
20/10/2024,Cuajada,1240.8,564,Texas
01/11/2024,Queso havarti,3690.75,703,Massachusetts
15/10/2024,Helado,365.5,86,Massachusetts
23/06/2024,Crema agria,667.5,267,California
12/07/2024,Yogur natural,84.0,84,Texas
21/02/2024,Dulce de leche,2415.0,805,Massachusetts
04/07/2024,Mantequilla clarificada (ghee),3404.0,592,Massachusetts
27/04/2024,Cuajada,2193.4,997,Texas
27/03/2024,Crema agria,1145.0,458,Texas
06/04/2024,Kumis,305.0,122,Massachusetts
28/05/2024,Yogur con frutas,1033.2,861,California
15/11/2024,Mantequilla sin sal,3557.4,847,Nueva York
20/10/2024,Leche saborizada,1438.5,959,Florida
02/04/2024,Yogur con frutas,345.6,288,California
08/05/2024,Cuajada,1984.4,902,Texas
02/01/2024,Leche en polvo,1094.5,199,Massachusetts
08/02/2024,Crema agria,1285.0,514,Florida
11/09/2024,Queso ricota,2680.0,670,Texas
05/01/2024,Yogur con frutas,524.4,437,Texas
13/02/2024,Mantequilla clarificada (ghee),1978.0,344,Texas
26/05/2024,Leche saborizada,415.5,277,California
22/10/2024,Queso crema,943.6,337,Massachusetts
18/09/2024,Queso parmesano,2793.6,582,Florida
29/09/2024,Suero de leche,1320.0,660,Texas
14/09/2024,Leche evaporada,1136.2,494,Massachusetts
23/05/2024,Dulce de leche,1917.0,639,Texas
30/07/2024,Dulce de leche,867.0,289,Nueva York
16/11/2024,Leche descremada,1141.95,993,Massachusetts
19/03/2024,Dulce de leche,246.0,82,Florida
20/11/2024,Mantequilla clarificada (ghee),1155.75,201,California
05/10/2024,Crema de leche,3258.56,544,California
06/07/2024,Mantequilla clarificada (ghee),1592.75,277,Texas
16/02/2024,Yogur con frutas,928.8,774,Massachusetts
10/12/2024,Suero de leche,1782.0,891,Florida
25/02/2024,Mantequilla con sal,188.0,47,Florida
29/03/2024,Yogur natural,543.0,543,Florida
05/11/2024,Mantequilla sin sal,1113.0,265,Texas
24/02/2024,Queso para untar,675.2,211,Nueva York
29/10/2024,Mantequilla con sal,1000.0,250,Massachusetts
14/01/2024,Queso cheddar añejo,930.0,186,California
22/10/2024,Mantequilla con sal,1976.0,494,Massachusetts
08/12/2024,Queso cheddar añejo,4600.0,920,Nueva York
25/04/2024,Leche descremada,27.3,42,Massachusetts
12/12/2024,Queso ricota,3772.0,943,Nueva York
19/05/2024,Bebidas lácteas,84.0,42,Texas
16/08/2024,Queso camembert,4974.0,829,Florida
08/02/2024,Leche semidescremada,992.4,827,Florida
15/06/2024,Helado,540.0,360,Nueva York
17/10/2024,Suero de leche,702.0,351,Massachusetts
21/04/2024,Queso ricota,464.0,116,Massachusetts
27/02/2024,Kumis,1942.5,777,Florida
20/07/2024,Queso azul roquefort,1693.75,271,Florida
19/07/2024,Queso mozzarella,1282.5,342,Florida
23/12/2024,Leche deslactosada,113.1,87,Florida
03/01/2024,Yogur con frutas,848.4,707,Florida
26/08/2024,Yogur con frutas,45.6,38,Florida
28/08/2024,Cuajada,2127.4,967,Texas
27/05/2024,Mantequilla sin sal,1197.0,285,Massachusetts
30/11/2024,Crema de leche,2557.73,427,Nueva York
13/10/2024,Yogur natural,2229.5,637,Florida
18/11/2024,Queso crema,1915.2,684,California
08/04/2024,Leche evaporada,2173.5,945,Massachusetts
24/12/2024,Crema agria,2130.0,852,California
07/07/2024,Mantequilla con sal,2880.0,720,Nueva York
19/04/2024,Helado,900.0,600,California
05/09/2024,Mantequilla clarificada (ghee),3024.5,526,Nueva York
23/01/2024,Leche saborizada,169.5,113,Florida
12/06/2024,Leche condensada,1700.0,680,Nueva York
21/05/2024,Suero de leche,52.0,26,Massachusetts
02/10/2024,Dulce de leche,2040.0,680,Texas
19/05/2024,Leche entera,713.25,951,Texas
31/08/2024,Cuajada,1861.2,846,California
24/07/2024,Mantequilla con sal,2032.0,508,Florida
23/09/2024,Leche en polvo,2886.0,962,Nueva York
24/09/2024,Queso edam,3885.5,818,Massachusetts
18/08/2024,Mantequilla sin sal,3641.4,867,Massachusetts
02/03/2024,Suero de leche,898.0,449,Nueva York
24/08/2024,Yogur griego,180.0,120,Nueva York
16/02/2024,Yogur natural,721.0,206,Massachusetts
15/02/2024,Crema agria,1247.5,499,Florida
15/09/2024,Cuajada,765.6,348,Nueva York
05/06/2024,Queso mozzarella,3210.0,856,Nueva York
17/04/2024,Leche deslactosada,372.3,438,California
06/03/2024,Kumis,500.0,200,Texas
25/12/2024,Crema agria,2102.5,841,Florida
04/09/2024,Suero de leche,870.0,435,Florida
14/04/2024,Kumis,1657.5,663,Florida
22/04/2024,Leche en polvo,3833.5,697,Texas
20/11/2024,Yogur con frutas,687.6,573,Nueva York
26/02/2024,Mantequilla clarificada (ghee),69.0,12,Florida
21/06/2024,Mantequilla clarificada (ghee),1684.75,293,Nueva York
19/11/2024,Mantequilla sin sal,2247.0,535,California
09/04/2024,Leche semidescremada,1167.6,973,Florida
12/10/2024,Queso mozzarella,3528.75,941,California
16/11/2024,Queso havarti,3979.5,758,Texas
09/03/2024,Queso crema,1346.8,481,California
15/09/2024,Yogur con frutas,528.0,440,Florida
21/01/2024,Cuajada,671.0,305,Texas
25/09/2024,Leche descremada,23.4,36,Texas
30/12/2024,Queso crema,817.6,292,Massachusetts
17/04/2024,Queso azul gorgonzola,4128.0,688,Florida
29/04/2024,Crema agria,1772.5,709,Massachusetts
06/02/2024,Mantequilla sin sal,4179.0,995,Texas
20/07/2024,Yogur con frutas,304.8,254,Texas
04/05/2024,Queso havarti,3144.75,599,Nueva York
24/11/2024,Yogur natural,1739.5,497,California
30/05/2024,Mantequilla clarificada (ghee),4686.25,815,Florida
27/12/2024,Dulce de leche,2886.0,962,Texas
07/02/2024,Crema batida,67.5,18,Nueva York
23/05/2024,Leche entera,382.5,306,Texas
15/10/2024,Suero de leche,342.0,171,Florida
17/10/2024,Queso crema,2214.8,791,Nueva York
28/11/2024,Kumis,125.0,50,Massachusetts
31/10/2024,Crema de leche,4983.68,832,Texas
22/03/2024,Queso havarti,4226.25,805,Florida
05/07/2024,Yogur griego,57.0,38,California
20/07/2024,Yogur natural,2884.0,824,Nueva York
21/08/2024,Helado,927.0,618,Texas
14/02/2024,Crema batida,1950.0,520,Nueva York
16/02/2024,Bebidas lácteas,780.0,650,Texas
01/07/2024,Crema agria,2280.0,912,Florida
04/07/2024,Yogur con frutas,157.2,131,Massachusetts
04/02/2024,Yogur con frutas,67.2,56,Massachusetts
04/02/2024,Kumis,1215.0,486,California
30/04/2024,Crema agria,205.0,82,Massachusetts
16/02/2024,Crema agria,112.5,45,Texas
27/02/2024,Leche entera,402.75,537,Texas
07/10/2024,Leche saborizada,315.0,315,Texas
10/11/2024,Yogur con frutas,409.2,341,Massachusetts
23/01/2024,Queso parmesano,705.6,147,Texas
27/02/2024,Mantequilla sin sal,2343.6,558,Florida
28/01/2024,Leche entera,2677.5,765,Texas
22/06/2024,Kumis,1067.5,427,Massachusetts
21/08/2024,Leche entera,1106.25,885,Texas
01/01/2024,Cuajada,1236.4,562,Florida
18/08/2024,Mantequilla clarificada (ghee),4433.25,771,Massachusetts
12/09/2024,Leche evaporada,614.1,267,California
10/07/2024,Leche saborizada,940.0,940,California
17/04/2024,Mantequilla con sal,3336.0,834,Massachusetts
21/12/2024,Leche entera,230.25,307,Nueva York
04/03/2024,Dulce de leche,714.0,238,Nueva York
27/08/2024,Queso crema,2167.2,774,California
31/08/2024,Queso havarti,3281.25,625,Texas
08/06/2024,Suero de leche,1912.0,956,Nueva York
18/07/2024,Yogur natural,3409.0,974,Massachusetts
23/05/2024,Yogur natural,30.0,30,Florida
21/01/2024,Crema de leche,3540.09,591,Florida
07/05/2024,Yogur con frutas,945.6,788,Florida
01/08/2024,Kumis,375.0,150,California
27/07/2024,Leche evaporada,2283.9,993,Florida
07/06/2024,Mantequilla sin sal,3049.2,726,California
05/07/2024,Leche descremada,840.65,731,Florida
03/06/2024,Queso brie,3762.0,627,Florida
01/02/2024,Crema batida,1451.25,387,Florida
26/08/2024,Helado,1445.0,340,Nueva York
16/04/2024,Queso brie,1860.0,310,Texas
14/05/2024,Mantequilla con sal,2260.0,565,Massachusetts
14/10/2024,Yogur griego,456.0,304,Nueva York
31/05/2024,Crema batida,1908.75,509,Florida
26/10/2024,Dulce de leche,2829.0,943,Nueva York
06/03/2024,Leche en polvo,3041.5,553,Florida
12/12/2024,Crema de leche,1797.0,300,Texas
31/10/2024,Kumis,547.5,219,California
13/01/2024,Queso edam,2028.25,427,Massachusetts
22/05/2024,Queso cheddar añejo,2255.0,451,Massachusetts
25/08/2024,Queso camembert,1104.0,184,Texas
05/04/2024,Leche saborizada,42.0,28,Texas
05/08/2024,Leche evaporada,811.9,353,Florida
20/12/2024,Crema batida,2002.5,534,Massachusetts
21/08/2024,Queso crema,1265.6,452,Florida
25/08/2024,Yogur griego,793.5,529,Florida
14/03/2024,Queso edam,764.75,161,Texas
09/04/2024,Mantequilla con sal,1896.0,474,Florida
01/07/2024,Yogur con frutas,522.0,435,Massachusetts
21/12/2024,Helado,1211.25,285,Massachusetts
03/12/2024,Queso brie,300.0,50,Texas
08/01/2024,Queso havarti,2829.75,539,Texas
03/07/2024,Crema batida,2853.75,761,Massachusetts
18/05/2024,Crema de leche,3054.9,510,Florida
30/10/2024,Leche deslactosada,1107.6,852,Texas
28/02/2024,Queso azul gorgonzola,2664.0,444,Massachusetts
09/01/2024,Yogur griego,612.0,408,California
15/07/2024,Queso crema,1111.6,397,Nueva York
15/05/2024,Yogur griego,925.5,617,Texas
08/03/2024,Leche descremada,826.85,719,Massachusetts
01/08/2024,Kumis,1520.0,608,Florida
07/05/2024,Mantequilla sin sal,2301.6,548,Texas
27/03/2024,Kumis,447.5,179,Nueva York
17/10/2024,Queso crema,1159.2,414,Florida
07/08/2024,Queso blanco,4120.0,824,Massachusetts
04/02/2024,Queso cheddar añejo,1730.0,346,Massachusetts
01/04/2024,Leche entera,16.25,13,California
26/12/2024,Crema batida,3532.5,942,California
10/08/2024,Mantequilla sin sal,911.4,217,Massachusetts
28/02/2024,Leche evaporada,1577.8,686,California
21/02/2024,Crema batida,3048.75,813,Texas
03/01/2024,Crema agria,915.0,366,Massachusetts
21/05/2024,Suero de leche,1106.0,553,Florida
10/06/2024,Queso mozzarella,1132.5,302,Texas
26/02/2024,Queso edam,2845.25,599,Florida
10/09/2024,Queso azul gorgonzola,4710.0,785,Nueva York
19/10/2024,Queso blanco,1740.0,348,Nueva York
14/01/2024,Queso blanco,2845.0,569,Nueva York
17/06/2024,Dulce de leche,1068.0,356,Massachusetts
24/05/2024,Queso crema,28.0,10,Florida
19/03/2024,Yogur con frutas,589.2,491,California
14/07/2024,Mantequilla con sal,200.0,50,Nueva York
09/09/2024,Crema de leche,3234.6,540,Massachusetts
02/10/2024,Suero de leche,534.0,267,Nueva York
03/09/2024,Suero de leche,478.0,239,Florida
28/01/2024,Leche en polvo,4642.0,844,Nueva York
06/06/2024,Suero de leche,1210.0,605,California
21/01/2024,Yogur natural,319.0,319,Florida
05/08/2024,Crema de leche,2539.76,424,Nueva York
18/12/2024,Dulce de leche,2412.0,804,Massachusetts
11/09/2024,Cuajada,941.6,428,Nueva York
08/03/2024,Crema batida,2973.75,793,California
23/01/2024,Crema batida,1365.0,364,Nueva York
04/12/2024,Mantequilla sin sal,1726.2,411,Texas
25/12/2024,Queso azul roquefort,2543.75,407,California
26/05/2024,Suero de leche,1300.0,650,California
28/02/2024,Queso camembert,858.0,143,Massachusetts
07/04/2024,Mantequilla sin sal,1444.8,344,Nueva York
21/01/2024,Mantequilla con sal,3616.0,904,Texas
18/10/2024,Bebidas lácteas,16.8,14,Massachusetts
18/02/2024,Leche semidescremada,530.4,442,Massachusetts
28/12/2024,Mantequilla sin sal,1071.0,255,Florida
28/06/2024,Yogur natural,195.0,195,Massachusetts
05/07/2024,Cuajada,1691.8,769,California
24/06/2024,Crema de leche,2425.95,405,Massachusetts
29/10/2024,Crema agria,2132.5,853,Nueva York
28/06/2024,Leche saborizada,857.0,857,Texas
27/12/2024,Crema batida,2163.75,577,Massachusetts
28/07/2024,Queso mozzarella,3390.0,904,Florida
18/01/2024,Mantequilla con sal,2484.0,621,California
18/06/2024,Crema batida,2962.5,790,Texas
22/05/2024,Leche descremada,21.45,33,California
20/11/2024,Queso gruyere,1688.5,307,Nueva York
28/06/2024,Yogur con frutas,583.2,486,Texas
02/12/2024,Crema batida,1155.0,308,California
02/11/2024,Suero de leche,970.0,485,California
12/10/2024,Yogur griego,688.5,459,Nueva York
18/09/2024,Cuajada,1790.8,814,California
02/11/2024,Yogur griego,76.5,51,Nueva York
19/01/2024,Mantequilla sin sal,1339.8,319,Nueva York
10/06/2024,Kumis,1285.0,514,California
13/12/2024,Queso azul roquefort,556.25,89,Nueva York
10/08/2024,Crema de leche,335.44,56,Massachusetts
23/11/2024,Queso mozzarella,60.0,16,Florida
26/07/2024,Dulce de leche,1962.0,654,Massachusetts
27/10/2024,Yogur con frutas,108.0,90,Texas
21/01/2024,Helado,2707.25,637,Nueva York
23/05/2024,Yogur griego,615.0,410,Nueva York
01/03/2024,Crema de leche,1293.84,216,Massachusetts
28/08/2024,Crema agria,1837.5,735,Florida
25/06/2024,Leche condensada,305.0,122,Massachusetts
11/09/2024,Helado,262.5,175,Massachusetts
29/02/2024,Yogur natural,126.0,126,California
30/11/2024,Leche condensada,1107.5,443,Nueva York
07/03/2024,Queso mozzarella,1365.0,364,Massachusetts
10/03/2024,Mantequilla con sal,1072.0,268,Texas
29/05/2024,Helado,450.0,300,Nueva York
10/08/2024,Queso crema,1178.8,421,California
10/07/2024,Crema batida,2688.75,717,Massachusetts
09/08/2024,Yogur natural,677.0,677,Nueva York
21/04/2024,Yogur griego,352.5,235,Massachusetts
28/08/2024,Queso en lonchas,3325.0,875,Florida
23/03/2024,Suero de leche,1260.0,630,Texas
12/11/2024,Crema agria,1602.5,641,Texas
11/02/2024,Crema batida,742.5,198,Nueva York
19/04/2024,Queso en lonchas,3378.2,889,Nueva York
24/05/2024,Leche condensada,2067.5,827,Nueva York
26/12/2024,Crema de leche,2216.3,370,Nueva York
19/01/2024,Mantequilla clarificada (ghee),5152.0,896,Florida
31/05/2024,Yogur con frutas,946.8,789,Texas
29/09/2024,Queso gruyere,5285.5,961,Massachusetts
20/03/2024,Yogur natural,1949.5,557,Massachusetts
03/01/2024,Queso crema,254.8,91,Nueva York
24/02/2024,Mantequilla sin sal,625.8,149,Massachusetts
03/05/2024,Queso azul roquefort,5387.5,862,Texas
02/10/2024,Yogur griego,742.5,495,Texas
03/04/2024,Cuajada,602.8,274,California
05/01/2024,Queso para untar,851.2,266,Nueva York
16/08/2024,Leche saborizada,1443.0,962,Massachusetts
03/02/2024,Queso azul roquefort,5518.75,883,California
23/12/2024,Crema de leche,3623.95,605,Texas
01/04/2024,Kumis,952.5,381,California
12/01/2024,Yogur griego,603.0,402,Florida
21/08/2024,Dulce de leche,1449.0,483,Massachusetts
01/06/2024,Mantequilla sin sal,1969.8,469,California
10/03/2024,Mantequilla clarificada (ghee),218.5,38,Florida
24/10/2024,Queso mozzarella,1920.0,512,Nueva York
11/05/2024,Queso blanco,4690.0,938,California
24/02/2024,Mantequilla clarificada (ghee),5152.0,896,Massachusetts
20/02/2024,Mantequilla clarificada (ghee),3421.25,595,Nueva York
14/07/2024,Leche evaporada,1989.5,865,Massachusetts
27/09/2024,Queso gruyere,5065.5,921,Texas
17/03/2024,Mantequilla clarificada (ghee),816.5,142,Texas
31/10/2024,Kumis,1585.0,634,Nueva York
03/06/2024,Leche entera,45.0,36,California
09/01/2024,Kumis,2392.5,957,Texas
07/08/2024,Yogur con frutas,912.0,760,Texas
26/07/2024,Leche condensada,1110.0,444,Nueva York
15/01/2024,Leche condensada,1535.0,614,California
31/05/2024,Leche deslactosada,915.2,704,Nueva York
09/11/2024,Dulce de leche,138.0,46,Nueva York
21/11/2024,Leche deslactosada,396.95,467,California
16/06/2024,Crema de leche,1856.9,310,Massachusetts
09/07/2024,Bebidas lácteas,1574.0,787,Nueva York
13/10/2024,Queso para untar,752.0,235,Florida
20/01/2024,Mantequilla con sal,556.0,139,Nueva York
24/05/2024,Leche entera,1243.75,995,Massachusetts
04/06/2024,Crema batida,1406.25,375,Nueva York
19/12/2024,Mantequilla sin sal,1755.6,418,Florida
13/06/2024,Mantequilla sin sal,2410.8,574,Nueva York
26/09/2024,Yogur con frutas,306.0,255,Florida
30/10/2024,Mantequilla con sal,3336.0,834,Texas
05/09/2024,Yogur natural,548.0,548,Massachusetts
28/12/2024,Dulce de leche,1716.0,572,Nueva York
23/05/2024,Bebidas lácteas,978.0,815,Texas
17/01/2024,Yogur griego,256.5,171,Massachusetts
01/08/2024,Queso edam,370.5,78,Texas
23/04/2024,Mantequilla sin sal,2944.2,701,California
07/08/2024,Crema agria,1315.0,526,California
07/02/2024,Leche saborizada,416.0,416,Texas
18/08/2024,Leche en polvo,156.0,52,Massachusetts
15/05/2024,Helado,1853.0,436,California
31/10/2024,Yogur natural,353.0,353,Texas
21/11/2024,Queso en lonchas,182.4,48,Florida
22/04/2024,Leche condensada,1320.0,528,California
09/11/2024,Queso havarti,3890.25,741,Massachusetts
21/01/2024,Kumis,1657.5,663,Florida
08/08/2024,Bebidas lácteas,1946.0,973,Florida
02/10/2024,Mantequilla sin sal,2163.0,515,California
09/03/2024,Queso crema,106.4,38,California
03/11/2024,Mantequilla clarificada (ghee),2449.5,426,Massachusetts
15/07/2024,Mantequilla clarificada (ghee),5468.25,951,Texas
08/03/2024,Leche en polvo,4933.5,897,Massachusetts
30/06/2024,Queso havarti,4819.5,918,California
13/02/2024,Yogur natural,236.0,236,Texas
12/02/2024,Crema agria,1630.0,652,Texas
11/01/2024,Leche descremada,285.35,439,Massachusetts
25/04/2024,Crema batida,2122.5,566,Florida
19/02/2024,Leche saborizada,873.0,582,Texas
23/10/2024,Mantequilla sin sal,3095.4,737,California
19/07/2024,Mantequilla clarificada (ghee),4743.75,825,Massachusetts
16/01/2024,Dulce de leche,2622.0,874,California
09/07/2024,Yogur con frutas,691.2,576,Florida
20/12/2024,Mantequilla clarificada (ghee),2150.5,374,California
02/10/2024,Yogur natural,2621.5,749,California
02/04/2024,Queso camembert,1908.0,318,California
19/09/2024,Crema batida,446.25,119,Texas
29/09/2024,Mantequilla clarificada (ghee),644.0,112,California
02/06/2024,Queso gruyere,3245.0,590,Texas
22/08/2024,Leche deslactosada,106.25,125,Texas
25/06/2024,Queso brie,5892.0,982,California
17/12/2024,Leche condensada,1507.5,603,Nueva York
10/02/2024,Bebidas lácteas,158.0,79,Nueva York
22/06/2024,Leche evaporada,2109.1,917,Nueva York
23/02/2024,Queso crema,1055.6,377,Massachusetts
03/07/2024,Leche semidescremada,78.4,112,Texas
01/04/2024,Leche condensada,1132.5,453,Florida
02/06/2024,Helado,843.0,562,California
20/09/2024,Leche saborizada,645.0,430,Florida
22/07/2024,Mantequilla clarificada (ghee),201.25,35,Florida
08/11/2024,Cuajada,1317.8,599,Texas
12/06/2024,Yogur natural,2033.5,581,Florida
01/01/2024,Mantequilla sin sal,3767.4,897,California
24/09/2024,Yogur natural,2695.0,770,Massachusetts
30/05/2024,Yogur natural,339.5,97,Massachusetts
23/08/2024,Queso crema,1528.8,546,Nueva York
17/10/2024,Crema batida,2501.25,667,Florida
28/04/2024,Cuajada,1082.4,492,California
25/06/2024,Queso crema,394.8,141,Florida
06/04/2024,Leche semidescremada,195.3,279,Texas
26/11/2024,Queso havarti,2562.0,488,Florida
15/06/2024,Crema batida,3495.0,932,Nueva York
07/09/2024,Leche evaporada,1980.3,861,Florida
12/02/2024,Yogur griego,435.0,290,Massachusetts
30/07/2024,Suero de leche,1176.0,588,Florida
28/12/2024,Queso blanco,2020.0,404,Texas
05/10/2024,Cuajada,1419.0,645,California
06/09/2024,Yogur natural,1540.0,440,Nueva York
01/02/2024,Leche condensada,475.0,190,California
19/03/2024,Queso azul roquefort,2931.25,469,California
04/04/2024,Mantequilla sin sal,1801.8,429,Nueva York
31/01/2024,Queso crema,2534.0,905,Massachusetts
12/03/2024,Queso havarti,3816.75,727,Massachusetts
02/09/2024,Queso crema,442.4,158,Nueva York
30/11/2024,Helado,1428.0,336,Texas
03/11/2024,Queso en lonchas,471.2,124,Nueva York
17/01/2024,Yogur con frutas,849.6,708,Massachusetts
26/05/2024,Yogur natural,543.0,543,Massachusetts
05/02/2024,Mantequilla clarificada (ghee),2984.25,519,Texas
10/05/2024,Queso crema,2385.6,852,California
11/01/2024,Bebidas lácteas,218.4,182,Texas
30/08/2024,Leche saborizada,34.0,34,Florida
20/01/2024,Yogur natural,687.0,687,Massachusetts
23/08/2024,Yogur griego,391.5,261,California
23/05/2024,Leche condensada,1195.0,478,Nueva York
13/11/2024,Crema de leche,563.06,94,Florida
06/12/2024,Mantequilla sin sal,1625.4,387,Florida
11/03/2024,Yogur con frutas,279.6,233,Massachusetts
12/04/2024,Leche entera,518.0,148,Texas
29/05/2024,Mantequilla con sal,3196.0,799,Florida
30/11/2024,Mantequilla con sal,2380.0,595,Florida
10/09/2024,Crema batida,652.5,174,Florida
06/10/2024,Leche entera,516.75,689,Florida
28/09/2024,Queso blanco,1915.0,383,Massachusetts
30/11/2024,Mantequilla sin sal,1709.4,407,Massachusetts
04/04/2024,Yogur natural,585.0,585,California
15/01/2024,Mantequilla sin sal,693.0,165,Nueva York
31/07/2024,Leche saborizada,633.0,633,California
23/02/2024,Queso crema,2461.2,879,Massachusetts
06/12/2024,Cuajada,1790.8,814,California
12/03/2024,Crema batida,1173.75,313,Florida
03/11/2024,Queso parmesano,480.0,100,Nueva York
09/10/2024,Bebidas lácteas,170.4,142,Texas
09/02/2024,Mantequilla con sal,3988.0,997,Florida
22/12/2024,Bebidas lácteas,1004.4,837,Florida
13/02/2024,Queso para untar,1200.0,375,Florida
21/09/2024,Cuajada,1152.8,524,Massachusetts
01/12/2024,Crema batida,3026.25,807,Massachusetts
28/12/2024,Queso gouda,3096.0,688,Nueva York
26/04/2024,Cuajada,367.4,167,Massachusetts
19/02/2024,Mantequilla sin sal,4078.2,971,Massachusetts
25/07/2024,Queso crema,1106.0,395,Florida
08/03/2024,Leche evaporada,874.0,380,Massachusetts
29/02/2024,Yogur natural,753.0,753,Texas
17/02/2024,Cuajada,407.0,185,Texas
19/04/2024,Mantequilla clarificada (ghee),2386.25,415,Florida
04/05/2024,Queso ricota,2500.0,625,Florida
07/08/2024,Kumis,1997.5,799,Nueva York
22/01/2024,Leche semidescremada,1191.6,993,Florida
24/11/2024,Leche evaporada,1193.7,519,Florida
14/02/2024,Crema agria,2247.5,899,Texas
31/08/2024,Queso crema,943.6,337,Texas
11/06/2024,Kumis,2407.5,963,California
19/12/2024,Helado,811.75,191,Florida
03/11/2024,Queso gruyere,4284.5,779,Nueva York
12/11/2024,Crema de leche,2743.42,458,Florida
21/12/2024,Queso en lonchas,1440.2,379,Nueva York
07/03/2024,Mantequilla con sal,652.0,163,Florida
12/12/2024,Queso cheddar añejo,1490.0,298,Massachusetts
01/11/2024,Mantequilla clarificada (ghee),5709.75,993,Massachusetts
05/06/2024,Crema batida,2081.25,555,Nueva York
30/06/2024,Helado,93.5,22,Texas
31/01/2024,Yogur griego,1057.5,705,California
22/08/2024,Suero de leche,1968.0,984,Nueva York
12/10/2024,Dulce de leche,2574.0,858,Nueva York
07/05/2024,Mantequilla clarificada (ghee),3220.0,560,Texas
03/12/2024,Suero de leche,870.0,435,Florida
09/10/2024,Queso cheddar añejo,1910.0,382,Massachusetts
08/03/2024,Leche condensada,2285.0,914,Massachusetts
20/04/2024,Queso azul roquefort,4906.25,785,California
04/06/2024,Helado,1746.75,411,Florida
30/01/2024,Leche evaporada,1202.9,523,Nueva York
07/08/2024,Helado,595.5,397,California
03/08/2024,Leche descremada,1093.65,951,Nueva York
02/07/2024,Kumis,1415.0,566,Nueva York
26/10/2024,Mantequilla con sal,1112.0,278,Massachusetts
27/06/2024,Mantequilla con sal,3828.0,957,Florida
12/01/2024,Queso mozzarella,2355.0,628,Massachusetts
27/11/2024,Yogur griego,1302.0,868,Florida
15/04/2024,Suero de leche,998.0,499,Florida
29/12/2024,Cuajada,1315.6,598,California
28/06/2024,Queso gruyere,4972.0,904,Massachusetts
16/11/2024,Suero de leche,1922.0,961,Nueva York
10/12/2024,Queso crema,1010.8,361,Texas
14/11/2024,Queso gouda,4437.0,986,California
28/03/2024,Queso camembert,876.0,146,Texas
30/03/2024,Mantequilla con sal,3016.0,754,Nueva York
22/06/2024,Cuajada,1289.2,586,California
07/03/2024,Queso ricota,2396.0,599,Nueva York
21/09/2024,Kumis,2387.5,955,Texas
10/09/2024,Leche saborizada,908.0,908,Nueva York
25/02/2024,Yogur natural,977.0,977,Texas
10/03/2024,Queso crema,1573.6,562,Massachusetts
01/02/2024,Crema batida,333.75,89,California
31/07/2024,Yogur con frutas,166.8,139,Massachusetts
14/05/2024,Crema batida,183.75,49,Texas
30/07/2024,Leche entera,508.5,678,California
07/09/2024,Queso azul roquefort,4837.5,774,Florida
25/05/2024,Crema agria,1445.0,578,Texas
05/03/2024,Mantequilla clarificada (ghee),1552.5,270,California
24/09/2024,Leche deslactosada,315.35,371,Texas
02/05/2024,Leche saborizada,412.5,275,Massachusetts
18/10/2024,Crema de leche,3006.98,502,Texas
16/09/2024,Yogur natural,2061.5,589,Nueva York
15/08/2024,Yogur con frutas,1166.4,972,Massachusetts
02/03/2024,Queso gouda,976.5,217,Nueva York
01/01/2024,Leche condensada,1035.0,414,Florida
13/05/2024,Suero de leche,1126.0,563,Texas
29/05/2024,Queso crema,1251.6,447,Florida
05/12/2024,Queso edam,2888.0,608,Florida
02/11/2024,Queso crema,2318.4,828,Massachusetts
02/10/2024,Cuajada,974.6,443,California
13/05/2024,Kumis,85.0,34,Nueva York
25/12/2024,Kumis,875.0,350,Florida
21/08/2024,Leche condensada,1615.0,646,Massachusetts
23/10/2024,Queso crema,2144.8,766,Texas
04/12/2024,Queso blanco,760.0,152,Florida
09/10/2024,Leche deslactosada,345.8,266,Florida
25/10/2024,Mantequilla sin sal,197.4,47,Nueva York
09/03/2024,Queso cheddar añejo,625.0,125,Texas
30/09/2024,Helado,3077.0,724,Texas
05/09/2024,Leche descremada,248.4,216,California
10/02/2024,Leche en polvo,363.0,66,California
21/04/2024,Yogur griego,396.0,264,Texas
22/05/2024,Cuajada,1988.8,904,Texas
07/09/2024,Cuajada,470.8,214,California
28/06/2024,Cuajada,435.6,198,Massachusetts
22/05/2024,Leche evaporada,814.2,354,Texas
26/07/2024,Yogur con frutas,1052.4,877,Florida
08/08/2024,Mantequilla clarificada (ghee),4732.25,823,Massachusetts
01/01/2024,Yogur natural,2894.5,827,Florida
23/10/2024,Leche en polvo,132.0,44,California
05/02/2024,Kumis,1577.5,631,California
22/06/2024,Dulce de leche,720.0,240,Nueva York
26/03/2024,Kumis,70.0,28,California
29/02/2024,Mantequilla sin sal,2562.0,610,California
18/01/2024,Queso cheddar añejo,3920.0,784,California
04/04/2024,Queso crema,744.8,266,Texas
25/04/2024,Yogur con frutas,214.8,179,California
24/12/2024,Kumis,630.0,252,Florida
30/06/2024,Leche descremada,202.15,311,California
10/01/2024,Yogur griego,1423.5,949,California
06/10/2024,Mantequilla clarificada (ghee),3823.75,665,Texas
04/09/2024,Mantequilla con sal,2796.0,699,California
25/06/2024,Queso azul roquefort,1837.5,294,Florida
08/11/2024,Helado,3221.5,758,Massachusetts
17/06/2024,Dulce de leche,444.0,148,Texas
25/08/2024,Mantequilla sin sal,3166.8,754,Florida
09/06/2024,Bebidas lácteas,688.0,344,Massachusetts
06/09/2024,Suero de leche,1868.0,934,California
20/07/2024,Cuajada,1628.0,740,Texas
15/07/2024,Queso brie,756.0,126,California
01/12/2024,Leche entera,1011.25,809,California
10/06/2024,Mantequilla clarificada (ghee),2691.0,468,Florida
09/02/2024,Leche en polvo,2940.0,980,Texas
12/05/2024,Leche saborizada,1066.5,711,Massachusetts
30/01/2024,Crema batida,1203.75,321,Nueva York
31/03/2024,Crema batida,1833.75,489,California
25/03/2024,Leche evaporada,25.3,11,California
09/05/2024,Queso crema,2125.2,759,Massachusetts
02/08/2024,Yogur griego,138.0,92,Texas
16/11/2024,Queso crema,1290.8,461,Florida
26/09/2024,Dulce de leche,1347.0,449,Texas
25/09/2024,Leche deslactosada,1290.9,993,Texas
07/04/2024,Helado,1332.0,888,Massachusetts
09/02/2024,Kumis,105.0,42,Texas
05/05/2024,Mantequilla sin sal,3826.2,911,Massachusetts
05/03/2024,Yogur griego,171.0,114,Texas
23/03/2024,Mantequilla con sal,3720.0,930,Nueva York
21/02/2024,Kumis,1220.0,488,Nueva York
06/12/2024,Yogur griego,1228.5,819,Texas
31/05/2024,Leche entera,671.25,895,Florida
01/05/2024,Crema batida,2643.75,705,Nueva York
04/04/2024,Cuajada,473.0,215,Texas
20/10/2024,Queso crema,313.6,112,Nueva York
27/12/2024,Dulce de leche,744.0,248,California
26/05/2024,Leche deslactosada,1043.9,803,Texas
23/04/2024,Crema agria,202.5,81,Texas
07/11/2024,Queso cheddar añejo,1970.0,394,Nueva York
20/07/2024,Leche semidescremada,228.0,190,California
14/10/2024,Queso parmesano,2947.2,614,Florida
29/05/2024,Suero de leche,784.0,392,California
24/11/2024,Mantequilla clarificada (ghee),1115.5,194,California
04/12/2024,Bebidas lácteas,853.2,711,Texas
19/04/2024,Crema de leche,5301.15,885,Massachusetts
19/03/2024,Queso havarti,3585.75,683,Florida
13/08/2024,Crema de leche,4270.87,713,Texas
22/05/2024,Crema agria,2310.0,924,Massachusetts
08/03/2024,Queso para untar,156.8,49,Massachusetts
24/03/2024,Crema de leche,1581.36,264,Massachusetts
06/03/2024,Yogur natural,1242.5,355,Nueva York
08/05/2024,Leche en polvo,2838.0,946,California
03/06/2024,Cuajada,1020.8,464,California
16/01/2024,Queso azul roquefort,3368.75,539,Florida
29/05/2024,Mantequilla con sal,3060.0,765,Florida
17/07/2024,Crema batida,2298.75,613,Nueva York
28/12/2024,Helado,1495.5,997,California
29/06/2024,Cuajada,83.6,38,Texas
01/05/2024,Helado,220.5,147,California
18/12/2024,Leche entera,15.0,12,Texas
10/08/2024,Queso parmesano,2596.8,541,Texas
15/11/2024,Crema agria,802.5,321,Nueva York
19/02/2024,Dulce de leche,1038.0,346,California
20/04/2024,Bebidas lácteas,894.0,745,Texas
01/11/2024,Queso havarti,2913.75,555,Texas
28/08/2024,Queso cheddar añejo,360.0,72,Nueva York
22/05/2024,Suero de leche,616.0,308,Nueva York
01/03/2024,Queso mozzarella,3678.75,981,Texas
18/03/2024,Queso crema,327.6,117,Texas
16/09/2024,Leche semidescremada,321.6,268,Florida
01/10/2024,Crema batida,1278.75,341,California
19/08/2024,Leche en polvo,900.0,300,Massachusetts
08/10/2024,Crema agria,2167.5,867,Florida
07/07/2024,Queso parmesano,460.8,96,California
10/08/2024,Helado,1332.0,888,Massachusetts
12/06/2024,Mantequilla con sal,1500.0,375,California
01/06/2024,Mantequilla clarificada (ghee),4853.0,844,California
17/05/2024,Cuajada,55.0,25,Florida
19/08/2024,Leche en polvo,2469.5,449,Massachusetts
15/04/2024,Yogur griego,1135.5,757,Texas
06/11/2024,Queso crema,977.2,349,Nueva York
05/06/2024,Helado,1458.0,972,Texas
23/07/2024,Yogur natural,672.0,672,Florida
20/04/2024,Kumis,112.5,45,California
02/02/2024,Leche condensada,1997.5,799,Nueva York
11/11/2024,Mantequilla sin sal,3028.2,721,California
17/06/2024,Queso para untar,2668.8,834,Texas
06/04/2024,Queso blanco,400.0,80,California
02/06/2024,Leche saborizada,136.0,136,Texas
27/02/2024,Leche condensada,887.5,355,Massachusetts
26/11/2024,Leche saborizada,1308.0,872,California
27/10/2024,Suero de leche,560.0,280,Texas
12/04/2024,Yogur con frutas,1028.4,857,Massachusetts
31/01/2024,Mantequilla sin sal,1344.0,320,Texas
25/10/2024,Queso azul gorgonzola,1272.0,212,Nueva York
18/11/2024,Queso ricota,1288.0,322,Texas
24/04/2024,Yogur con frutas,301.2,251,Texas
09/08/2024,Leche saborizada,526.5,351,Massachusetts
28/04/2024,Mantequilla con sal,228.0,57,Texas
23/09/2024,Queso parmesano,1473.6,307,Florida
18/01/2024,Queso edam,1961.75,413,Florida
14/01/2024,Kumis,2465.0,986,Nueva York
13/04/2024,Mantequilla sin sal,407.4,97,Florida
24/02/2024,Dulce de leche,2982.0,994,Texas
23/09/2024,Queso gruyere,4339.5,789,Texas
14/04/2024,Queso crema,2489.2,889,Texas
09/12/2024,Crema agria,212.5,85,Texas
23/05/2024,Mantequilla sin sal,2272.2,541,Massachusetts
17/09/2024,Mantequilla clarificada (ghee),166.75,29,Nueva York
19/01/2024,Crema de leche,389.35,65,Nueva York
25/03/2024,Crema batida,3097.5,826,Massachusetts
04/04/2024,Kumis,1417.5,567,Florida
26/12/2024,Kumis,1145.0,458,California
11/07/2024,Mantequilla sin sal,2591.4,617,Massachusetts
14/12/2024,Leche condensada,1725.0,690,Texas
15/08/2024,Queso azul gorgonzola,834.0,139,Massachusetts
08/01/2024,Crema de leche,4522.45,755,California
16/08/2024,Kumis,612.5,245,California
16/04/2024,Suero de leche,1252.0,626,Florida
04/03/2024,Leche entera,387.0,516,Nueva York
19/03/2024,Kumis,2327.5,931,Texas
19/02/2024,Queso crema,2581.6,922,Florida
13/06/2024,Yogur griego,535.5,357,California
08/06/2024,Mantequilla clarificada (ghee),1799.75,313,Nueva York
05/05/2024,Mantequilla con sal,664.0,166,Florida
04/12/2024,Yogur griego,576.0,384,Texas
15/04/2024,Suero de leche,904.0,452,Massachusetts
21/07/2024,Mantequilla con sal,2196.0,549,Texas
02/02/2024,Queso parmesano,960.0,200,Nueva York
07/08/2024,Leche en polvo,2880.0,960,Nueva York
30/06/2024,Mantequilla con sal,3164.0,791,Florida
15/09/2024,Yogur griego,1372.5,915,California
20/03/2024,Queso mozzarella,3011.25,803,Nueva York
26/08/2024,Queso brie,2268.0,378,California
25/08/2024,Mantequilla clarificada (ghee),2254.0,392,Nueva York
05/03/2024,Kumis,1545.0,618,Florida
04/07/2024,Mantequilla con sal,728.0,182,Nueva York
18/02/2024,Cuajada,1045.0,475,California
27/01/2024,Queso gouda,4234.5,941,Florida
11/06/2024,Crema agria,25.0,10,Nueva York
12/01/2024,Queso gouda,1336.5,297,Nueva York
21/07/2024,Crema agria,390.0,156,Texas
15/08/2024,Leche en polvo,2565.0,855,Florida
12/10/2024,Helado,55.5,37,Nueva York
22/11/2024,Crema de leche,2204.32,368,California
08/06/2024,Yogur griego,390.0,260,Texas
10/02/2024,Yogur natural,2299.5,657,Florida
13/04/2024,Crema batida,476.25,127,Florida
06/03/2024,Queso azul gorgonzola,5364.0,894,Texas
07/02/2024,Leche evaporada,1196.0,520,Nueva York
19/09/2024,Cuajada,1691.8,769,Nueva York
05/11/2024,Yogur natural,1522.5,435,Nueva York
21/01/2024,Queso para untar,2265.6,708,California
13/02/2024,Crema agria,497.5,199,Nueva York
08/02/2024,Crema batida,108.75,29,Texas
17/09/2024,Cuajada,1942.6,883,Massachusetts
02/03/2024,Leche descremada,684.25,595,Nueva York
11/08/2024,Leche descremada,829.15,721,Massachusetts
21/08/2024,Queso edam,437.0,92,Nueva York
17/02/2024,Mantequilla con sal,616.0,154,Nueva York
21/07/2024,Mantequilla con sal,2520.0,630,Texas
06/02/2024,Queso crema,652.4,233,Nueva York
05/02/2024,Yogur griego,505.5,337,Texas
15/04/2024,Dulce de leche,1458.0,486,Florida
07/12/2024,Crema agria,2210.0,884,Massachusetts
30/05/2024,Bebidas lácteas,1122.0,935,Texas
12/12/2024,Leche condensada,2225.0,890,Nueva York
06/05/2024,Leche evaporada,782.0,340,California
12/12/2024,Mantequilla con sal,776.0,194,Massachusetts
19/01/2024,Cuajada,1073.6,488,Massachusetts
17/02/2024,Leche deslactosada,696.8,536,Nueva York
04/11/2024,Queso mozzarella,3285.0,876,Florida
23/11/2024,Mantequilla clarificada (ghee),2110.25,367,Massachusetts
17/08/2024,Queso ricota,3288.0,822,Florida
17/09/2024,Mantequilla sin sal,3784.2,901,Nueva York
21/02/2024,Helado,3230.0,760,Florida
21/02/2024,Crema batida,3281.25,875,Massachusetts
05/03/2024,Crema agria,1657.5,663,California
05/05/2024,Crema agria,2107.5,843,Florida
22/12/2024,Leche descremada,876.3,762,Nueva York
15/03/2024,Crema agria,2257.5,903,California
07/09/2024,Yogur con frutas,774.0,645,California
21/06/2024,Mantequilla sin sal,2473.8,589,Massachusetts
14/05/2024,Queso mozzarella,2872.5,766,Massachusetts
13/10/2024,Mantequilla sin sal,1306.2,311,California
13/06/2024,Crema agria,2075.0,830,California
21/02/2024,Mantequilla sin sal,504.0,120,Florida
18/01/2024,Mantequilla clarificada (ghee),3432.75,597,Texas
16/12/2024,Queso gruyere,1089.0,198,Texas
11/03/2024,Queso camembert,1086.0,181,Massachusetts
05/07/2024,Yogur natural,63.0,18,Massachusetts
23/03/2024,Leche entera,537.75,717,Massachusetts
19/02/2024,Queso crema,361.2,129,California
25/01/2024,Crema agria,655.0,262,Nueva York
25/01/2024,Mantequilla con sal,68.0,17,California
15/07/2024,Suero de leche,634.0,317,California
09/12/2024,Suero de leche,1444.0,722,Nueva York
04/10/2024,Yogur griego,1414.5,943,Florida
17/11/2024,Crema batida,420.0,112,Massachusetts
31/01/2024,Queso cheddar añejo,2640.0,528,Florida
20/05/2024,Leche semidescremada,537.6,768,Massachusetts
24/01/2024,Leche descremada,640.9,986,Massachusetts
18/08/2024,Yogur natural,947.0,947,California
25/07/2024,Crema de leche,5588.67,933,California
08/11/2024,Queso brie,3570.0,595,Massachusetts
09/02/2024,Crema de leche,275.54,46,Massachusetts
24/05/2024,Mantequilla sin sal,3217.2,766,California
28/04/2024,Queso parmesano,3364.8,701,Florida
12/10/2024,Cuajada,371.8,169,California
06/02/2024,Queso crema,1909.6,682,Florida
07/02/2024,Mantequilla sin sal,751.8,179,Florida
18/11/2024,Mantequilla clarificada (ghee),931.5,162,Texas
09/07/2024,Helado,126.0,84,Texas
31/08/2024,Mantequilla sin sal,92.4,22,Massachusetts
05/08/2024,Leche entera,301.5,402,California
08/09/2024,Cuajada,2138.4,972,California
14/08/2024,Crema batida,2977.5,794,Massachusetts
11/11/2024,Mantequilla clarificada (ghee),2495.5,434,Texas
01/12/2024,Queso en lonchas,828.4,218,Texas
08/06/2024,Yogur griego,1327.5,885,California
24/12/2024,Suero de leche,1840.0,920,Nueva York
24/03/2024,Kumis,1715.0,686,Florida
15/09/2024,Queso gouda,2398.5,533,Nueva York
20/10/2024,Mantequilla clarificada (ghee),2777.25,483,Nueva York
10/05/2024,Leche entera,1131.25,905,Florida
05/06/2024,Queso crema,705.6,252,Texas
11/05/2024,Queso azul gorgonzola,1350.0,225,California
12/01/2024,Mantequilla sin sal,722.4,172,Nueva York
16/03/2024,Leche deslactosada,33.15,39,California
10/04/2024,Queso ricota,2188.0,547,Nueva York
30/11/2024,Mantequilla clarificada (ghee),2961.25,515,Florida
07/08/2024,Crema de leche,2228.28,372,Florida
28/05/2024,Leche deslactosada,171.7,202,California
30/09/2024,Queso cheddar añejo,1175.0,235,Nueva York
07/09/2024,Mantequilla clarificada (ghee),3496.0,608,Texas
24/09/2024,Mantequilla con sal,3112.0,778,Florida
10/08/2024,Crema batida,3461.25,923,Texas
28/07/2024,Yogur con frutas,1125.6,938,Nueva York
28/04/2024,Bebidas lácteas,316.0,158,California
02/10/2024,Leche deslactosada,560.3,431,Massachusetts
21/04/2024,Mantequilla clarificada (ghee),3208.5,558,Florida
17/08/2024,Leche semidescremada,680.4,972,Florida
26/05/2024,Leche deslactosada,1144.0,880,California
08/03/2024,Kumis,1242.5,497,Florida
29/11/2024,Queso crema,1610.0,575,Massachusetts
26/06/2024,Queso havarti,4305.0,820,Massachusetts
18/08/2024,Queso en lonchas,1713.8,451,Nueva York
28/04/2024,Queso gouda,2304.0,512,Nueva York
10/04/2024,Mantequilla clarificada (ghee),3668.5,638,Nueva York
03/10/2024,Helado,798.0,532,Massachusetts
25/08/2024,Yogur griego,1338.0,892,Texas
16/12/2024,Mantequilla sin sal,3662.4,872,Florida
01/03/2024,Mantequilla sin sal,268.8,64,California
13/01/2024,Mantequilla clarificada (ghee),3070.5,534,Texas
04/06/2024,Mantequilla sin sal,2259.6,538,Texas
16/04/2024,Leche condensada,40.0,16,Massachusetts
03/10/2024,Yogur griego,97.5,65,Florida
16/03/2024,Mantequilla sin sal,869.4,207,Nueva York
26/06/2024,Crema agria,687.5,275,Florida
13/08/2024,Queso edam,3804.75,801,Nueva York
17/10/2024,Crema batida,881.25,235,Nueva York
12/02/2024,Queso para untar,425.6,133,Nueva York
10/12/2024,Queso crema,2128.0,760,California
13/02/2024,Queso crema,722.4,258,Texas
15/09/2024,Mantequilla clarificada (ghee),3996.25,695,Massachusetts
03/12/2024,Crema de leche,1108.15,185,Texas
22/05/2024,Queso crema,1433.6,512,Texas
20/04/2024,Queso mozzarella,3570.0,952,California
12/06/2024,Queso crema,2329.6,832,California
18/11/2024,Queso crema,1310.4,468,California
25/09/2024,Queso parmesano,1003.2,209,Nueva York
28/08/2024,Yogur con frutas,163.2,136,California
24/06/2024,Yogur griego,1143.0,762,Nueva York
14/10/2024,Helado,1134.75,267,Texas
04/11/2024,Yogur con frutas,37.2,31,Massachusetts
12/05/2024,Queso para untar,1996.8,624,California
31/03/2024,Yogur natural,303.0,303,Massachusetts
07/03/2024,Queso crema,2640.4,943,Massachusetts
15/09/2024,Mantequilla clarificada (ghee),4703.5,818,Massachusetts
18/06/2024,Cuajada,140.8,64,Florida
22/01/2024,Yogur con frutas,351.6,293,Massachusetts
23/02/2024,Leche evaporada,1336.3,581,Nueva York
28/12/2024,Crema batida,1335.0,356,Texas
14/09/2024,Queso gouda,1026.0,228,Nueva York
04/05/2024,Mantequilla con sal,2744.0,686,Texas
31/07/2024,Yogur con frutas,300.0,250,California
23/04/2024,Crema batida,165.0,44,Florida
15/02/2024,Mantequilla sin sal,2986.2,711,California
21/09/2024,Bebidas lácteas,1236.0,618,Texas
05/08/2024,Helado,170.0,40,California
04/03/2024,Crema agria,312.5,125,Nueva York
11/07/2024,Yogur griego,117.0,78,California
13/05/2024,Leche evaporada,193.2,84,Massachusetts
13/06/2024,Queso camembert,4122.0,687,California
09/07/2024,Queso havarti,955.5,182,California
24/10/2024,Queso gruyere,2365.0,430,Nueva York
28/06/2024,Queso en lonchas,585.2,154,Florida
17/10/2024,Crema batida,3423.75,913,Texas
02/09/2024,Suero de leche,1340.0,670,California
30/11/2024,Yogur griego,375.0,250,Massachusetts
22/02/2024,Yogur natural,987.0,987,Texas
23/10/2024,Mantequilla con sal,2936.0,734,California
20/02/2024,Leche entera,826.25,661,Texas
30/04/2024,Leche evaporada,740.6,322,California
21/06/2024,Crema batida,2306.25,615,California
18/09/2024,Queso en lonchas,3093.2,814,Texas
27/04/2024,Crema agria,2137.5,855,Florida
05/08/2024,Mantequilla con sal,2260.0,565,Florida
30/12/2024,Helado,106.5,71,Florida
25/06/2024,Crema de leche,5990.0,1000,Florida
01/11/2024,Mantequilla con sal,148.0,37,Texas
07/09/2024,Kumis,640.0,256,Massachusetts
29/11/2024,Yogur griego,244.5,163,Nueva York
20/03/2024,Suero de leche,314.0,157,Nueva York
29/10/2024,Kumis,357.5,143,Texas
16/04/2024,Crema de leche,1791.01,299,Texas
07/12/2024,Mantequilla con sal,1432.0,358,Texas
06/05/2024,Bebidas lácteas,78.0,39,Nueva York
10/10/2024,Mantequilla con sal,108.0,27,California
11/06/2024,Queso crema,324.8,116,Massachusetts
13/03/2024,Mantequilla clarificada (ghee),4398.75,765,California
12/03/2024,Mantequilla clarificada (ghee),3887.0,676,California
07/04/2024,Crema de leche,5756.39,961,Texas
09/11/2024,Queso para untar,3164.8,989,Nueva York
01/07/2024,Mantequilla sin sal,184.8,44,Texas
07/07/2024,Yogur natural,847.0,242,California
19/04/2024,Leche saborizada,966.0,644,Massachusetts
15/03/2024,Dulce de leche,1674.0,558,Texas
27/02/2024,Queso ricota,3004.0,751,Florida
22/09/2024,Queso blanco,820.0,164,California
06/04/2024,Helado,1197.0,798,California
22/03/2024,Queso azul gorgonzola,1962.0,327,Nueva York
16/08/2024,Crema agria,2472.5,989,Massachusetts
11/01/2024,Leche evaporada,409.4,178,Massachusetts
22/12/2024,Cuajada,1023.0,465,Florida
23/02/2024,Mantequilla sin sal,2410.8,574,Florida
05/07/2024,Yogur griego,103.5,69,Nueva York
19/05/2024,Helado,1147.5,270,California
05/06/2024,Yogur con frutas,883.2,736,Nueva York
26/08/2024,Crema batida,2167.5,578,California
11/03/2024,Crema de leche,5786.34,966,Texas
20/02/2024,Mantequilla sin sal,2095.8,499,Texas
07/03/2024,Crema batida,2456.25,655,California
29/06/2024,Crema batida,255.0,68,Massachusetts
19/11/2024,Queso camembert,66.0,11,California
20/01/2024,Crema de leche,89.85,15,California
11/07/2024,Queso edam,4593.25,967,California
17/01/2024,Queso crema,2276.4,813,California
30/03/2024,Cuajada,1058.2,481,Florida
18/01/2024,Bebidas lácteas,340.8,284,Nueva York
28/10/2024,Mantequilla sin sal,424.2,101,Florida
02/10/2024,Queso en lonchas,665.0,175,Florida
19/11/2024,Bebidas lácteas,340.8,284,Florida
16/12/2024,Mantequilla sin sal,2919.0,695,Texas
14/08/2024,Yogur con frutas,555.6,463,California
21/07/2024,Leche entera,67.5,54,Massachusetts
31/10/2024,Queso crema,2377.2,849,Texas
13/05/2024,Queso crema,1699.6,607,Nueva York
24/02/2024,Queso azul gorgonzola,5382.0,897,Florida
10/07/2024,Mantequilla clarificada (ghee),4433.25,771,California
05/04/2024,Cuajada,475.2,216,Florida
18/09/2024,Helado,4250.0,1000,Nueva York
24/03/2024,Crema agria,1562.5,625,California
28/09/2024,Crema agria,1275.0,510,Texas
26/03/2024,Queso crema,1002.4,358,Texas
08/01/2024,Leche en polvo,1587.0,529,Florida
12/02/2024,Dulce de leche,1971.0,657,Nueva York
09/03/2024,Leche descremada,579.6,504,Florida
18/06/2024,Yogur con frutas,613.2,511,California
03/12/2024,Cuajada,1416.8,644,Florida
17/03/2024,Cuajada,369.6,168,California
26/08/2024,Dulce de leche,2931.0,977,California
02/05/2024,Dulce de leche,1815.0,605,Florida
05/07/2024,Queso azul gorgonzola,5556.0,926,Florida
03/01/2024,Suero de leche,1712.0,856,Florida
14/01/2024,Mantequilla clarificada (ghee),2806.0,488,Texas
23/04/2024,Yogur griego,1371.0,914,Florida
10/02/2024,Yogur griego,63.0,42,Massachusetts
14/08/2024,Leche descremada,275.6,424,Texas
29/04/2024,Leche descremada,299.0,460,Texas
13/06/2024,Crema de leche,431.28,72,Florida
27/11/2024,Crema batida,2951.25,787,Florida
19/08/2024,Mantequilla clarificada (ghee),4157.25,723,Florida
23/05/2024,Leche saborizada,131.0,131,Nueva York
17/07/2024,Yogur con frutas,1189.2,991,California
05/03/2024,Mantequilla clarificada (ghee),5117.5,890,Nueva York
25/07/2024,Crema batida,2951.25,787,Massachusetts
25/04/2024,Queso mozzarella,603.75,161,Nueva York
14/01/2024,Crema de leche,5912.13,987,Florida
28/02/2024,Queso crema,2522.8,901,Nueva York
15/08/2024,Leche saborizada,489.0,326,Massachusetts
13/07/2024,Leche deslactosada,619.65,729,California
02/11/2024,Cuajada,926.2,421,Texas
25/07/2024,Queso para untar,2588.8,809,Florida
06/04/2024,Crema agria,2255.0,902,Texas
07/01/2024,Mantequilla clarificada (ghee),4738.0,824,Texas
25/04/2024,Mantequilla clarificada (ghee),1500.75,261,California
26/09/2024,Suero de leche,1156.0,578,Texas
28/06/2024,Crema agria,1610.0,644,Texas
05/07/2024,Leche en polvo,240.0,80,Massachusetts
01/01/2024,Queso ricota,1340.0,335,California
30/10/2024,Queso edam,750.5,158,Nueva York
12/08/2024,Kumis,1670.0,668,Massachusetts
22/12/2024,Mantequilla sin sal,281.4,67,California
18/03/2024,Yogur con frutas,57.6,48,California
07/12/2024,Leche en polvo,975.0,325,Massachusetts
18/02/2024,Helado,667.25,157,Florida
30/05/2024,Queso cheddar añejo,2835.0,567,Florida
07/05/2024,Leche saborizada,538.5,359,Nueva York
13/10/2024,Yogur griego,1438.5,959,Texas
06/11/2024,Yogur con frutas,805.2,671,California
20/10/2024,Mantequilla sin sal,3158.4,752,Florida
29/05/2024,Leche entera,3020.5,863,Massachusetts
16/03/2024,Dulce de leche,2733.0,911,Nueva York
13/04/2024,Mantequilla clarificada (ghee),4899.0,852,Florida
03/10/2024,Suero de leche,44.0,22,Nueva York
21/02/2024,Mantequilla sin sal,319.2,76,Nueva York
22/07/2024,Cuajada,2028.4,922,Florida
22/08/2024,Mantequilla con sal,2672.0,668,California
12/02/2024,Yogur griego,709.5,473,California
30/12/2024,Kumis,2060.0,824,Texas
05/01/2024,Queso parmesano,408.0,85,Nueva York
10/11/2024,Crema agria,2317.5,927,Texas
18/09/2024,Crema agria,2325.0,930,California
25/05/2024,Yogur con frutas,856.8,714,Massachusetts
04/04/2024,Crema batida,3022.5,806,California
07/07/2024,Yogur griego,442.5,295,Massachusetts
18/11/2024,Helado,1455.0,970,Florida
28/07/2024,Kumis,387.5,155,Florida
09/01/2024,Mantequilla sin sal,2469.6,588,Nueva York
27/01/2024,Queso parmesano,3360.0,700,Nueva York
08/03/2024,Leche deslactosada,679.9,523,Texas
03/11/2024,Crema batida,3735.0,996,California
26/10/2024,Cuajada,411.4,187,Nueva York
15/07/2024,Leche saborizada,545.0,545,Massachusetts
06/01/2024,Queso azul roquefort,3993.75,639,Massachusetts
12/08/2024,Queso blanco,1915.0,383,Massachusetts
13/06/2024,Queso azul roquefort,5662.5,906,Massachusetts
29/09/2024,Yogur natural,613.0,613,Massachusetts
27/07/2024,Leche saborizada,909.0,606,California
04/01/2024,Yogur con frutas,484.8,404,Texas
18/10/2024,Mantequilla clarificada (ghee),80.5,14,Massachusetts
02/06/2024,Queso havarti,2835.0,540,Nueva York
06/12/2024,Kumis,2360.0,944,California
30/10/2024,Leche saborizada,831.0,554,Massachusetts
19/06/2024,Yogur natural,554.0,554,Nueva York
25/06/2024,Queso crema,1736.0,620,Texas
22/08/2024,Crema agria,1682.5,673,Nueva York
16/03/2024,Yogur natural,637.0,182,California
29/04/2024,Mantequilla sin sal,1213.8,289,Nueva York
23/10/2024,Leche condensada,767.5,307,Massachusetts
06/05/2024,Queso gruyere,3839.0,698,Texas
25/01/2024,Crema batida,1683.75,449,Massachusetts
15/10/2024,Leche en polvo,1746.0,582,California
07/04/2024,Mantequilla con sal,2584.0,646,California
24/02/2024,Mantequilla con sal,2148.0,537,Massachusetts
17/09/2024,Crema agria,1997.5,799,Massachusetts
19/05/2024,Queso camembert,3846.0,641,California
14/08/2024,Suero de leche,1384.0,692,Nueva York
18/01/2024,Leche semidescremada,67.2,56,Texas
13/11/2024,Yogur griego,22.5,15,Nueva York
20/06/2024,Leche en polvo,3756.5,683,Florida
04/12/2024,Leche descremada,593.45,913,Texas
08/05/2024,Queso edam,166.25,35,California
24/12/2024,Leche entera,900.0,720,Massachusetts
23/09/2024,Dulce de leche,2352.0,784,Massachusetts
20/11/2024,Mantequilla con sal,3268.0,817,Florida
06/01/2024,Queso brie,5844.0,974,Texas
25/07/2024,Crema de leche,5319.12,888,Florida
19/08/2024,Dulce de leche,1794.0,598,California
20/05/2024,Queso ricota,1848.0,462,Texas
16/01/2024,Crema agria,570.0,228,California
05/04/2024,Queso cheddar añejo,795.0,159,Texas
08/11/2024,Leche entera,210.75,281,Florida
12/06/2024,Suero de leche,106.0,53,Texas
12/05/2024,Crema de leche,4402.65,735,Nueva York
15/09/2024,Suero de leche,432.0,216,Texas
05/08/2024,Leche descremada,33.35,29,Texas
08/07/2024,Mantequilla sin sal,315.0,75,Florida
06/03/2024,Mantequilla con sal,3684.0,921,Florida
13/03/2024,Crema batida,63.75,17,Massachusetts
11/09/2024,Crema de leche,5474.86,914,Florida
29/12/2024,Queso azul gorgonzola,120.0,20,Massachusetts
14/12/2024,Mantequilla sin sal,2221.8,529,Nueva York
14/04/2024,Helado,2120.75,499,California
05/04/2024,Helado,1323.0,882,California
04/10/2024,Yogur con frutas,537.6,448,Nueva York
26/06/2024,Crema de leche,2869.21,479,California
11/01/2024,Crema batida,1380.0,368,California
03/09/2024,Queso azul gorgonzola,3234.0,539,Nueva York
15/12/2024,Leche semidescremada,368.4,307,Florida
31/05/2024,Crema agria,605.0,242,California
04/07/2024,Mantequilla sin sal,1524.6,363,Texas
12/12/2024,Yogur natural,283.0,283,California
28/05/2024,Mantequilla clarificada (ghee),4910.5,854,California
24/06/2024,Leche en polvo,759.0,253,Florida
09/04/2024,Queso gruyere,3811.5,693,Florida
05/01/2024,Mantequilla clarificada (ghee),3392.5,590,Texas
06/01/2024,Queso camembert,378.0,63,Texas
13/04/2024,Queso azul gorgonzola,546.0,91,Florida
09/11/2024,Queso ricota,2916.0,729,California
09/07/2024,Yogur griego,324.0,216,Florida
24/03/2024,Queso blanco,625.0,125,Texas
23/07/2024,Mantequilla con sal,2532.0,633,Nueva York
21/03/2024,Queso crema,106.4,38,Texas
02/01/2024,Helado,2278.0,536,California
06/05/2024,Yogur griego,46.5,31,Massachusetts
25/10/2024,Mantequilla clarificada (ghee),4473.5,778,Massachusetts
02/05/2024,Queso azul roquefort,2643.75,423,Massachusetts
11/10/2024,Leche evaporada,2171.2,944,Massachusetts
11/07/2024,Cuajada,88.0,40,Nueva York
31/08/2024,Suero de leche,1672.0,836,Texas
29/02/2024,Mantequilla sin sal,2007.6,478,California
16/03/2024,Queso para untar,1705.6,533,California
28/07/2024,Crema batida,2231.25,595,Massachusetts
11/09/2024,Yogur griego,499.5,333,Nueva York
25/06/2024,Queso mozzarella,3007.5,802,Nueva York
09/06/2024,Leche deslactosada,1088.1,837,Nueva York
23/10/2024,Mantequilla con sal,3896.0,974,Florida
06/08/2024,Mantequilla con sal,1472.0,368,Massachusetts
03/07/2024,Yogur con frutas,448.8,374,Nueva York
17/08/2024,Helado,1353.0,902,Texas
20/09/2024,Cuajada,1958.0,890,Massachusetts
22/02/2024,Crema de leche,652.91,109,Texas
10/04/2024,Leche evaporada,2272.4,988,California
29/04/2024,Suero de leche,1760.0,880,Texas
25/11/2024,Dulce de leche,984.0,328,Massachusetts
16/02/2024,Suero de leche,548.0,274,Texas
19/08/2024,Leche semidescremada,659.4,942,California
28/10/2024,Dulce de leche,1953.0,651,Nueva York
13/10/2024,Crema batida,2565.0,684,California
10/11/2024,Crema agria,922.5,369,Florida
15/09/2024,Leche condensada,1797.5,719,Massachusetts
16/01/2024,Queso edam,2227.75,469,Florida
16/10/2024,Queso gruyere,2425.5,441,Nueva York
04/08/2024,Yogur natural,800.0,800,Massachusetts
28/06/2024,Queso gouda,1332.0,296,Nueva York
26/02/2024,Suero de leche,1270.0,635,California
29/07/2024,Dulce de leche,2532.0,844,California
31/08/2024,Queso en lonchas,1064.0,280,Florida
07/01/2024,Bebidas lácteas,672.0,560,California
09/02/2024,Queso cheddar añejo,1970.0,394,Massachusetts
10/09/2024,Suero de leche,28.0,14,Nueva York
19/04/2024,Crema de leche,2413.97,403,Florida
17/07/2024,Yogur con frutas,87.6,73,Nueva York
30/10/2024,Kumis,692.5,277,Nueva York
22/06/2024,Mantequilla sin sal,3595.2,856,Texas
25/02/2024,Mantequilla clarificada (ghee),2748.5,478,Nueva York
28/03/2024,Suero de leche,976.0,488,Texas
28/07/2024,Yogur con frutas,1003.2,836,Texas
06/05/2024,Mantequilla con sal,2800.0,700,Florida
03/07/2024,Mantequilla clarificada (ghee),3427.0,596,Texas
12/06/2024,Helado,733.5,489,Massachusetts
14/12/2024,Leche condensada,1055.0,422,California
24/09/2024,Queso para untar,2323.2,726,Nueva York
22/05/2024,Queso crema,730.8,261,California
12/06/2024,Crema batida,1350.0,360,Nueva York
12/03/2024,Queso mozzarella,2148.75,573,Massachusetts
05/04/2024,Leche semidescremada,21.7,31,Massachusetts
21/04/2024,Kumis,1880.0,752,California
01/10/2024,Crema agria,2160.0,864,California
19/06/2024,Leche descremada,754.4,656,California
02/08/2024,Leche saborizada,538.0,538,Texas
11/04/2024,Crema batida,1173.75,313,California
16/12/2024,Dulce de leche,2169.0,723,Florida
09/06/2024,Crema batida,1305.0,348,California
04/08/2024,Leche evaporada,1748.0,760,Florida
11/08/2024,Leche en polvo,797.5,145,Texas
03/06/2024,Leche descremada,856.75,745,Texas
05/06/2024,Yogur griego,1476.0,984,Texas
04/12/2024,Mantequilla clarificada (ghee),672.75,117,California
08/09/2024,Mantequilla clarificada (ghee),5479.75,953,Massachusetts
21/10/2024,Leche deslactosada,585.65,689,Massachusetts
28/03/2024,Mantequilla con sal,3780.0,945,Florida
22/04/2024,Queso brie,1116.0,186,Nueva York
12/01/2024,Suero de leche,232.0,116,Nueva York
10/09/2024,Suero de leche,594.0,297,Nueva York
22/02/2024,Yogur natural,1613.5,461,Nueva York
15/01/2024,Leche semidescremada,576.1,823,Massachusetts
24/03/2024,Mantequilla con sal,1772.0,443,Texas
21/11/2024,Queso crema,72.8,26,Nueva York
23/11/2024,Crema batida,1833.75,489,Massachusetts
04/07/2024,Kumis,1287.5,515,Florida
24/03/2024,Yogur griego,232.5,155,Massachusetts
24/07/2024,Leche descremada,305.9,266,Nueva York
14/08/2024,Crema de leche,113.81,19,Texas
07/10/2024,Mantequilla sin sal,96.6,23,Texas
10/05/2024,Mantequilla clarificada (ghee),4600.0,800,Massachusetts
24/12/2024,Yogur con frutas,176.4,147,Nueva York
26/11/2024,Leche saborizada,438.0,438,Florida
03/04/2024,Suero de leche,248.0,124,Florida
07/03/2024,Queso azul roquefort,587.5,94,Nueva York
12/07/2024,Crema agria,2337.5,935,Florida
11/10/2024,Kumis,825.0,330,California
17/09/2024,Queso mozzarella,1477.5,394,Nueva York
30/12/2024,Mantequilla clarificada (ghee),4203.25,731,California
20/01/2024,Helado,3829.25,901,California
20/11/2024,Mantequilla sin sal,1008.0,240,California
03/06/2024,Queso blanco,2865.0,573,Nueva York
13/10/2024,Yogur natural,2681.0,766,California
18/07/2024,Mantequilla clarificada (ghee),1765.25,307,California
11/08/2024,Queso brie,1134.0,189,Nueva York
01/10/2024,Leche descremada,462.3,402,Massachusetts
22/06/2024,Queso havarti,4247.25,809,Massachusetts
30/11/2024,Mantequilla con sal,2440.0,610,Massachusetts
14/06/2024,Queso azul roquefort,881.25,141,Massachusetts
09/10/2024,Queso gouda,4356.0,968,Nueva York
22/02/2024,Cuajada,290.4,132,Massachusetts
27/02/2024,Mantequilla con sal,124.0,31,Texas
29/06/2024,Mantequilla clarificada (ghee),4444.75,773,Massachusetts
18/12/2024,Kumis,882.5,353,Texas
01/01/2024,Yogur griego,534.0,356,Florida
02/10/2024,Bebidas lácteas,312.0,156,Massachusetts
09/04/2024,Yogur griego,658.5,439,California
25/10/2024,Leche semidescremada,388.5,555,Nueva York
05/11/2024,Kumis,295.0,118,Texas
01/08/2024,Queso edam,1339.5,282,Nueva York
29/04/2024,Mantequilla clarificada (ghee),3110.75,541,Florida
09/04/2024,Helado,1844.5,434,Texas
19/09/2024,Leche entera,163.5,218,Nueva York
12/01/2024,Cuajada,1841.4,837,California
25/12/2024,Dulce de leche,1656.0,552,Florida
12/12/2024,Leche entera,498.75,399,Massachusetts
05/08/2024,Dulce de leche,354.0,118,Massachusetts
18/12/2024,Yogur natural,2789.5,797,Texas
26/09/2024,Mantequilla sin sal,2877.0,685,Florida
17/04/2024,Mantequilla clarificada (ghee),155.25,27,Texas
24/04/2024,Bebidas lácteas,1173.6,978,Florida
19/08/2024,Queso camembert,5406.0,901,California
29/06/2024,Bebidas lácteas,349.2,291,Nueva York
14/05/2024,Kumis,2095.0,838,Texas
13/12/2024,Crema agria,2147.5,859,Florida
10/10/2024,Helado,3200.25,753,Florida
24/03/2024,Yogur natural,304.0,304,Massachusetts
15/04/2024,Queso azul gorgonzola,2712.0,452,Florida
14/02/2024,Yogur natural,486.5,139,California
27/11/2024,Mantequilla con sal,1668.0,417,Massachusetts
15/01/2024,Leche deslactosada,473.45,557,Florida
06/09/2024,Leche condensada,1185.0,474,Texas
31/03/2024,Yogur con frutas,784.8,654,Massachusetts
16/06/2024,Mantequilla clarificada (ghee),2599.0,452,Texas
23/05/2024,Leche entera,2737.0,782,Nueva York
20/06/2024,Leche evaporada,1396.1,607,Massachusetts
16/10/2024,Crema agria,82.5,33,Florida
25/05/2024,Leche en polvo,863.5,157,Texas
18/06/2024,Queso crema,2248.4,803,Massachusetts
09/04/2024,Crema agria,1185.0,474,Texas
22/11/2024,Queso blanco,680.0,136,Florida
16/09/2024,Helado,1299.0,866,Massachusetts
15/06/2024,Queso gouda,3496.5,777,Florida
16/02/2024,Crema agria,972.5,389,Texas
22/02/2024,Crema agria,1997.5,799,California
14/06/2024,Mantequilla sin sal,3309.6,788,California
29/11/2024,Mantequilla con sal,3940.0,985,California
03/08/2024,Mantequilla con sal,1424.0,356,Florida
13/05/2024,Queso en lonchas,3382.0,890,Massachusetts
02/09/2024,Queso crema,534.8,191,Texas
18/02/2024,Bebidas lácteas,848.0,424,Nueva York
30/01/2024,Dulce de leche,2196.0,732,Massachusetts
07/06/2024,Crema batida,480.0,128,Florida
28/05/2024,Suero de leche,254.0,127,Massachusetts
25/05/2024,Queso mozzarella,1173.75,313,Florida
30/05/2024,Mantequilla sin sal,932.4,222,Texas
17/05/2024,Queso cheddar añejo,845.0,169,Massachusetts
10/06/2024,Mantequilla con sal,1312.0,328,Texas
19/10/2024,Crema de leche,5588.67,933,California
30/12/2024,Yogur griego,864.0,576,California
26/10/2024,Queso mozzarella,465.0,124,Florida
26/06/2024,Yogur griego,448.5,299,Florida
28/03/2024,Yogur griego,178.5,119,Texas
08/09/2024,Kumis,1877.5,751,California
05/11/2024,Mantequilla con sal,2412.0,603,Nueva York
06/05/2024,Queso gruyere,2832.5,515,Texas
30/01/2024,Mantequilla clarificada (ghee),1138.5,198,Texas
18/06/2024,Bebidas lácteas,898.0,449,Florida
29/02/2024,Mantequilla sin sal,525.0,125,Texas
20/05/2024,Suero de leche,1158.0,579,Texas
04/07/2024,Crema batida,2853.75,761,California
29/08/2024,Helado,778.5,519,California
24/03/2024,Queso crema,2567.6,917,Florida
17/10/2024,Mantequilla clarificada (ghee),638.25,111,California
12/07/2024,Dulce de leche,582.0,194,California
25/09/2024,Leche semidescremada,1011.6,843,Nueva York
10/12/2024,Yogur con frutas,873.6,728,California
26/02/2024,Queso parmesano,3772.8,786,Massachusetts
19/02/2024,Queso crema,2270.8,811,Texas
12/09/2024,Yogur natural,484.0,484,Massachusetts
11/01/2024,Mantequilla clarificada (ghee),4628.75,805,Nueva York
16/11/2024,Mantequilla sin sal,2373.0,565,California
12/07/2024,Yogur griego,130.5,87,California
08/10/2024,Queso camembert,4812.0,802,Texas
02/03/2024,Yogur griego,604.5,403,Florida
27/12/2024,Yogur natural,511.0,511,Florida
02/08/2024,Crema agria,2030.0,812,Florida
25/02/2024,Queso cheddar añejo,3565.0,713,Nueva York
21/03/2024,Queso ricota,3328.0,832,California
16/04/2024,Mantequilla clarificada (ghee),2150.5,374,Florida
24/11/2024,Queso crema,1545.6,552,Texas
06/11/2024,Kumis,2437.5,975,Florida
29/01/2024,Queso gruyere,4020.5,731,California
28/07/2024,Crema batida,1856.25,495,California
21/08/2024,Queso camembert,4488.0,748,Texas
15/10/2024,Leche en polvo,1325.5,241,California
11/02/2024,Mantequilla con sal,1464.0,366,Massachusetts
01/04/2024,Yogur natural,891.0,891,Nueva York
30/12/2024,Leche semidescremada,261.6,218,California
09/09/2024,Queso crema,1327.2,474,Texas
04/09/2024,Queso azul gorgonzola,4560.0,760,Florida
03/11/2024,Queso brie,3852.0,642,Massachusetts
07/01/2024,Leche semidescremada,534.1,763,California
30/06/2024,Mantequilla sin sal,1801.8,429,Massachusetts
25/02/2024,Mantequilla sin sal,3977.4,947,California
09/01/2024,Crema de leche,1461.56,244,Texas
23/06/2024,Mantequilla con sal,2596.0,649,Nueva York
30/12/2024,Leche evaporada,1692.8,736,California
25/02/2024,Queso brie,3936.0,656,California
30/11/2024,Dulce de leche,1344.0,448,California
26/05/2024,Leche en polvo,2304.5,419,Massachusetts
24/01/2024,Suero de leche,1928.0,964,Massachusetts
06/10/2024,Yogur natural,1207.5,345,Florida
24/07/2024,Yogur con frutas,538.8,449,Florida
17/07/2024,Queso gruyere,704.0,128,California
03/07/2024,Mantequilla clarificada (ghee),1794.0,312,Massachusetts
05/09/2024,Queso gouda,904.5,201,California
13/02/2024,Yogur griego,1395.0,930,California
23/09/2024,Leche evaporada,1138.5,495,California
09/02/2024,Yogur natural,491.0,491,Florida
14/09/2024,Queso en lonchas,2945.0,775,California
23/12/2024,Yogur natural,2254.0,644,Texas
14/02/2024,Mantequilla con sal,1860.0,465,Florida
12/10/2024,Bebidas lácteas,608.0,304,Nueva York
27/09/2024,Queso cheddar añejo,1805.0,361,Nueva York
29/02/2024,Mantequilla sin sal,869.4,207,Nueva York
03/07/2024,Dulce de leche,453.0,151,Massachusetts
08/05/2024,Helado,3829.25,901,California
22/02/2024,Yogur natural,835.0,835,Texas
15/02/2024,Queso gruyere,3894.0,708,Texas
21/08/2024,Mantequilla clarificada (ghee),4140.0,720,Massachusetts
22/07/2024,Queso cheddar añejo,4765.0,953,Nueva York
01/02/2024,Leche deslactosada,372.3,438,Massachusetts
19/02/2024,Mantequilla clarificada (ghee),638.25,111,Massachusetts
23/10/2024,Helado,624.75,147,Texas
26/06/2024,Yogur con frutas,1135.2,946,California
07/02/2024,Mantequilla sin sal,1881.6,448,Nueva York
18/08/2024,Crema agria,220.0,88,Florida
25/10/2024,Queso gruyere,3129.5,569,Nueva York
03/09/2024,Mantequilla con sal,560.0,140,Florida
06/12/2024,Crema agria,1515.0,606,Florida
13/06/2024,Cuajada,1465.2,666,California
29/07/2024,Queso en lonchas,2033.0,535,California
06/11/2024,Queso para untar,966.4,302,Massachusetts
23/02/2024,Leche evaporada,1552.5,675,Nueva York
18/05/2024,Suero de leche,1510.0,755,Nueva York
22/07/2024,Yogur griego,991.5,661,Florida
05/12/2024,Crema agria,640.0,256,Massachusetts
15/07/2024,Suero de leche,964.0,482,California
02/11/2024,Queso cheddar añejo,1250.0,250,Texas
19/08/2024,Queso havarti,2903.25,553,California
30/04/2024,Dulce de leche,639.0,213,Texas
05/03/2024,Leche descremada,641.7,558,California
10/03/2024,Yogur con frutas,91.2,76,Nueva York
07/09/2024,Leche semidescremada,354.0,295,Florida
27/12/2024,Queso camembert,2658.0,443,Florida
23/10/2024,Queso crema,1414.0,505,California
20/06/2024,Suero de leche,766.0,383,Massachusetts
07/08/2024,Yogur con frutas,234.0,195,Massachusetts
13/11/2024,Helado,2783.75,655,Massachusetts
01/01/2024,Leche semidescremada,493.2,411,California
15/01/2024,Mantequilla clarificada (ghee),3743.25,651,Massachusetts
30/10/2024,Leche descremada,143.0,220,California
20/07/2024,Cuajada,1526.8,694,Texas
10/02/2024,Queso crema,560.0,200,Massachusetts
06/10/2024,Mantequilla con sal,1000.0,250,Nueva York
20/06/2024,Suero de leche,1446.0,723,Nueva York
07/05/2024,Yogur con frutas,276.0,230,Texas
02/06/2024,Kumis,2365.0,946,Massachusetts
11/04/2024,Yogur con frutas,90.0,75,Texas
19/10/2024,Yogur natural,121.0,121,Texas
29/08/2024,Leche condensada,212.5,85,California
30/07/2024,Mantequilla con sal,1532.0,383,Texas
25/03/2024,Queso azul roquefort,606.25,97,Massachusetts
08/01/2024,Yogur con frutas,277.2,231,Texas
26/02/2024,Yogur griego,322.5,215,California
23/02/2024,Yogur natural,259.0,74,California
23/05/2024,Queso crema,1094.8,391,Massachusetts
04/12/2024,Queso mozzarella,1871.25,499,Nueva York
28/03/2024,Yogur con frutas,265.2,221,Florida
11/11/2024,Dulce de leche,2604.0,868,Massachusetts
10/07/2024,Queso camembert,834.0,139,Florida
10/09/2024,Cuajada,598.4,272,Florida
21/07/2024,Queso havarti,2467.5,470,Nueva York
19/11/2024,Mantequilla clarificada (ghee),4416.0,768,Texas
11/06/2024,Yogur griego,813.0,542,California
12/11/2024,Queso ricota,1316.0,329,Massachusetts
04/07/2024,Crema batida,3285.0,876,Florida
14/06/2024,Queso crema,1058.4,378,Texas
10/06/2024,Dulce de leche,1932.0,644,Florida
31/05/2024,Queso azul gorgonzola,1680.0,280,Nueva York
19/10/2024,Leche saborizada,445.0,445,Nueva York
18/11/2024,Yogur natural,570.5,163,Nueva York
10/01/2024,Leche semidescremada,424.9,607,California
06/02/2024,Yogur natural,1463.0,418,Nueva York
25/04/2024,Kumis,1487.5,595,Texas
22/08/2024,Cuajada,448.8,204,California
12/07/2024,Crema de leche,5373.03,897,Nueva York
22/12/2024,Yogur natural,930.0,930,Nueva York
31/03/2024,Queso crema,2444.4,873,California
28/02/2024,Dulce de leche,1746.0,582,Texas
15/06/2024,Kumis,1562.5,625,Texas
07/04/2024,Leche descremada,588.25,905,Nueva York
17/04/2024,Leche entera,350.25,467,Texas
26/09/2024,Mantequilla clarificada (ghee),517.5,90,Texas
26/10/2024,Crema agria,1182.5,473,Florida
30/12/2024,Queso gruyere,352.0,64,Nueva York
29/11/2024,Queso camembert,1614.0,269,Massachusetts
08/03/2024,Queso crema,991.2,354,Florida
07/12/2024,Queso crema,2749.6,982,Florida
04/04/2024,Dulce de leche,2361.0,787,Nueva York
11/10/2024,Mantequilla clarificada (ghee),1834.25,319,Texas
08/02/2024,Yogur con frutas,745.2,621,Nueva York
02/03/2024,Leche evaporada,1260.4,548,Florida
20/08/2024,Yogur griego,205.5,137,Massachusetts
02/09/2024,Queso en lonchas,3005.8,791,Florida
18/08/2024,Mantequilla con sal,1024.0,256,Florida
24/05/2024,Crema agria,1502.5,601,California
27/08/2024,Suero de leche,1484.0,742,Massachusetts
19/11/2024,Kumis,2182.5,873,Florida
14/02/2024,Crema agria,1685.0,674,Nueva York
20/03/2024,Crema batida,825.0,220,Nueva York
28/12/2024,Queso gouda,1948.5,433,Texas
04/05/2024,Dulce de leche,1464.0,488,Massachusetts
11/08/2024,Crema batida,3708.75,989,Texas
17/02/2024,Yogur natural,514.5,147,Nueva York
25/09/2024,Queso camembert,186.0,31,Nueva York
16/07/2024,Mantequilla clarificada (ghee),207.0,36,Nueva York
18/01/2024,Yogur griego,352.5,235,California
02/05/2024,Dulce de leche,297.0,99,California
10/10/2024,Crema de leche,988.35,165,Massachusetts
06/10/2024,Yogur griego,514.5,343,California
14/06/2024,Crema agria,830.0,332,Florida
13/09/2024,Leche deslactosada,120.9,93,Nueva York
26/11/2024,Mantequilla clarificada (ghee),1702.0,296,California
26/01/2024,Kumis,75.0,30,Texas
20/09/2024,Crema de leche,3042.92,508,California
28/02/2024,Queso mozzarella,1833.75,489,Texas
19/12/2024,Kumis,685.0,274,Nueva York
07/07/2024,Queso mozzarella,1698.75,453,California
09/01/2024,Queso camembert,3936.0,656,Nueva York
15/08/2024,Mantequilla con sal,2076.0,519,Nueva York
29/02/2024,Bebidas lácteas,856.0,428,Nueva York
12/08/2024,Dulce de leche,870.0,290,Texas
05/05/2024,Queso havarti,4683.0,892,Massachusetts
10/03/2024,Kumis,1080.0,432,Texas
29/03/2024,Leche semidescremada,978.0,815,Florida
21/06/2024,Mantequilla sin sal,777.0,185,Florida
05/05/2024,Leche evaporada,1545.6,672,Nueva York
02/10/2024,Mantequilla sin sal,4174.8,994,Massachusetts
30/07/2024,Yogur con frutas,346.8,289,Nueva York
27/02/2024,Mantequilla clarificada (ghee),5612.0,976,Texas
22/01/2024,Queso blanco,905.0,181,Massachusetts
02/10/2024,Crema de leche,1683.19,281,Florida
21/05/2024,Leche deslactosada,691.05,813,California
07/05/2024,Crema batida,1005.0,268,Massachusetts
02/07/2024,Mantequilla con sal,56.0,14,California
10/07/2024,Kumis,1055.0,422,Florida
05/06/2024,Queso crema,481.6,172,California
24/12/2024,Yogur con frutas,162.0,135,Nueva York
08/05/2024,Yogur natural,1561.0,446,Massachusetts
15/03/2024,Queso cheddar añejo,1715.0,343,California
07/04/2024,Crema batida,960.0,256,Nueva York
14/09/2024,Crema agria,577.5,231,Nueva York
24/04/2024,Leche deslactosada,912.6,702,California
06/04/2024,Queso crema,2186.8,781,Texas
05/10/2024,Suero de leche,1610.0,805,California
25/09/2024,Yogur griego,1129.5,753,Texas
10/05/2024,Dulce de leche,2421.0,807,Massachusetts
06/11/2024,Yogur con frutas,272.4,227,Massachusetts
05/08/2024,Dulce de leche,1290.0,430,Florida
28/03/2024,Leche entera,1995.0,570,Nueva York
22/05/2024,Yogur con frutas,196.8,164,Nueva York
24/04/2024,Mantequilla con sal,1676.0,419,California
17/05/2024,Mantequilla sin sal,873.6,208,Massachusetts
15/08/2024,Dulce de leche,1875.0,625,Florida
13/08/2024,Leche condensada,2240.0,896,Nueva York
17/12/2024,Helado,333.0,222,Nueva York
05/07/2024,Mantequilla clarificada (ghee),5589.0,972,Massachusetts
20/07/2024,Yogur natural,440.0,440,Nueva York
12/04/2024,Yogur natural,350.0,100,Texas
29/05/2024,Queso brie,1662.0,277,Florida
21/07/2024,Leche deslactosada,779.45,917,Florida
10/12/2024,Yogur con frutas,586.8,489,Massachusetts
14/08/2024,Queso blanco,100.0,20,Massachusetts
10/05/2024,Queso mozzarella,3180.0,848,Florida
22/02/2024,Crema de leche,4929.77,823,Texas
17/08/2024,Leche entera,295.0,236,Florida
25/06/2024,Leche saborizada,1060.5,707,Massachusetts
09/11/2024,Suero de leche,652.0,326,California
09/05/2024,Dulce de leche,2061.0,687,Nueva York
31/05/2024,Yogur griego,1476.0,984,Massachusetts
26/02/2024,Suero de leche,514.0,257,Massachusetts
13/07/2024,Mantequilla clarificada (ghee),3772.0,656,California
10/01/2024,Leche evaporada,1170.7,509,Texas
16/12/2024,Crema batida,2490.0,664,Massachusetts
24/10/2024,Mantequilla sin sal,2385.6,568,Nueva York
14/08/2024,Crema de leche,5462.88,912,Nueva York
14/03/2024,Queso en lonchas,1706.2,449,Texas
01/09/2024,Leche evaporada,2224.1,967,Texas
31/01/2024,Yogur natural,1802.5,515,Nueva York
22/12/2024,Crema agria,442.5,177,Massachusetts
04/02/2024,Crema batida,1177.5,314,Nueva York
04/03/2024,Crema de leche,4408.64,736,California
13/09/2024,Kumis,1562.5,625,California
19/03/2024,Kumis,462.5,185,Texas
17/01/2024,Crema de leche,2605.65,435,Florida
01/08/2024,Yogur con frutas,1177.2,981,Massachusetts
02/08/2024,Mantequilla sin sal,2486.4,592,California
15/08/2024,Queso gruyere,2442.0,444,Texas
02/11/2024,Yogur con frutas,891.6,743,Massachusetts
04/05/2024,Crema agria,2322.5,929,California
04/12/2024,Mantequilla clarificada (ghee),914.25,159,Texas
10/12/2024,Kumis,2305.0,922,Florida
06/12/2024,Queso edam,598.5,126,Florida
13/01/2024,Suero de leche,826.0,413,Massachusetts
23/04/2024,Cuajada,950.4,432,Texas
20/02/2024,Cuajada,1062.6,483,California
16/05/2024,Dulce de leche,1377.0,459,Massachusetts
05/08/2024,Yogur con frutas,246.0,205,California
16/01/2024,Dulce de leche,2901.0,967,Texas
07/10/2024,Mantequilla sin sal,3477.6,828,Nueva York
20/08/2024,Kumis,1592.5,637,Texas
30/03/2024,Queso ricota,1808.0,452,Massachusetts
22/05/2024,Queso gruyere,4840.0,880,California
08/12/2024,Suero de leche,1434.0,717,California
24/02/2024,Bebidas lácteas,228.0,114,Florida
10/07/2024,Queso gouda,1372.5,305,Massachusetts
09/01/2024,Mantequilla sin sal,4023.6,958,Massachusetts
13/01/2024,Mantequilla sin sal,4132.8,984,Nueva York
24/03/2024,Leche condensada,645.0,258,Nueva York
16/03/2024,Yogur natural,3164.0,904,Nueva York
03/08/2024,Yogur griego,384.0,256,Massachusetts
13/01/2024,Crema batida,1890.0,504,California
14/07/2024,Queso crema,2016.0,720,Nueva York
01/09/2024,Queso crema,1358.0,485,Massachusetts
22/06/2024,Queso para untar,1753.6,548,Massachusetts
12/08/2024,Queso gouda,1692.0,376,Nueva York
09/05/2024,Queso en lonchas,1668.2,439,Florida
11/12/2024,Crema de leche,2581.69,431,Texas
06/09/2024,Yogur griego,751.5,501,Massachusetts
04/01/2024,Yogur natural,2380.0,680,Texas
03/12/2024,Queso parmesano,4680.0,975,Nueva York
18/07/2024,Crema agria,720.0,288,Texas
19/09/2024,Mantequilla clarificada (ghee),448.5,78,Texas
04/07/2024,Kumis,195.0,78,Texas
03/03/2024,Queso crema,856.8,306,Texas
13/08/2024,Crema de leche,2401.99,401,California
03/03/2024,Queso cheddar añejo,4365.0,873,Texas
11/09/2024,Cuajada,1823.8,829,Massachusetts
18/06/2024,Crema batida,1293.75,345,Massachusetts
14/09/2024,Queso para untar,2041.6,638,Florida
19/03/2024,Leche entera,657.75,877,Nueva York
09/06/2024,Crema batida,990.0,264,Florida
25/03/2024,Bebidas lácteas,525.6,438,California
11/11/2024,Leche saborizada,646.0,646,California
05/04/2024,Leche condensada,742.5,297,Nueva York
09/07/2024,Leche deslactosada,533.0,410,Texas
16/11/2024,Yogur griego,1498.5,999,California
03/11/2024,Mantequilla sin sal,298.2,71,Texas
18/08/2024,Leche descremada,1127.0,980,Florida
17/12/2024,Suero de leche,1780.0,890,Florida
14/03/2024,Yogur con frutas,566.4,472,Massachusetts
13/11/2024,Crema batida,2647.5,706,Texas
25/05/2024,Queso cheddar añejo,1485.0,297,Florida
11/12/2024,Mantequilla clarificada (ghee),983.25,171,California
13/04/2024,Bebidas lácteas,625.2,521,Massachusetts
10/08/2024,Queso azul roquefort,6193.75,991,Texas
28/02/2024,Mantequilla con sal,620.0,155,Nueva York
22/06/2024,Queso azul gorgonzola,840.0,140,Texas
01/03/2024,Crema batida,153.75,41,Nueva York
22/02/2024,Leche semidescremada,179.2,256,California
21/09/2024,Mantequilla con sal,252.0,63,Florida
03/02/2024,Kumis,1872.5,749,Nueva York
05/08/2024,Mantequilla clarificada (ghee),799.25,139,California
03/08/2024,Suero de leche,826.0,413,Massachusetts
14/05/2024,Suero de leche,1900.0,950,Nueva York
19/05/2024,Bebidas lácteas,1000.8,834,Nueva York
16/10/2024,Yogur griego,319.5,213,Nueva York
13/06/2024,Leche semidescremada,111.6,93,Texas
13/09/2024,Queso edam,2265.75,477,Massachusetts
01/09/2024,Yogur con frutas,1009.2,841,Nueva York
02/09/2024,Mantequilla con sal,620.0,155,Florida
15/07/2024,Leche descremada,302.9,466,Florida
23/09/2024,Mantequilla sin sal,3528.0,840,Florida
13/09/2024,Kumis,1395.0,558,Florida
02/04/2024,Mantequilla sin sal,2226.0,530,California
07/01/2024,Yogur con frutas,522.0,435,Massachusetts
19/12/2024,Crema de leche,1952.74,326,California
25/07/2024,Yogur griego,247.5,165,Florida
24/08/2024,Yogur con frutas,362.4,302,California
20/09/2024,Mantequilla sin sal,2381.4,567,Nueva York
05/06/2024,Mantequilla con sal,3112.0,778,Texas
27/12/2024,Mantequilla sin sal,1587.6,378,Nueva York
11/02/2024,Crema agria,2187.5,875,Nueva York
05/11/2024,Yogur griego,1135.5,757,Massachusetts
08/07/2024,Queso camembert,762.0,127,Florida
08/01/2024,Dulce de leche,1605.0,535,Texas
30/12/2024,Queso en lonchas,1672.0,440,California
16/03/2024,Leche saborizada,350.0,350,California
28/12/2024,Queso azul gorgonzola,1590.0,265,Florida
26/03/2024,Queso en lonchas,3188.2,839,Texas
16/11/2024,Crema de leche,4061.22,678,Texas
09/03/2024,Suero de leche,1206.0,603,California
04/07/2024,Queso blanco,4290.0,858,Texas
12/08/2024,Mantequilla con sal,1244.0,311,Florida
16/09/2024,Mantequilla con sal,1700.0,425,Nueva York
23/05/2024,Cuajada,1086.8,494,Florida
13/08/2024,Crema batida,2160.0,576,Nueva York
12/12/2024,Suero de leche,1236.0,618,California
07/04/2024,Queso brie,5628.0,938,Massachusetts
09/09/2024,Crema de leche,5732.43,957,California
26/12/2024,Mantequilla con sal,1620.0,405,Massachusetts
05/01/2024,Cuajada,677.6,308,Nueva York
27/05/2024,Suero de leche,1366.0,683,California
03/08/2024,Dulce de leche,186.0,62,Texas
26/08/2024,Mantequilla clarificada (ghee),1736.5,302,Texas
17/01/2024,Yogur griego,1455.0,970,Texas
27/08/2024,Leche en polvo,1199.0,218,Texas
29/09/2024,Helado,2205.75,519,Florida
08/05/2024,Mantequilla clarificada (ghee),3944.5,686,Massachusetts
18/08/2024,Queso ricota,920.0,230,Nueva York
21/11/2024,Yogur natural,1204.0,344,California
16/04/2024,Mantequilla clarificada (ghee),1052.25,183,California
17/07/2024,Dulce de leche,498.0,166,Nueva York
30/06/2024,Queso para untar,2992.0,935,California
09/07/2024,Mantequilla con sal,1060.0,265,Florida
17/06/2024,Crema batida,828.75,221,Florida
02/02/2024,Queso crema,702.8,251,Nueva York
22/12/2024,Leche condensada,2035.0,814,Nueva York
31/05/2024,Mantequilla con sal,320.0,80,California
10/11/2024,Leche evaporada,1909.0,830,California
19/01/2024,Mantequilla sin sal,2961.0,705,Florida
17/07/2024,Leche condensada,742.5,297,Massachusetts
06/01/2024,Mantequilla con sal,572.0,143,Massachusetts
27/12/2024,Mantequilla sin sal,1239.0,295,Florida
18/05/2024,Yogur con frutas,825.6,688,Texas
19/04/2024,Queso edam,579.5,122,Nueva York
12/06/2024,Mantequilla sin sal,1730.4,412,Florida
27/09/2024,Leche entera,2352.0,672,Texas
03/06/2024,Queso crema,123.2,44,Nueva York
03/06/2024,Mantequilla clarificada (ghee),3450.0,600,Nueva York
28/07/2024,Queso crema,1372.0,490,California
09/05/2024,Mantequilla sin sal,672.0,160,Florida
04/09/2024,Yogur griego,633.0,422,Texas
23/09/2024,Leche entera,269.25,359,Texas
05/07/2024,Dulce de leche,273.0,91,Nueva York
14/11/2024,Suero de leche,432.0,216,California
28/06/2024,Leche en polvo,654.5,119,Texas
18/08/2024,Mantequilla sin sal,1684.2,401,Nueva York
09/06/2024,Mantequilla clarificada (ghee),1236.25,215,Texas
03/06/2024,Queso ricota,1844.0,461,Massachusetts
04/12/2024,Dulce de leche,2208.0,736,Nueva York
05/03/2024,Leche saborizada,964.0,964,Florida
20/09/2024,Queso blanco,2930.0,586,Texas
05/01/2024,Yogur con frutas,513.6,428,California
14/10/2024,Helado,1189.5,793,Texas
03/03/2024,Mantequilla clarificada (ghee),5709.75,993,Nueva York
04/10/2024,Mantequilla sin sal,2242.8,534,California
30/07/2024,Cuajada,1126.4,512,California
04/11/2024,Queso crema,736.4,263,Florida
26/05/2024,Yogur griego,1384.5,923,Nueva York
18/09/2024,Queso azul roquefort,1812.5,290,Massachusetts
26/11/2024,Leche semidescremada,497.7,711,Florida
20/06/2024,Queso gruyere,4042.5,735,Massachusetts
24/09/2024,Crema batida,3738.75,997,Massachusetts
28/12/2024,Suero de leche,704.0,352,Texas
13/11/2024,Queso mozzarella,3348.75,893,Massachusetts
29/09/2024,Mantequilla con sal,2436.0,609,California
18/08/2024,Leche descremada,458.25,705,Texas
25/06/2024,Queso en lonchas,3283.2,864,Massachusetts
13/06/2024,Leche evaporada,1271.9,553,Texas
02/02/2024,Suero de leche,1358.0,679,Texas
07/11/2024,Suero de leche,376.0,188,Texas
13/11/2024,Crema batida,1230.0,328,Nueva York
22/01/2024,Helado,643.5,429,Massachusetts
12/08/2024,Yogur griego,19.5,13,Texas
22/02/2024,Queso camembert,2262.0,377,Florida
16/04/2024,Yogur natural,1925.0,550,Florida
01/01/2024,Mantequilla con sal,1324.0,331,Texas
16/01/2024,Crema batida,1908.75,509,Nueva York
09/06/2024,Leche entera,2957.5,845,California
04/12/2024,Mantequilla sin sal,2856.0,680,Florida
13/04/2024,Queso azul gorgonzola,4584.0,764,Texas
08/03/2024,Dulce de leche,2070.0,690,Massachusetts
27/08/2024,Crema batida,990.0,264,Texas
31/01/2024,Leche evaporada,2226.4,968,Nueva York
09/08/2024,Queso mozzarella,1143.75,305,Massachusetts
25/04/2024,Queso edam,1695.75,357,Nueva York
27/09/2024,Queso en lonchas,931.0,245,Massachusetts
27/05/2024,Cuajada,464.2,211,Massachusetts
26/02/2024,Mantequilla con sal,3292.0,823,California
30/05/2024,Queso azul roquefort,1575.0,252,Texas
10/07/2024,Crema batida,1470.0,392,Florida
17/04/2024,Bebidas lácteas,1188.0,594,Nueva York
25/10/2024,Suero de leche,1290.0,645,California
06/11/2024,Queso en lonchas,885.4,233,Massachusetts
25/08/2024,Yogur con frutas,184.8,154,Texas
02/11/2024,Cuajada,1392.6,633,Florida
22/01/2024,Leche deslactosada,493.85,581,Nueva York
04/03/2024,Queso en lonchas,421.8,111,Massachusetts
11/01/2024,Leche entera,444.0,592,Massachusetts
23/02/2024,Bebidas lácteas,410.0,205,Florida
22/02/2024,Queso edam,4341.5,914,Nueva York
09/06/2024,Helado,3251.25,765,Texas
25/12/2024,Leche en polvo,2095.5,381,Nueva York
02/09/2024,Kumis,2295.0,918,Massachusetts
06/05/2024,Queso blanco,400.0,80,California
12/02/2024,Cuajada,1144.0,520,Massachusetts
10/08/2024,Crema batida,506.25,135,Massachusetts
05/11/2024,Yogur con frutas,429.6,358,Massachusetts
25/02/2024,Leche semidescremada,1142.4,952,Nueva York
13/03/2024,Queso havarti,4205.25,801,Nueva York
05/02/2024,Queso edam,3163.5,666,Nueva York
25/10/2024,Crema agria,322.5,129,Florida
21/07/2024,Helado,1293.0,862,California
08/04/2024,Mantequilla con sal,2304.0,576,Nueva York
26/06/2024,Queso havarti,3843.0,732,Massachusetts
04/08/2024,Mantequilla clarificada (ghee),5732.75,997,Massachusetts
15/03/2024,Crema batida,420.0,112,Texas
22/08/2024,Mantequilla sin sal,2163.0,515,Florida
04/06/2024,Mantequilla con sal,2328.0,582,Nueva York
16/01/2024,Suero de leche,564.0,282,Nueva York
21/01/2024,Yogur natural,695.0,695,Massachusetts
06/09/2024,Yogur con frutas,694.8,579,Texas
16/09/2024,Mantequilla con sal,1256.0,314,California
29/12/2024,Mantequilla clarificada (ghee),2639.25,459,Texas
19/09/2024,Crema agria,495.0,198,California
29/04/2024,Yogur griego,94.5,63,Massachusetts
10/09/2024,Mantequilla con sal,624.0,156,Nueva York
23/08/2024,Helado,2282.25,537,California
20/10/2024,Dulce de leche,1050.0,350,Florida
13/09/2024,Queso blanco,205.0,41,Florida
02/10/2024,Queso azul roquefort,5400.0,864,Massachusetts
30/05/2024,Mantequilla sin sal,2331.0,555,Texas
07/08/2024,Queso blanco,1580.0,316,Florida
09/06/2024,Leche deslactosada,163.8,126,Florida
31/10/2024,Mantequilla clarificada (ghee),5698.25,991,Massachusetts
29/03/2024,Crema agria,855.0,342,Florida
19/06/2024,Cuajada,1342.0,610,Texas
30/10/2024,Queso crema,2788.8,996,Texas
18/03/2024,Queso en lonchas,1869.6,492,California
18/09/2024,Suero de leche,1180.0,590,Florida
12/07/2024,Queso brie,5532.0,922,Massachusetts
02/08/2024,Yogur griego,813.0,542,Texas
11/03/2024,Queso azul gorgonzola,5664.0,944,Nueva York
03/05/2024,Mantequilla clarificada (ghee),4450.5,774,Nueva York
17/01/2024,Dulce de leche,2610.0,870,Nueva York
09/01/2024,Mantequilla con sal,616.0,154,Massachusetts
21/08/2024,Leche entera,3118.5,891,Nueva York
30/08/2024,Yogur con frutas,1194.0,995,Florida
24/07/2024,Mantequilla clarificada (ghee),5537.25,963,Florida
28/07/2024,Crema de leche,772.71,129,California
20/08/2024,Queso crema,1187.2,424,Florida
30/08/2024,Cuajada,657.8,299,Texas
14/01/2024,Leche deslactosada,157.25,185,Texas
15/03/2024,Mantequilla sin sal,2058.0,490,Texas
31/01/2024,Crema batida,2002.5,534,Florida
10/10/2024,Mantequilla con sal,1964.0,491,California
09/09/2024,Queso para untar,1731.2,541,Nueva York
06/07/2024,Dulce de leche,2172.0,724,Texas
03/03/2024,Yogur griego,898.5,599,California
02/07/2024,Leche entera,713.75,571,Nueva York
17/11/2024,Crema batida,1890.0,504,Nueva York
30/08/2024,Crema de leche,4181.02,698,Texas
02/09/2024,Queso azul gorgonzola,3630.0,605,Texas
02/06/2024,Crema batida,645.0,172,Florida
02/05/2024,Queso gruyere,242.0,44,Texas
24/03/2024,Queso camembert,2760.0,460,Nueva York
26/10/2024,Crema batida,262.5,70,Massachusetts
24/01/2024,Mantequilla sin sal,218.4,52,Texas
26/04/2024,Crema batida,2763.75,737,Texas
26/06/2024,Queso crema,277.2,99,California
11/06/2024,Mantequilla clarificada (ghee),5571.75,969,Florida
02/03/2024,Dulce de leche,174.0,58,Nueva York
07/07/2024,Yogur con frutas,870.0,725,California
19/07/2024,Queso cheddar añejo,4335.0,867,Nueva York
02/08/2024,Queso gouda,4230.0,940,California
31/03/2024,Crema agria,445.0,178,Nueva York
17/05/2024,Dulce de leche,1944.0,648,Nueva York
07/02/2024,Crema batida,3562.5,950,California
19/01/2024,Crema batida,2692.5,718,California
24/04/2024,Mantequilla clarificada (ghee),2357.5,410,Texas
03/11/2024,Crema agria,417.5,167,Massachusetts
06/08/2024,Queso blanco,240.0,48,Texas
28/08/2024,Crema agria,727.5,291,Texas
14/10/2024,Leche condensada,75.0,30,Florida
15/07/2024,Helado,606.0,404,Nueva York
26/06/2024,Leche entera,1132.5,906,California
13/10/2024,Leche en polvo,2202.0,734,Florida
23/11/2024,Mantequilla clarificada (ghee),4145.75,721,Massachusetts
12/05/2024,Queso blanco,4880.0,976,Massachusetts
29/07/2024,Leche en polvo,1845.0,615,Texas
10/11/2024,Yogur natural,152.0,152,California
16/02/2024,Bebidas lácteas,81.6,68,Massachusetts
07/09/2024,Helado,3884.5,914,California
05/10/2024,Helado,565.5,377,Massachusetts
12/05/2024,Mantequilla clarificada (ghee),2817.5,490,Florida
19/06/2024,Mantequilla sin sal,176.4,42,Texas
08/02/2024,Leche entera,130.0,104,Florida
17/08/2024,Queso ricota,1500.0,375,California
01/10/2024,Yogur griego,369.0,246,Florida
30/12/2024,Yogur con frutas,957.6,798,Massachusetts
18/12/2024,Kumis,1942.5,777,California
05/04/2024,Crema batida,705.0,188,Florida
02/02/2024,Leche condensada,1325.0,530,Massachusetts
10/08/2024,Leche deslactosada,1159.6,892,Nueva York
22/05/2024,Mantequilla con sal,3592.0,898,Florida
06/05/2024,Dulce de leche,126.0,42,California
27/03/2024,Bebidas lácteas,794.4,662,Texas
22/01/2024,Crema de leche,5852.23,977,Massachusetts
05/05/2024,Bebidas lácteas,256.0,128,Florida
07/09/2024,Leche saborizada,1018.5,679,Florida
10/05/2024,Suero de leche,1196.0,598,California
02/05/2024,Yogur griego,258.0,172,Massachusetts
28/03/2024,Yogur natural,413.0,413,Nueva York
08/11/2024,Queso mozzarella,930.0,248,Florida
12/01/2024,Crema batida,1646.25,439,Nueva York
04/08/2024,Leche descremada,547.4,476,Florida
06/03/2024,Yogur con frutas,135.6,113,California
29/12/2024,Queso brie,1986.0,331,Texas
12/07/2024,Queso azul gorgonzola,132.0,22,Nueva York
16/11/2024,Crema agria,422.5,169,Nueva York
11/12/2024,Mantequilla con sal,96.0,24,California
08/08/2024,Yogur griego,138.0,92,Texas
26/12/2024,Kumis,902.5,361,Nueva York
10/07/2024,Mantequilla sin sal,2935.8,699,Nueva York
01/02/2024,Yogur griego,859.5,573,California
25/08/2024,Kumis,2247.5,899,Texas
14/05/2024,Queso gouda,1264.5,281,California
05/01/2024,Helado,127.5,30,Nueva York
04/03/2024,Queso camembert,1830.0,305,Nueva York
01/08/2024,Helado,3969.5,934,California
21/06/2024,Queso ricota,3360.0,840,California
31/03/2024,Mantequilla clarificada (ghee),3179.75,553,California
29/10/2024,Queso ricota,3796.0,949,Texas
07/08/2024,Leche entera,3465.0,990,California
07/09/2024,Queso parmesano,4752.0,990,Massachusetts
23/07/2024,Leche semidescremada,158.9,227,Nueva York
04/09/2024,Mantequilla sin sal,2587.2,616,Nueva York
10/07/2024,Queso crema,291.2,104,Massachusetts
05/05/2024,Mantequilla con sal,364.0,91,Nueva York
01/07/2024,Cuajada,616.0,280,Florida
04/04/2024,Crema de leche,1527.45,255,Florida
30/11/2024,Bebidas lácteas,853.2,711,Massachusetts
16/04/2024,Leche deslactosada,867.1,667,Florida
08/12/2024,Dulce de leche,1350.0,450,Florida
31/07/2024,Mantequilla clarificada (ghee),2363.25,411,Massachusetts
02/09/2024,Queso brie,3096.0,516,Florida
14/06/2024,Mantequilla clarificada (ghee),828.0,144,Nueva York
20/08/2024,Queso brie,5382.0,897,Nueva York
27/09/2024,Queso ricota,1652.0,413,Nueva York
15/04/2024,Queso brie,5766.0,961,California
31/10/2024,Yogur griego,510.0,340,Massachusetts
30/01/2024,Queso crema,952.0,340,Nueva York
21/03/2024,Yogur natural,607.0,607,Massachusetts
09/12/2024,Leche entera,35.25,47,California
01/05/2024,Leche deslactosada,79.3,61,Florida
12/08/2024,Queso crema,1738.8,621,Massachusetts
19/04/2024,Bebidas lácteas,992.0,496,Texas
17/11/2024,Leche en polvo,2552.0,464,Texas
28/10/2024,Queso ricota,668.0,167,Massachusetts
16/02/2024,Yogur griego,1006.5,671,Massachusetts
08/05/2024,Cuajada,629.2,286,Nueva York
28/02/2024,Mantequilla con sal,1268.0,317,Texas
27/09/2024,Mantequilla sin sal,4027.8,959,Nueva York
28/04/2024,Suero de leche,526.0,263,Nueva York
02/08/2024,Mantequilla sin sal,2784.6,663,Florida
21/01/2024,Mantequilla clarificada (ghee),2501.25,435,Nueva York
26/09/2024,Leche en polvo,2784.0,928,Nueva York
10/09/2024,Leche descremada,632.5,550,Massachusetts
08/03/2024,Mantequilla sin sal,4065.6,968,Massachusetts
16/06/2024,Cuajada,1735.8,789,Nueva York
12/01/2024,Yogur natural,1491.0,426,California
11/10/2024,Yogur natural,547.0,547,Massachusetts
07/09/2024,Leche en polvo,3586.0,652,Nueva York
23/07/2024,Leche condensada,1250.0,500,Texas
11/03/2024,Dulce de leche,2367.0,789,Texas
23/04/2024,Mantequilla sin sal,3519.6,838,Nueva York
17/04/2024,Yogur griego,1080.0,720,Florida
28/03/2024,Bebidas lácteas,1190.0,595,Florida
26/10/2024,Leche saborizada,587.0,587,Massachusetts
16/11/2024,Queso azul gorgonzola,1122.0,187,Massachusetts
30/04/2024,Yogur con frutas,295.2,246,Florida
18/01/2024,Queso cheddar añejo,3645.0,729,Florida
04/01/2024,Kumis,830.0,332,California
05/02/2024,Queso en lonchas,710.6,187,Massachusetts
24/10/2024,Crema batida,3592.5,958,Florida
11/02/2024,Leche evaporada,1396.1,607,California
30/06/2024,Crema agria,292.5,117,California
02/12/2024,Queso para untar,1353.6,423,Texas
25/12/2024,Queso crema,1425.2,509,Nueva York
24/02/2024,Leche descremada,111.55,97,Texas
28/03/2024,Helado,378.0,252,Nueva York
17/08/2024,Suero de leche,1638.0,819,Nueva York
02/09/2024,Mantequilla con sal,1192.0,298,Florida
24/11/2024,Suero de leche,236.0,118,California
10/11/2024,Mantequilla con sal,224.0,56,California
04/05/2024,Queso en lonchas,733.4,193,Massachusetts
06/06/2024,Helado,2571.25,605,Texas
17/11/2024,Dulce de leche,2307.0,769,Florida
07/08/2024,Suero de leche,536.0,268,Nueva York
07/12/2024,Mantequilla sin sal,2242.8,534,Texas
15/11/2024,Queso mozzarella,1402.5,374,Nueva York
18/12/2024,Crema de leche,850.58,142,Texas
25/01/2024,Helado,3829.25,901,Florida
27/09/2024,Mantequilla con sal,2220.0,555,Nueva York
15/12/2024,Yogur griego,876.0,584,California
04/12/2024,Mantequilla sin sal,3943.8,939,California
23/06/2024,Suero de leche,956.0,478,Texas
11/11/2024,Mantequilla con sal,2764.0,691,Nueva York
09/09/2024,Leche en polvo,2211.0,737,California
12/11/2024,Helado,1266.5,298,Florida
09/09/2024,Leche condensada,2415.0,966,California
30/07/2024,Yogur natural,693.0,198,Nueva York
02/04/2024,Leche deslactosada,408.2,314,Florida
28/07/2024,Kumis,1917.5,767,Texas
11/04/2024,Leche semidescremada,536.2,766,California
27/01/2024,Mantequilla con sal,3216.0,804,Massachusetts
24/10/2024,Yogur griego,445.5,297,Nueva York
28/07/2024,Yogur griego,1167.0,778,Nueva York
11/10/2024,Crema de leche,3276.53,547,Florida
26/08/2024,Crema batida,1691.25,451,Nueva York
30/03/2024,Yogur griego,1086.0,724,Texas
01/07/2024,Queso blanco,1155.0,231,Massachusetts
07/06/2024,Queso cheddar añejo,2280.0,456,Texas
10/04/2024,Queso azul gorgonzola,1008.0,168,Nueva York
07/04/2024,Yogur griego,927.0,618,California
26/07/2024,Queso blanco,795.0,159,Florida
03/05/2024,Dulce de leche,2775.0,925,Nueva York
09/05/2024,Crema agria,1602.5,641,Massachusetts
06/03/2024,Crema agria,1712.5,685,Massachusetts
18/02/2024,Crema batida,2021.25,539,Texas
11/05/2024,Queso edam,2617.25,551,Nueva York
06/08/2024,Yogur natural,476.0,136,California
27/05/2024,Yogur natural,1085.0,310,Texas
13/06/2024,Leche evaporada,87.4,38,Nueva York
28/12/2024,Mantequilla clarificada (ghee),3979.0,692,Florida
03/03/2024,Queso crema,946.4,338,Nueva York
03/08/2024,Queso edam,1173.25,247,Massachusetts
13/02/2024,Mantequilla sin sal,3124.8,744,California
04/07/2024,Leche en polvo,1743.5,317,Texas
19/05/2024,Mantequilla con sal,552.0,138,Florida
23/08/2024,Suero de leche,1398.0,699,Florida
05/10/2024,Helado,387.0,258,California
22/11/2024,Crema agria,1737.5,695,Texas
21/02/2024,Queso crema,2004.8,716,Nueva York
02/04/2024,Yogur griego,907.5,605,Texas
12/10/2024,Queso crema,730.8,261,Texas
14/06/2024,Leche en polvo,4933.5,897,Nueva York
12/11/2024,Suero de leche,1274.0,637,Florida
11/06/2024,Crema batida,2313.75,617,Nueva York
03/10/2024,Dulce de leche,1191.0,397,Florida
08/06/2024,Yogur natural,2131.5,609,Massachusetts
07/08/2024,Leche deslactosada,358.7,422,Florida
22/10/2024,Mantequilla sin sal,655.2,156,Texas
30/03/2024,Leche entera,85.5,114,California
25/07/2024,Mantequilla con sal,3140.0,785,Nueva York
13/02/2024,Helado,2282.25,537,California
26/06/2024,Queso brie,4374.0,729,California
17/11/2024,Mantequilla con sal,216.0,54,Texas
17/12/2024,Suero de leche,1132.0,566,California
21/10/2024,Leche evaporada,655.5,285,Massachusetts
31/03/2024,Kumis,2372.5,949,Nueva York
01/06/2024,Mantequilla clarificada (ghee),1109.75,193,Massachusetts
17/03/2024,Queso havarti,5139.75,979,Texas
01/03/2024,Yogur natural,617.0,617,California
25/07/2024,Queso para untar,2000.0,625,Massachusetts
05/04/2024,Queso edam,351.5,74,California
06/07/2024,Queso edam,2398.75,505,California
02/01/2024,Leche en polvo,1947.0,649,California
15/11/2024,Dulce de leche,2058.0,686,California
24/11/2024,Kumis,190.0,76,Nueva York
28/03/2024,Leche entera,473.25,631,Nueva York
02/06/2024,Mantequilla sin sal,3229.8,769,Nueva York
02/05/2024,Cuajada,1348.6,613,California
13/04/2024,Bebidas lácteas,504.0,252,Florida
07/02/2024,Yogur con frutas,307.2,256,Texas
16/05/2024,Suero de leche,568.0,284,Texas
19/01/2024,Bebidas lácteas,1086.0,543,Massachusetts
22/07/2024,Leche descremada,472.55,727,Nueva York
11/01/2024,Mantequilla con sal,3852.0,963,Florida
17/08/2024,Dulce de leche,1743.0,581,Nueva York
06/04/2024,Mantequilla clarificada (ghee),1437.5,250,Massachusetts
25/04/2024,Crema agria,107.5,43,Massachusetts
24/04/2024,Kumis,900.0,360,Massachusetts
05/01/2024,Mantequilla clarificada (ghee),2564.5,446,Florida
23/01/2024,Mantequilla con sal,3780.0,945,California
23/02/2024,Yogur natural,2051.0,586,Texas
07/10/2024,Yogur natural,619.0,619,Florida
02/06/2024,Leche en polvo,33.0,11,California
29/09/2024,Yogur con frutas,589.2,491,Massachusetts
10/09/2024,Mantequilla con sal,3708.0,927,Florida
05/05/2024,Queso en lonchas,1679.6,442,Florida
12/06/2024,Crema de leche,1695.17,283,Nueva York
04/10/2024,Yogur natural,38.5,11,Texas
02/06/2024,Leche condensada,2455.0,982,Florida
17/04/2024,Dulce de leche,408.0,136,Texas
11/07/2024,Mantequilla con sal,776.0,194,Massachusetts
09/04/2024,Cuajada,833.8,379,Florida
09/11/2024,Queso brie,1572.0,262,Nueva York
21/10/2024,Leche condensada,27.5,11,Texas
16/09/2024,Dulce de leche,1692.0,564,California
23/08/2024,Suero de leche,772.0,386,Massachusetts
25/05/2024,Queso blanco,1580.0,316,Nueva York
23/10/2024,Mantequilla clarificada (ghee),3409.75,593,California
09/01/2024,Mantequilla con sal,3508.0,877,Florida
08/09/2024,Kumis,482.5,193,Texas
29/06/2024,Crema batida,1477.5,394,Massachusetts
12/08/2024,Leche condensada,797.5,319,Nueva York
01/01/2024,Yogur griego,73.5,49,Nueva York
27/10/2024,Crema batida,1976.25,527,Nueva York
17/09/2024,Dulce de leche,2628.0,876,Texas
03/01/2024,Cuajada,202.4,92,Texas
31/07/2024,Mantequilla clarificada (ghee),5456.75,949,Florida
25/09/2024,Queso crema,1887.2,674,Nueva York
02/07/2024,Queso camembert,4956.0,826,Texas
25/12/2024,Kumis,1812.5,725,Massachusetts
07/12/2024,Queso azul gorgonzola,3330.0,555,Florida
10/04/2024,Suero de leche,398.0,199,Texas
14/05/2024,Crema agria,705.0,282,California
18/01/2024,Yogur natural,539.0,539,Nueva York
09/06/2024,Yogur natural,210.0,210,Massachusetts
26/03/2024,Kumis,1985.0,794,Massachusetts
27/11/2024,Queso crema,380.8,136,Nueva York
25/04/2024,Mantequilla sin sal,1016.4,242,Nueva York
25/04/2024,Queso gruyere,2579.5,469,Massachusetts
23/08/2024,Helado,387.0,258,Florida
07/05/2024,Yogur con frutas,592.8,494,Texas
13/09/2024,Suero de leche,986.0,493,California
25/05/2024,Cuajada,825.0,375,Nueva York
11/01/2024,Dulce de leche,2469.0,823,California
08/07/2024,Mantequilla clarificada (ghee),5468.25,951,California
05/06/2024,Helado,272.0,64,Nueva York
10/02/2024,Queso parmesano,4425.6,922,Massachusetts
24/01/2024,Leche saborizada,204.0,204,Florida
03/05/2024,Queso parmesano,1473.6,307,Massachusetts
03/04/2024,Crema de leche,2384.02,398,Florida
03/10/2024,Kumis,2160.0,864,Massachusetts
05/10/2024,Kumis,1512.5,605,Texas
14/05/2024,Leche evaporada,653.2,284,Massachusetts
28/12/2024,Yogur con frutas,760.8,634,Nueva York
11/07/2024,Crema de leche,3114.8,520,Texas
17/07/2024,Leche evaporada,59.8,26,Nueva York
07/06/2024,Yogur griego,1191.0,794,Florida
17/03/2024,Suero de leche,1744.0,872,Massachusetts
10/07/2024,Mantequilla con sal,2092.0,523,Florida
24/04/2024,Yogur con frutas,576.0,480,Texas
10/06/2024,Kumis,1820.0,728,Texas
29/02/2024,Crema agria,2245.0,898,Nueva York
21/07/2024,Queso crema,1918.0,685,Massachusetts
13/10/2024,Leche entera,2632.0,752,Florida
18/03/2024,Leche en polvo,401.5,73,Massachusetts
25/03/2024,Crema agria,87.5,35,Florida
12/10/2024,Mantequilla con sal,2600.0,650,California
30/03/2024,Yogur griego,382.5,255,Florida
11/03/2024,Suero de leche,1712.0,856,Nueva York
19/07/2024,Leche evaporada,547.4,238,California
04/12/2024,Mantequilla sin sal,2255.4,537,Texas
15/05/2024,Queso edam,3928.25,827,Florida
18/05/2024,Yogur natural,260.0,260,Florida
13/02/2024,Leche deslactosada,806.65,949,Florida
12/03/2024,Helado,1162.5,775,California
16/10/2024,Mantequilla clarificada (ghee),2978.5,518,Nueva York
26/01/2024,Leche saborizada,1039.5,693,Florida
02/05/2024,Mantequilla sin sal,1801.8,429,Massachusetts
18/04/2024,Crema agria,1375.0,550,Massachusetts
17/12/2024,Kumis,1970.0,788,Nueva York
11/07/2024,Leche deslactosada,209.95,247,Florida
09/02/2024,Helado,67.5,45,Massachusetts
24/10/2024,Mantequilla sin sal,1314.6,313,California
27/06/2024,Bebidas lácteas,1656.0,828,Massachusetts
11/07/2024,Leche descremada,312.0,480,California
24/03/2024,Suero de leche,1484.0,742,Nueva York
20/03/2024,Crema agria,402.5,161,California
15/05/2024,Queso camembert,1980.0,330,California
16/04/2024,Queso para untar,2528.0,790,Texas
19/12/2024,Crema de leche,3677.86,614,Massachusetts
23/04/2024,Mantequilla clarificada (ghee),5048.5,878,Texas
17/07/2024,Dulce de leche,2769.0,923,Florida
25/05/2024,Queso crema,1318.8,471,Massachusetts
30/05/2024,Bebidas lácteas,338.4,282,Nueva York
09/09/2024,Mantequilla sin sal,3633.0,865,Texas
29/09/2024,Leche semidescremada,623.7,891,Florida
12/05/2024,Mantequilla sin sal,373.8,89,Florida
22/04/2024,Mantequilla clarificada (ghee),5088.75,885,Massachusetts
05/01/2024,Suero de leche,742.0,371,California
09/10/2024,Queso crema,2175.6,777,Texas
07/09/2024,Leche saborizada,844.0,844,Texas
29/10/2024,Mantequilla sin sal,2625.0,625,California
17/11/2024,Kumis,1805.0,722,Nueva York
21/08/2024,Crema de leche,3570.04,596,Florida
25/08/2024,Crema batida,450.0,120,Texas
04/04/2024,Crema agria,1527.5,611,California
08/02/2024,Mantequilla sin sal,856.8,204,Florida
06/12/2024,Crema batida,153.75,41,California
09/01/2024,Crema de leche,3617.96,604,California
16/06/2024,Mantequilla sin sal,1003.8,239,Texas
08/10/2024,Yogur natural,3223.5,921,Massachusetts
21/07/2024,Bebidas lácteas,43.2,36,Nueva York
09/12/2024,Queso crema,1786.4,638,California
27/11/2024,Queso parmesano,4065.6,847,Florida
01/03/2024,Leche semidescremada,469.2,391,Nueva York
22/12/2024,Leche entera,460.5,614,Texas
20/05/2024,Queso cheddar añejo,2815.0,563,Florida
25/07/2024,Cuajada,697.4,317,Florida
28/06/2024,Helado,531.0,354,California
24/05/2024,Cuajada,970.2,441,Nueva York
26/10/2024,Yogur con frutas,696.0,580,Florida
06/06/2024,Leche en polvo,4185.5,761,Massachusetts
16/04/2024,Suero de leche,1318.0,659,Texas
06/10/2024,Queso azul gorgonzola,3738.0,623,Massachusetts
10/03/2024,Queso gouda,288.0,64,Massachusetts
01/11/2024,Cuajada,525.8,239,Texas
14/10/2024,Leche entera,299.25,399,California
07/07/2024,Mantequilla con sal,1604.0,401,Texas
29/09/2024,Leche condensada,742.5,297,California
13/11/2024,Leche condensada,287.5,115,Nueva York
07/07/2024,Mantequilla con sal,2428.0,607,Texas
07/05/2024,Cuajada,767.8,349,Massachusetts
24/09/2024,Leche evaporada,1308.7,569,Massachusetts
27/10/2024,Mantequilla sin sal,2452.8,584,California
01/05/2024,Cuajada,2123.0,965,Massachusetts
09/04/2024,Cuajada,94.6,43,Florida
17/11/2024,Dulce de leche,2415.0,805,Nueva York
29/12/2024,Queso cheddar añejo,65.0,13,Florida
22/07/2024,Queso camembert,3162.0,527,Massachusetts
04/01/2024,Mantequilla con sal,3384.0,846,Nueva York
04/11/2024,Leche descremada,93.6,144,Nueva York
20/10/2024,Mantequilla sin sal,630.0,150,Texas
16/04/2024,Queso gouda,2659.5,591,California
20/01/2024,Queso brie,3420.0,570,California
24/02/2024,Queso crema,2416.4,863,Texas
15/01/2024,Dulce de leche,984.0,328,Texas
19/11/2024,Suero de leche,800.0,400,Texas
19/02/2024,Helado,4245.75,999,Nueva York
19/04/2024,Queso crema,1400.0,500,Nueva York
22/02/2024,Mantequilla clarificada (ghee),5261.25,915,Florida
18/07/2024,Queso en lonchas,2451.0,645,California
25/10/2024,Mantequilla con sal,1664.0,416,Texas
29/05/2024,Kumis,1515.0,606,Massachusetts
16/06/2024,Queso blanco,995.0,199,California
10/12/2024,Queso camembert,5712.0,952,Massachusetts
29/12/2024,Mantequilla sin sal,361.2,86,Nueva York
05/11/2024,Yogur natural,1928.5,551,Florida
09/01/2024,Yogur griego,126.0,84,Massachusetts
08/11/2024,Queso edam,1315.75,277,Nueva York
19/11/2024,Mantequilla clarificada (ghee),644.0,112,Florida
08/05/2024,Kumis,682.5,273,Nueva York
24/06/2024,Yogur natural,19.0,19,Massachusetts
09/03/2024,Suero de leche,1356.0,678,Nueva York
03/02/2024,Crema batida,2478.75,661,Texas
08/10/2024,Leche condensada,1115.0,446,Massachusetts
29/03/2024,Mantequilla sin sal,987.0,235,Massachusetts
02/11/2024,Queso blanco,3690.0,738,Texas
08/12/2024,Dulce de leche,1098.0,366,California
10/03/2024,Crema de leche,467.22,78,Nueva York
14/12/2024,Queso edam,3534.0,744,Texas
28/11/2024,Leche descremada,209.95,323,California
12/08/2024,Suero de leche,482.0,241,Texas
12/03/2024,Queso azul gorgonzola,2964.0,494,Nueva York
01/03/2024,Mantequilla clarificada (ghee),4007.75,697,Nueva York
21/04/2024,Kumis,2017.5,807,Massachusetts
23/12/2024,Yogur natural,2968.0,848,Texas
16/10/2024,Queso mozzarella,2962.5,790,Massachusetts
19/06/2024,Leche en polvo,501.0,167,Texas
09/03/2024,Queso mozzarella,1965.0,524,Massachusetts
20/02/2024,Crema de leche,5666.54,946,Florida
18/03/2024,Queso crema,1050.0,375,Texas
01/10/2024,Queso ricota,1772.0,443,Nueva York
25/06/2024,Kumis,1490.0,596,Texas
16/05/2024,Leche saborizada,772.0,772,Florida
21/01/2024,Mantequilla con sal,2840.0,710,California
13/07/2024,Crema agria,177.5,71,Massachusetts
12/12/2024,Mantequilla con sal,520.0,130,California
13/03/2024,Queso havarti,2341.5,446,Texas
14/03/2024,Mantequilla sin sal,4137.0,985,Nueva York
09/09/2024,Yogur griego,418.5,279,California
20/02/2024,Leche saborizada,818.0,818,Texas
25/12/2024,Queso mozzarella,2771.25,739,Texas
09/09/2024,Crema batida,1301.25,347,Nueva York
15/01/2024,Leche deslactosada,282.1,217,Texas
16/10/2024,Yogur griego,1363.5,909,California
25/10/2024,Mantequilla con sal,3956.0,989,Nueva York
12/02/2024,Queso parmesano,1886.4,393,Massachusetts
15/09/2024,Leche saborizada,737.0,737,Texas
29/11/2024,Mantequilla clarificada (ghee),2875.0,500,Nueva York
22/12/2024,Kumis,975.0,390,Nueva York
03/05/2024,Leche deslactosada,850.0,1000,Nueva York
28/03/2024,Mantequilla con sal,596.0,149,Florida
25/01/2024,Yogur con frutas,177.6,148,California
04/02/2024,Crema de leche,2150.41,359,Florida
21/02/2024,Leche evaporada,1975.7,859,California
14/07/2024,Queso para untar,2652.8,829,Nueva York
12/03/2024,Mantequilla clarificada (ghee),2742.75,477,Texas
21/05/2024,Queso brie,5022.0,837,Florida
28/07/2024,Helado,93.5,22,California
25/03/2024,Yogur con frutas,312.0,260,California
14/06/2024,Mantequilla clarificada (ghee),4467.75,777,Florida
25/06/2024,Suero de leche,1772.0,886,Texas
03/06/2024,Crema batida,686.25,183,Nueva York
20/10/2024,Mantequilla con sal,3592.0,898,Nueva York
22/10/2024,Mantequilla clarificada (ghee),2346.0,408,Florida
19/04/2024,Queso havarti,3659.25,697,Florida
28/02/2024,Mantequilla clarificada (ghee),4985.25,867,Florida
17/02/2024,Crema batida,333.75,89,Nueva York
12/11/2024,Queso crema,2254.0,805,Nueva York
06/03/2024,Crema batida,1406.25,375,California
27/03/2024,Leche descremada,500.25,435,California
05/09/2024,Queso edam,3700.25,779,Florida
21/01/2024,Yogur con frutas,670.8,559,California
10/02/2024,Yogur griego,453.0,302,Florida
06/05/2024,Leche saborizada,1282.5,855,Massachusetts
18/05/2024,Yogur con frutas,986.4,822,Texas
29/11/2024,Mantequilla sin sal,1978.2,471,Massachusetts
10/08/2024,Bebidas lácteas,922.0,461,Nueva York
09/01/2024,Yogur natural,332.5,95,Nueva York
27/06/2024,Helado,1143.0,762,Florida
10/09/2024,Mantequilla con sal,2992.0,748,Massachusetts
10/08/2024,Yogur con frutas,78.0,65,California
10/09/2024,Leche deslactosada,384.2,452,Texas
15/02/2024,Queso azul gorgonzola,4626.0,771,Massachusetts
12/05/2024,Queso camembert,5094.0,849,California
18/10/2024,Dulce de leche,2325.0,775,Nueva York
13/07/2024,Queso gouda,720.0,160,Nueva York
11/09/2024,Yogur natural,257.0,257,Nueva York
12/02/2024,Leche en polvo,2244.0,408,Massachusetts
25/12/2024,Crema agria,1050.0,420,Florida
04/04/2024,Leche deslactosada,1220.7,939,California
23/12/2024,Mantequilla sin sal,1213.8,289,Texas
28/04/2024,Crema de leche,4558.39,761,Texas
24/03/2024,Suero de leche,866.0,433,Florida
06/05/2024,Yogur con frutas,168.0,140,Florida
15/06/2024,Mantequilla con sal,1204.0,301,Texas
24/06/2024,Cuajada,1861.2,846,Florida
02/02/2024,Leche saborizada,84.0,84,Texas
01/11/2024,Yogur natural,1270.5,363,Florida
04/05/2024,Queso azul gorgonzola,1092.0,182,Nueva York
22/01/2024,Yogur natural,421.0,421,Florida
08/11/2024,Queso crema,1066.8,381,Texas
30/08/2024,Helado,752.25,177,Florida
02/07/2024,Kumis,190.0,76,Florida
28/05/2024,Yogur griego,832.5,555,California
09/11/2024,Mantequilla sin sal,3519.6,838,Florida
28/10/2024,Leche en polvo,297.0,54,Nueva York
13/02/2024,Yogur con frutas,945.6,788,Texas
21/11/2024,Leche condensada,555.0,222,Florida
25/04/2024,Yogur natural,1400.0,400,California
16/04/2024,Leche saborizada,29.0,29,Texas
24/02/2024,Queso havarti,346.5,66,Florida
08/05/2024,Suero de leche,1208.0,604,Nueva York
11/03/2024,Queso havarti,3575.25,681,Massachusetts
18/11/2024,Queso blanco,2965.0,593,Massachusetts
29/09/2024,Leche condensada,577.5,231,Nueva York
07/06/2024,Mantequilla con sal,2364.0,591,California
21/07/2024,Mantequilla sin sal,1008.0,240,Massachusetts
28/07/2024,Leche semidescremada,487.2,406,Massachusetts
30/08/2024,Queso ricota,3236.0,809,Texas
31/10/2024,Suero de leche,1234.0,617,California
27/03/2024,Yogur con frutas,990.0,825,California
10/07/2024,Yogur griego,973.5,649,Florida
09/08/2024,Mantequilla sin sal,197.4,47,California
12/02/2024,Queso para untar,2608.0,815,Texas
12/06/2024,Mantequilla sin sal,3847.2,916,Massachusetts
16/05/2024,Leche condensada,962.5,385,Nueva York
07/12/2024,Dulce de leche,2874.0,958,California
06/10/2024,Suero de leche,1442.0,721,Massachusetts
11/05/2024,Leche descremada,642.2,988,Massachusetts
15/08/2024,Crema de leche,2737.43,457,Massachusetts
02/03/2024,Yogur natural,910.0,260,Florida
25/12/2024,Leche entera,470.0,376,California
22/03/2024,Mantequilla con sal,2868.0,717,Nueva York
22/12/2024,Suero de leche,1894.0,947,Massachusetts
11/01/2024,Mantequilla con sal,684.0,171,Florida
07/04/2024,Mantequilla con sal,2556.0,639,California
19/01/2024,Yogur con frutas,122.4,102,Massachusetts
07/08/2024,Crema batida,517.5,138,Florida
16/04/2024,Mantequilla sin sal,88.2,21,Texas
19/03/2024,Mantequilla con sal,1456.0,364,Nueva York
24/10/2024,Mantequilla clarificada (ghee),592.25,103,Florida
01/06/2024,Kumis,1920.0,768,Massachusetts
10/02/2024,Yogur con frutas,1135.2,946,Nueva York
24/06/2024,Queso crema,240.8,86,Florida
14/07/2024,Leche descremada,811.9,706,Florida
20/03/2024,Kumis,1240.0,496,Nueva York
10/10/2024,Yogur natural,1746.5,499,California
16/08/2024,Queso ricota,2420.0,605,Florida
05/08/2024,Kumis,1135.0,454,Texas
15/09/2024,Kumis,122.5,49,Nueva York
19/11/2024,Yogur griego,1048.5,699,Massachusetts
22/08/2024,Leche semidescremada,415.8,594,California
28/05/2024,Yogur natural,273.0,78,California
13/04/2024,Mantequilla sin sal,2125.2,506,Florida
28/08/2024,Queso azul gorgonzola,2766.0,461,Nueva York
04/07/2024,Yogur con frutas,130.8,109,Nueva York
11/09/2024,Cuajada,228.8,104,Texas
22/02/2024,Queso crema,2178.4,778,California
01/03/2024,Crema de leche,131.78,22,Massachusetts
24/05/2024,Mantequilla clarificada (ghee),3720.25,647,California
01/02/2024,Yogur natural,1862.0,532,Florida
11/08/2024,Yogur griego,678.0,452,Texas
10/08/2024,Leche evaporada,197.8,86,Florida
17/07/2024,Yogur griego,1119.0,746,California
24/09/2024,Yogur griego,198.0,132,Nueva York
17/10/2024,Yogur griego,1291.5,861,Massachusetts
22/01/2024,Crema batida,787.5,210,California
15/08/2024,Crema batida,1698.75,453,Nueva York
04/04/2024,Mantequilla clarificada (ghee),701.5,122,Massachusetts
24/03/2024,Yogur natural,1379.0,394,Nueva York
16/08/2024,Leche condensada,250.0,100,Texas
18/08/2024,Yogur griego,949.5,633,Massachusetts
11/09/2024,Dulce de leche,1434.0,478,California
31/07/2024,Mantequilla sin sal,130.2,31,Massachusetts
13/01/2024,Queso crema,2514.4,898,Texas
11/07/2024,Cuajada,594.0,270,Florida
17/04/2024,Leche descremada,731.4,636,Texas
19/09/2024,Crema agria,827.5,331,Nueva York
19/03/2024,Queso crema,2721.6,972,Nueva York
19/02/2024,Mantequilla clarificada (ghee),649.75,113,Florida
21/02/2024,Queso azul roquefort,300.0,48,Florida
14/01/2024,Leche saborizada,157.5,105,Texas
15/11/2024,Dulce de leche,2286.0,762,California
13/10/2024,Mantequilla con sal,1492.0,373,Massachusetts
23/01/2024,Yogur con frutas,363.6,303,Massachusetts
08/07/2024,Queso crema,1495.2,534,Texas
19/05/2024,Queso edam,4142.0,872,Texas
03/08/2024,Mantequilla clarificada (ghee),3749.0,652,California
27/11/2024,Yogur con frutas,1179.6,983,Florida
15/08/2024,Mantequilla con sal,632.0,158,Florida
14/07/2024,Leche condensada,1445.0,578,California
07/08/2024,Queso edam,4659.75,981,California
04/03/2024,Crema agria,165.0,66,Florida
14/02/2024,Leche descremada,265.2,408,Nueva York
26/09/2024,Dulce de leche,378.0,126,Texas
09/06/2024,Queso crema,1951.6,697,Massachusetts
03/09/2024,Crema batida,206.25,55,Nueva York
14/01/2024,Mantequilla con sal,2416.0,604,Florida
07/09/2024,Queso crema,128.8,46,Massachusetts
08/09/2024,Kumis,792.5,317,Florida
09/10/2024,Queso ricota,2972.0,743,Nueva York
06/12/2024,Crema agria,505.0,202,Nueva York
03/12/2024,Queso brie,5094.0,849,Texas
10/07/2024,Helado,915.0,610,Nueva York
25/08/2024,Queso gouda,4261.5,947,Texas
03/09/2024,Leche descremada,569.25,495,Nueva York
11/08/2024,Mantequilla con sal,1548.0,387,Florida
09/04/2024,Crema agria,1222.5,489,Nueva York
27/11/2024,Suero de leche,562.0,281,Nueva York
03/11/2024,Queso azul roquefort,3600.0,576,Texas
23/03/2024,Crema batida,660.0,176,Nueva York
21/01/2024,Suero de leche,738.0,369,Massachusetts
23/05/2024,Leche descremada,314.6,484,Nueva York
17/08/2024,Yogur natural,2793.0,798,Massachusetts
18/02/2024,Suero de leche,234.0,117,Florida
20/01/2024,Yogur griego,345.0,230,Florida
25/08/2024,Mantequilla con sal,2264.0,566,Florida
03/12/2024,Mantequilla con sal,3584.0,896,Nueva York
13/03/2024,Mantequilla con sal,376.0,94,Massachusetts
10/11/2024,Yogur natural,32.0,32,Massachusetts
03/10/2024,Mantequilla con sal,2500.0,625,Florida
08/04/2024,Cuajada,1790.8,814,Nueva York
06/11/2024,Queso crema,100.8,36,Nueva York
23/11/2024,Queso crema,1097.6,392,California
03/06/2024,Mantequilla clarificada (ghee),460.0,80,California
18/02/2024,Mantequilla clarificada (ghee),5117.5,890,Nueva York
13/02/2024,Dulce de leche,960.0,320,Texas
14/11/2024,Helado,522.0,348,Nueva York
30/12/2024,Queso cheddar añejo,75.0,15,Florida
23/01/2024,Bebidas lácteas,102.0,85,Florida
15/04/2024,Leche saborizada,1044.0,696,Florida
04/07/2024,Leche en polvo,2040.5,371,Florida
04/12/2024,Suero de leche,550.0,275,Texas
21/05/2024,Dulce de leche,1545.0,515,Texas
29/01/2024,Crema agria,485.0,194,California
30/05/2024,Queso havarti,3706.5,706,Massachusetts
28/11/2024,Mantequilla con sal,2588.0,647,Florida
28/10/2024,Crema agria,525.0,210,Texas
24/04/2024,Queso gruyere,192.5,35,Nueva York
04/07/2024,Mantequilla con sal,3172.0,793,Nueva York
05/09/2024,Queso brie,516.0,86,California
22/05/2024,Dulce de leche,630.0,210,Florida
03/10/2024,Yogur griego,322.5,215,Florida
15/06/2024,Queso havarti,1632.75,311,Texas
28/10/2024,Leche condensada,1722.5,689,Massachusetts
08/12/2024,Mantequilla sin sal,2683.8,639,Texas
29/08/2024,Crema agria,1722.5,689,Florida
28/11/2024,Crema de leche,1497.5,250,Massachusetts
23/12/2024,Leche descremada,327.75,285,Florida
20/05/2024,Queso mozzarella,2370.0,632,Nueva York
25/10/2024,Yogur con frutas,816.0,680,California
22/01/2024,Dulce de leche,162.0,54,Texas
06/12/2024,Leche saborizada,846.0,564,Florida
12/09/2024,Queso cheddar añejo,90.0,18,Texas
20/05/2024,Queso gruyere,4559.5,829,Texas
25/08/2024,Mantequilla con sal,3632.0,908,Nueva York
13/03/2024,Queso edam,3206.25,675,Nueva York
16/06/2024,Leche entera,2471.0,706,California
03/01/2024,Cuajada,728.2,331,Texas
11/07/2024,Suero de leche,1416.0,708,Massachusetts
07/08/2024,Mantequilla sin sal,3582.6,853,Nueva York
29/12/2024,Yogur natural,939.0,939,Florida
15/10/2024,Crema batida,686.25,183,Nueva York
19/05/2024,Helado,363.0,242,Nueva York
26/09/2024,Queso gouda,1471.5,327,Texas
18/01/2024,Mantequilla clarificada (ghee),563.5,98,Nueva York
18/09/2024,Cuajada,1047.2,476,Texas
24/06/2024,Yogur natural,1550.5,443,Massachusetts
29/03/2024,Queso camembert,3612.0,602,California
04/04/2024,Leche entera,2747.5,785,Texas
18/08/2024,Crema agria,2260.0,904,Florida
27/10/2024,Mantequilla con sal,1940.0,485,Nueva York
10/07/2024,Queso gruyere,341.0,62,Florida
03/04/2024,Mantequilla con sal,1416.0,354,Nueva York
02/07/2024,Queso brie,4830.0,805,Nueva York
02/07/2024,Yogur natural,61.0,61,Florida
02/02/2024,Leche condensada,1082.5,433,Nueva York
01/06/2024,Mantequilla clarificada (ghee),3720.25,647,Massachusetts
10/01/2024,Mantequilla clarificada (ghee),4048.0,704,Nueva York
18/04/2024,Crema de leche,4468.54,746,California
10/05/2024,Leche saborizada,533.0,533,Texas
25/02/2024,Helado,1458.0,972,California
11/09/2024,Crema batida,1653.75,441,Florida
10/02/2024,Leche deslactosada,452.4,348,Florida
14/04/2024,Leche en polvo,1410.0,470,Florida
08/11/2024,Crema agria,750.0,300,Florida
03/03/2024,Leche saborizada,1426.5,951,California
24/04/2024,Mantequilla con sal,772.0,193,Massachusetts
05/10/2024,Leche evaporada,117.3,51,California
18/06/2024,Leche deslactosada,1179.1,907,Texas
01/10/2024,Queso brie,162.0,27,Massachusetts
05/06/2024,Leche entera,633.5,181,Nueva York
29/10/2024,Mantequilla sin sal,4174.8,994,California
12/08/2024,Helado,2341.75,551,Massachusetts
02/01/2024,Leche descremada,643.5,990,Massachusetts
16/05/2024,Yogur griego,565.5,377,Nueva York
19/07/2024,Crema de leche,1503.49,251,Nueva York
16/04/2024,Leche en polvo,2298.0,766,Florida
16/05/2024,Suero de leche,674.0,337,Florida
21/06/2024,Helado,732.0,488,Florida
25/11/2024,Cuajada,1949.2,886,Florida
22/11/2024,Helado,2460.75,579,Nueva York
09/10/2024,Mantequilla clarificada (ghee),3910.0,680,Nueva York
30/08/2024,Cuajada,1097.8,499,Texas
26/06/2024,Leche semidescremada,88.8,74,Nueva York
02/02/2024,Crema batida,2617.5,698,California
24/02/2024,Queso para untar,1708.8,534,California
21/06/2024,Leche deslactosada,651.3,501,Massachusetts
19/12/2024,Cuajada,1848.0,840,Florida
10/12/2024,Yogur griego,453.0,302,Massachusetts
02/06/2024,Suero de leche,844.0,422,Florida
31/03/2024,Leche saborizada,576.0,576,California
25/03/2024,Leche en polvo,2427.0,809,Massachusetts
08/01/2024,Mantequilla sin sal,1297.8,309,Nueva York
27/11/2024,Kumis,412.5,165,Nueva York
25/11/2024,Helado,490.5,327,Texas
23/08/2024,Queso crema,450.8,161,Nueva York
04/11/2024,Helado,3786.75,891,California
16/04/2024,Dulce de leche,1362.0,454,Texas
31/03/2024,Bebidas lácteas,964.0,482,Nueva York
04/05/2024,Leche en polvo,1740.0,580,Nueva York
07/06/2024,Queso mozzarella,416.25,111,Massachusetts
27/02/2024,Cuajada,176.0,80,Massachusetts
05/10/2024,Crema agria,1687.5,675,Florida
19/12/2024,Mantequilla con sal,3964.0,991,Nueva York
27/03/2024,Crema batida,2392.5,638,Florida
11/07/2024,Mantequilla con sal,3324.0,831,Texas
05/05/2024,Kumis,280.0,112,Nueva York
19/05/2024,Cuajada,1896.4,862,Nueva York
24/04/2024,Dulce de leche,708.0,236,Florida
14/04/2024,Leche saborizada,674.0,674,Nueva York
06/08/2024,Mantequilla con sal,2912.0,728,Nueva York
28/01/2024,Queso cheddar añejo,4845.0,969,California
10/11/2024,Crema de leche,2959.06,494,Florida
26/10/2024,Crema agria,1882.5,753,Florida
20/06/2024,Dulce de leche,1023.0,341,Massachusetts
14/04/2024,Leche entera,542.5,434,Nueva York
27/10/2024,Yogur griego,672.0,448,Florida
28/10/2024,Queso mozzarella,2220.0,592,Texas
09/11/2024,Yogur con frutas,390.0,325,Massachusetts
23/11/2024,Cuajada,1324.4,602,Massachusetts
30/06/2024,Kumis,1510.0,604,Nueva York
10/09/2024,Crema agria,1837.5,735,Texas
03/01/2024,Queso crema,162.4,58,Florida
18/10/2024,Mantequilla sin sal,2431.8,579,Florida
11/07/2024,Kumis,37.5,15,California
01/08/2024,Leche condensada,1740.0,696,Florida
22/02/2024,Crema de leche,2971.04,496,Nueva York
27/02/2024,Kumis,2052.5,821,Nueva York
17/03/2024,Mantequilla con sal,2248.0,562,Nueva York
04/01/2024,Mantequilla con sal,2856.0,714,Florida
08/05/2024,Crema de leche,3659.89,611,Nueva York
17/07/2024,Yogur con frutas,982.8,819,Nueva York
25/07/2024,Queso gouda,1530.0,340,Texas
14/12/2024,Cuajada,728.2,331,Nueva York
02/08/2024,Leche semidescremada,438.2,626,Massachusetts
30/11/2024,Crema de leche,970.38,162,California
21/11/2024,Crema batida,1721.25,459,Nueva York
22/12/2024,Queso ricota,3524.0,881,Florida
26/06/2024,Queso en lonchas,2048.2,539,Florida
14/10/2024,Mantequilla sin sal,1701.0,405,Nueva York
18/03/2024,Queso brie,3882.0,647,Florida
28/07/2024,Suero de leche,214.0,107,Texas
06/07/2024,Crema batida,2872.5,766,California
08/05/2024,Mantequilla sin sal,592.2,141,Florida
07/01/2024,Leche semidescremada,1162.8,969,California
30/08/2024,Leche semidescremada,325.5,465,Florida
13/10/2024,Yogur griego,156.0,104,Texas
21/06/2024,Mantequilla clarificada (ghee),2052.75,357,Massachusetts
22/04/2024,Yogur natural,1827.0,522,Nueva York
09/08/2024,Helado,4241.5,998,Nueva York
28/02/2024,Queso crema,2069.2,739,Florida
06/07/2024,Cuajada,1205.6,548,Florida
19/01/2024,Crema agria,2045.0,818,California
15/05/2024,Mantequilla sin sal,3952.2,941,Florida
22/02/2024,Leche semidescremada,1036.8,864,Massachusetts
10/10/2024,Suero de leche,262.0,131,California
15/10/2024,Yogur griego,496.5,331,Nueva York
15/09/2024,Yogur con frutas,134.4,112,Florida
13/05/2024,Crema batida,2403.75,641,Nueva York
29/12/2024,Kumis,1800.0,720,Florida
21/05/2024,Leche entera,348.0,464,Massachusetts
01/12/2024,Mantequilla sin sal,1268.4,302,Nueva York
06/09/2024,Yogur natural,2163.0,618,Nueva York
29/10/2024,Bebidas lácteas,1106.4,922,Massachusetts
24/04/2024,Mantequilla con sal,3180.0,795,California
26/02/2024,Cuajada,1313.4,597,Nueva York
16/02/2024,Leche descremada,500.25,435,Florida
22/05/2024,Kumis,420.0,168,Massachusetts
10/09/2024,Helado,1075.25,253,Florida
10/09/2024,Yogur griego,1141.5,761,California
28/06/2024,Yogur griego,1212.0,808,Nueva York
27/10/2024,Queso crema,2184.0,780,California
04/09/2024,Yogur con frutas,986.4,822,Florida
30/11/2024,Bebidas lácteas,1020.0,850,Massachusetts
15/02/2024,Leche condensada,2482.5,993,Nueva York
29/01/2024,Helado,933.0,622,Nueva York
20/02/2024,Yogur natural,2282.0,652,Texas
11/01/2024,Crema agria,420.0,168,California
22/11/2024,Helado,1113.0,742,Nueva York
11/11/2024,Leche descremada,213.85,329,Massachusetts
06/05/2024,Yogur natural,1004.5,287,Nueva York
17/09/2024,Cuajada,2125.2,966,California
14/11/2024,Yogur griego,1273.5,849,Florida
23/12/2024,Dulce de leche,993.0,331,Florida
11/07/2024,Queso crema,64.4,23,Nueva York
22/10/2024,Queso azul roquefort,531.25,85,California
27/05/2024,Crema batida,1537.5,410,California
14/11/2024,Queso mozzarella,798.75,213,Nueva York
22/04/2024,Yogur natural,336.0,336,Texas
01/06/2024,Leche en polvo,312.0,104,California
04/05/2024,Suero de leche,114.0,57,California
02/11/2024,Queso en lonchas,1611.2,424,Florida
19/09/2024,Queso cheddar añejo,1820.0,364,Texas
01/08/2024,Leche evaporada,2024.0,880,California
30/05/2024,Queso blanco,4005.0,801,Massachusetts
28/02/2024,Bebidas lácteas,861.6,718,Nueva York
24/06/2024,Leche deslactosada,705.9,543,Florida
08/01/2024,Yogur con frutas,667.2,556,Texas
12/04/2024,Dulce de leche,498.0,166,Florida
20/11/2024,Dulce de leche,747.0,249,Massachusetts
19/01/2024,Leche saborizada,168.0,112,Florida
03/01/2024,Queso crema,2144.8,766,Massachusetts
02/04/2024,Yogur griego,640.5,427,Florida
03/06/2024,Yogur griego,661.5,441,Texas
09/07/2024,Mantequilla clarificada (ghee),4916.25,855,Florida
21/08/2024,Queso azul roquefort,4462.5,714,California
09/11/2024,Queso parmesano,2020.8,421,Florida
27/12/2024,Mantequilla sin sal,2709.0,645,Massachusetts
17/11/2024,Suero de leche,1496.0,748,Texas
27/04/2024,Dulce de leche,1026.0,342,Nueva York
20/04/2024,Queso crema,1694.0,605,Texas
29/12/2024,Helado,2643.5,622,Florida
24/10/2024,Leche evaporada,379.5,165,Massachusetts
05/11/2024,Kumis,1910.0,764,Texas
15/01/2024,Mantequilla clarificada (ghee),195.5,34,Massachusetts
04/10/2024,Dulce de leche,1443.0,481,Texas
10/05/2024,Yogur griego,1318.5,879,Massachusetts
07/07/2024,Dulce de leche,2574.0,858,Texas
28/06/2024,Mantequilla sin sal,550.2,131,Nueva York
06/11/2024,Queso camembert,4266.0,711,Florida
02/06/2024,Queso blanco,835.0,167,Texas
24/07/2024,Leche semidescremada,414.0,345,Massachusetts
15/04/2024,Leche descremada,1121.25,975,Texas
29/12/2024,Cuajada,972.4,442,Florida
27/02/2024,Dulce de leche,1086.0,362,Texas
25/05/2024,Yogur con frutas,584.4,487,Nueva York
06/10/2024,Mantequilla clarificada (ghee),4755.25,827,Florida
07/09/2024,Dulce de leche,396.0,132,Florida
16/12/2024,Crema de leche,5558.72,928,California
22/03/2024,Yogur con frutas,1022.4,852,Nueva York
21/03/2024,Helado,648.0,432,Nueva York
03/06/2024,Mantequilla con sal,3780.0,945,Texas
03/03/2024,Queso crema,442.4,158,California
04/12/2024,Mantequilla con sal,3108.0,777,Florida
17/10/2024,Suero de leche,1530.0,765,Massachusetts
24/05/2024,Helado,589.5,393,Texas
04/01/2024,Queso camembert,1938.0,323,Florida
16/08/2024,Helado,140.25,33,Nueva York
31/05/2024,Yogur con frutas,554.4,462,Nueva York
12/03/2024,Queso mozzarella,2628.75,701,California
01/02/2024,Queso crema,1523.2,544,Florida
12/02/2024,Yogur natural,34.0,34,Massachusetts
23/06/2024,Suero de leche,444.0,222,Massachusetts
19/08/2024,Mantequilla con sal,904.0,226,Texas
28/02/2024,Mantequilla clarificada (ghee),5560.25,967,Massachusetts
26/03/2024,Yogur natural,97.0,97,Florida
11/11/2024,Cuajada,928.4,422,Nueva York
22/02/2024,Kumis,547.5,219,California
18/05/2024,Suero de leche,1502.0,751,Texas
16/04/2024,Helado,1305.0,870,California
14/09/2024,Queso crema,260.4,93,Florida
28/07/2024,Helado,1401.0,934,Texas
10/07/2024,Dulce de leche,2607.0,869,Texas
29/12/2024,Leche saborizada,1315.5,877,Texas
21/12/2024,Yogur griego,579.0,386,Nueva York
07/02/2024,Mantequilla sin sal,1449.0,345,Texas
09/01/2024,Mantequilla sin sal,1982.4,472,Texas
12/11/2024,Crema batida,2212.5,590,Texas
16/04/2024,Suero de leche,558.0,279,Florida
04/04/2024,Yogur natural,229.0,229,Massachusetts
05/04/2024,Yogur natural,456.0,456,Massachusetts
09/02/2024,Crema batida,378.75,101,Texas
15/09/2024,Queso mozzarella,798.75,213,Nueva York
19/03/2024,Queso crema,1268.4,453,Texas
01/12/2024,Yogur griego,1492.5,995,Nueva York
09/02/2024,Cuajada,1049.4,477,California
04/10/2024,Mantequilla sin sal,1730.4,412,Florida
12/05/2024,Queso crema,1582.0,565,Texas
31/03/2024,Leche saborizada,924.0,616,Texas
10/10/2024,Crema agria,647.5,259,Massachusetts
15/05/2024,Queso azul roquefort,93.75,15,Nueva York
30/04/2024,Leche condensada,2377.5,951,California
18/02/2024,Suero de leche,690.0,345,Texas
06/06/2024,Crema batida,243.75,65,Florida
21/09/2024,Yogur griego,603.0,402,Florida
08/08/2024,Queso crema,2800.0,1000,California
13/03/2024,Queso crema,2657.2,949,California
08/11/2024,Queso para untar,208.0,65,Nueva York
01/08/2024,Queso crema,305.2,109,Texas
27/06/2024,Suero de leche,886.0,443,California
03/08/2024,Leche deslactosada,283.4,218,Texas
12/03/2024,Mantequilla sin sal,3103.8,739,California
27/11/2024,Kumis,105.0,42,Florida
25/09/2024,Dulce de leche,450.0,150,Massachusetts
01/04/2024,Crema de leche,5253.23,877,California
03/10/2024,Dulce de leche,2094.0,698,California
16/12/2024,Mantequilla con sal,808.0,202,Massachusetts
21/02/2024,Leche entera,2691.5,769,Massachusetts
25/11/2024,Dulce de leche,819.0,273,Florida
21/04/2024,Crema de leche,4474.53,747,Texas
01/08/2024,Crema agria,757.5,303,California
10/04/2024,Queso ricota,2676.0,669,Texas
22/10/2024,Yogur griego,423.0,282,California
26/04/2024,Queso azul gorgonzola,4488.0,748,Massachusetts
08/04/2024,Yogur con frutas,632.4,527,Florida
12/12/2024,Queso cheddar añejo,2565.0,513,Nueva York
14/03/2024,Crema agria,1197.5,479,Massachusetts
12/01/2024,Queso cheddar añejo,2510.0,502,California
27/03/2024,Leche saborizada,1471.5,981,Florida
10/04/2024,Queso ricota,440.0,110,Texas
07/06/2024,Mantequilla con sal,1972.0,493,Massachusetts
01/09/2024,Yogur con frutas,655.2,546,California
17/08/2024,Queso gruyere,4790.5,871,California
25/06/2024,Crema de leche,5319.12,888,Texas
01/08/2024,Crema batida,821.25,219,Texas
28/05/2024,Yogur natural,1025.5,293,California
11/12/2024,Queso mozzarella,1166.25,311,Florida
14/11/2024,Queso blanco,2440.0,488,Nueva York
27/09/2024,Leche condensada,1682.5,673,California
12/05/2024,Crema agria,945.0,378,Florida
23/07/2024,Mantequilla sin sal,2511.6,598,Florida
16/08/2024,Cuajada,242.0,110,California
03/04/2024,Cuajada,1460.8,664,Texas
11/10/2024,Cuajada,314.6,143,Texas
12/08/2024,Queso brie,3414.0,569,Massachusetts
25/11/2024,Queso para untar,1523.2,476,Texas
12/06/2024,Queso parmesano,81.6,17,Texas
13/03/2024,Leche en polvo,132.0,44,Texas
01/06/2024,Mantequilla clarificada (ghee),4761.0,828,Nueva York
29/01/2024,Leche entera,612.75,817,Texas
25/03/2024,Mantequilla clarificada (ghee),1029.25,179,Texas
28/04/2024,Mantequilla clarificada (ghee),195.5,34,Nueva York
03/04/2024,Bebidas lácteas,1626.0,813,Massachusetts
19/08/2024,Leche semidescremada,426.3,609,California
30/08/2024,Yogur natural,798.0,798,Massachusetts
09/09/2024,Bebidas lácteas,1052.0,526,Nueva York
07/10/2024,Mantequilla clarificada (ghee),3110.75,541,Nueva York
05/03/2024,Queso ricota,652.0,163,Massachusetts
13/09/2024,Leche entera,532.0,152,California
03/12/2024,Dulce de leche,303.0,101,Nueva York
27/11/2024,Leche en polvo,4301.0,782,California
11/11/2024,Leche entera,61.25,49,Massachusetts
12/05/2024,Dulce de leche,324.0,108,Texas
18/08/2024,Leche entera,2933.0,838,Florida
02/10/2024,Helado,561.0,374,California
09/05/2024,Suero de leche,1362.0,681,Massachusetts
30/12/2024,Queso gouda,3861.0,858,Nueva York
18/06/2024,Mantequilla sin sal,2788.8,664,Massachusetts
08/09/2024,Mantequilla clarificada (ghee),3220.0,560,California
25/04/2024,Crema de leche,107.82,18,Massachusetts
03/02/2024,Cuajada,1236.4,562,Nueva York
13/02/2024,Queso edam,3087.5,650,Florida
08/12/2024,Yogur natural,109.0,109,California
15/11/2024,Queso crema,1094.8,391,Texas
17/08/2024,Yogur natural,2926.0,836,Massachusetts
20/07/2024,Crema agria,1055.0,422,Florida
09/06/2024,Kumis,1892.5,757,Massachusetts
04/06/2024,Helado,170.0,40,Massachusetts
28/09/2024,Leche descremada,226.85,349,Florida
12/09/2024,Yogur natural,2159.5,617,Massachusetts
13/08/2024,Suero de leche,674.0,337,Massachusetts
17/10/2024,Queso mozzarella,1927.5,514,Texas
15/04/2024,Yogur con frutas,612.0,510,Texas
22/05/2024,Suero de leche,1786.0,893,Nueva York
24/04/2024,Yogur natural,740.0,740,Massachusetts
21/01/2024,Queso mozzarella,776.25,207,Texas
17/09/2024,Leche condensada,1122.5,449,Texas
06/01/2024,Mantequilla con sal,2652.0,663,Massachusetts
19/05/2024,Crema de leche,652.91,109,California
06/03/2024,Leche semidescremada,91.0,130,Texas
20/12/2024,Leche saborizada,79.5,53,Texas
04/10/2024,Crema agria,1955.0,782,Massachusetts
19/11/2024,Suero de leche,1898.0,949,Texas
06/09/2024,Queso crema,1901.2,679,Texas
19/10/2024,Crema de leche,3516.13,587,Massachusetts
05/10/2024,Leche condensada,2327.5,931,Massachusetts
28/02/2024,Crema batida,967.5,258,Florida
08/11/2024,Cuajada,457.6,208,Florida
30/01/2024,Queso mozzarella,285.0,76,Florida
27/10/2024,Queso blanco,2100.0,420,Massachusetts
26/10/2024,Suero de leche,1852.0,926,Texas
25/05/2024,Crema de leche,5552.73,927,Florida
02/06/2024,Crema agria,75.0,30,Massachusetts
02/03/2024,Queso azul gorgonzola,3348.0,558,Nueva York
16/10/2024,Queso camembert,5526.0,921,Nueva York
26/12/2024,Mantequilla clarificada (ghee),2340.25,407,Florida
16/01/2024,Crema agria,185.0,74,Florida
29/10/2024,Yogur con frutas,321.6,268,Nueva York
16/04/2024,Cuajada,1775.4,807,California
19/05/2024,Leche entera,326.25,261,Florida
24/02/2024,Queso edam,4284.5,902,California
07/02/2024,Mantequilla con sal,2148.0,537,Florida
10/07/2024,Leche en polvo,2373.0,791,Nueva York
19/06/2024,Yogur griego,382.5,255,Nueva York
13/05/2024,Queso azul roquefort,3106.25,497,Texas
26/06/2024,Crema de leche,1138.1,190,Florida
22/11/2024,Mantequilla con sal,2148.0,537,California
16/03/2024,Leche evaporada,179.4,78,Nueva York
03/10/2024,Suero de leche,554.0,277,Florida
10/06/2024,Leche saborizada,25.0,25,California
19/01/2024,Queso crema,2732.8,976,California
12/09/2024,Queso azul roquefort,4075.0,652,Massachusetts
29/06/2024,Mantequilla con sal,2924.0,731,Massachusetts
05/02/2024,Yogur con frutas,138.0,115,Nueva York
31/01/2024,Queso gruyere,203.5,37,Texas
20/03/2024,Leche saborizada,410.0,410,Nueva York
02/10/2024,Bebidas lácteas,406.0,203,Nueva York
11/11/2024,Yogur natural,451.5,129,Massachusetts
24/07/2024,Yogur griego,114.0,76,Nueva York
22/10/2024,Crema de leche,2593.67,433,Massachusetts
19/07/2024,Queso gruyere,4559.5,829,Florida
02/09/2024,Suero de leche,504.0,252,Nueva York
03/01/2024,Mantequilla con sal,3264.0,816,Massachusetts
13/11/2024,Leche saborizada,1221.0,814,Nueva York
03/03/2024,Crema agria,2300.0,920,California
05/02/2024,Cuajada,825.0,375,Massachusetts
15/05/2024,Mantequilla sin sal,1797.6,428,Nueva York
03/11/2024,Mantequilla sin sal,3880.8,924,Texas
03/08/2024,Helado,2647.75,623,Nueva York
14/05/2024,Mantequilla clarificada (ghee),1098.25,191,Nueva York
16/07/2024,Queso ricota,1824.0,456,Texas
09/10/2024,Leche deslactosada,119.6,92,Nueva York
03/07/2024,Crema agria,2280.0,912,California
18/04/2024,Leche en polvo,1734.0,578,Florida
16/10/2024,Mantequilla con sal,1756.0,439,Nueva York
07/03/2024,Leche semidescremada,812.4,677,Texas
23/05/2024,Queso parmesano,345.6,72,Massachusetts
14/03/2024,Crema batida,3352.5,894,Texas
27/02/2024,Cuajada,1504.8,684,Nueva York
25/10/2024,Yogur natural,279.0,279,Texas
24/04/2024,Queso crema,422.8,151,Florida
09/12/2024,Suero de leche,1482.0,741,Florida
13/10/2024,Leche en polvo,2128.5,387,California
15/07/2024,Crema de leche,4929.77,823,California
15/12/2024,Mantequilla sin sal,474.6,113,Texas
30/06/2024,Crema de leche,5624.61,939,Nueva York
24/04/2024,Yogur con frutas,428.4,357,Florida
04/04/2024,Queso crema,2660.0,950,California
28/05/2024,Queso parmesano,1785.6,372,Nueva York
03/07/2024,Crema agria,2397.5,959,Nueva York
25/10/2024,Crema agria,2177.5,871,Nueva York
13/06/2024,Helado,2707.25,637,Texas
20/11/2024,Leche saborizada,927.0,618,Florida
04/02/2024,Mantequilla sin sal,2608.2,621,Florida
28/06/2024,Queso ricota,3060.0,765,Nueva York
22/09/2024,Dulce de leche,321.0,107,Massachusetts
06/10/2024,Cuajada,189.2,86,Nueva York
24/06/2024,Queso parmesano,1800.0,375,Massachusetts
27/01/2024,Queso ricota,320.0,80,Florida
30/08/2024,Leche en polvo,1971.0,657,California
12/12/2024,Suero de leche,834.0,417,Texas
27/06/2024,Yogur natural,1659.0,474,Texas
06/03/2024,Queso para untar,2134.4,667,Massachusetts
07/04/2024,Queso azul gorgonzola,2988.0,498,Florida
03/06/2024,Mantequilla sin sal,2314.2,551,Massachusetts
28/03/2024,Queso crema,1072.4,383,Nueva York
26/09/2024,Leche en polvo,540.0,180,California
26/04/2024,Queso crema,64.4,23,Texas
10/05/2024,Yogur con frutas,127.2,106,Texas
06/09/2024,Crema agria,2455.0,982,Nueva York
25/04/2024,Mantequilla sin sal,2238.6,533,Massachusetts
06/06/2024,Queso mozzarella,2160.0,576,Florida
21/11/2024,Helado,1950.75,459,Texas
28/12/2024,Mantequilla con sal,3848.0,962,Texas
16/06/2024,Queso havarti,1963.5,374,Nueva York
19/03/2024,Suero de leche,1802.0,901,California
16/02/2024,Cuajada,591.8,269,Nueva York
30/04/2024,Mantequilla clarificada (ghee),4847.25,843,Florida
07/01/2024,Dulce de leche,1776.0,592,Texas
21/01/2024,Yogur natural,671.0,671,Florida
27/01/2024,Leche semidescremada,1016.4,847,Texas
24/12/2024,Cuajada,1854.6,843,Nueva York
27/05/2024,Queso gouda,1444.5,321,Texas
20/11/2024,Mantequilla sin sal,982.8,234,Texas
05/10/2024,Leche en polvo,603.0,201,Massachusetts
02/12/2024,Queso crema,994.0,355,California
03/04/2024,Queso crema,1083.6,387,Nueva York
20/02/2024,Leche deslactosada,70.2,54,Florida
03/06/2024,Dulce de leche,1485.0,495,Texas
23/04/2024,Helado,897.0,598,California
16/02/2024,Mantequilla con sal,3156.0,789,Nueva York
13/05/2024,Cuajada,853.6,388,Massachusetts
19/09/2024,Queso crema,758.8,271,Massachusetts
02/05/2024,Mantequilla con sal,2384.0,596,Massachusetts
28/12/2024,Cuajada,1885.4,857,Massachusetts
31/03/2024,Mantequilla clarificada (ghee),4232.0,736,Florida
10/03/2024,Crema de leche,2240.26,374,Texas
23/01/2024,Dulce de leche,1095.0,365,California
02/07/2024,Queso ricota,3268.0,817,Massachusetts
09/12/2024,Queso crema,1338.4,478,California
19/08/2024,Kumis,232.5,93,Texas
26/12/2024,Leche condensada,1725.0,690,Texas
21/09/2024,Kumis,2102.5,841,California
20/03/2024,Leche evaporada,1959.6,852,Texas
07/10/2024,Queso crema,1428.0,510,Nueva York
06/01/2024,Queso mozzarella,3090.0,824,Nueva York
28/08/2024,Mantequilla sin sal,3087.0,735,Florida
03/08/2024,Leche entera,1100.0,880,Nueva York
23/09/2024,Leche en polvo,1125.0,375,Florida
10/07/2024,Mantequilla clarificada (ghee),1213.25,211,Nueva York
24/03/2024,Crema batida,2430.0,648,Massachusetts
29/03/2024,Leche semidescremada,792.0,660,Texas
02/12/2024,Mantequilla con sal,3520.0,880,California
31/08/2024,Mantequilla clarificada (ghee),1150.0,200,Texas
30/05/2024,Queso para untar,1785.6,558,California
30/03/2024,Leche saborizada,337.0,337,Nueva York
18/07/2024,Leche en polvo,3069.0,558,Massachusetts
22/02/2024,Suero de leche,500.0,250,Texas
16/06/2024,Yogur griego,1164.0,776,Florida
15/09/2024,Dulce de leche,351.0,117,Nueva York
11/12/2024,Queso edam,484.5,102,Massachusetts
18/07/2024,Leche descremada,102.7,158,Texas
14/07/2024,Kumis,557.5,223,California
27/06/2024,Leche saborizada,784.5,523,Nueva York
25/03/2024,Mantequilla sin sal,2431.8,579,Texas
03/07/2024,Yogur griego,1032.0,688,Texas
13/04/2024,Kumis,902.5,361,Massachusetts
16/11/2024,Mantequilla clarificada (ghee),1477.75,257,Nueva York
22/06/2024,Helado,981.0,654,Massachusetts
22/01/2024,Queso camembert,660.0,110,California
17/06/2024,Leche semidescremada,380.8,544,Texas
03/01/2024,Suero de leche,614.0,307,Massachusetts
15/05/2024,Leche en polvo,2259.0,753,Texas
18/01/2024,Queso crema,515.2,184,Nueva York
02/05/2024,Yogur con frutas,339.6,283,Massachusetts
12/09/2024,Leche descremada,572.65,881,Nueva York
19/03/2024,Yogur con frutas,558.0,465,California
02/04/2024,Queso cheddar añejo,2195.0,439,Florida
28/05/2024,Yogur con frutas,651.6,543,Texas
31/10/2024,Crema batida,2715.0,724,Nueva York
27/07/2024,Leche condensada,55.0,22,California
19/02/2024,Mantequilla clarificada (ghee),782.0,136,Texas
13/03/2024,Leche en polvo,2282.5,415,Nueva York
30/12/2024,Leche semidescremada,588.7,841,California
18/05/2024,Kumis,1062.5,425,Florida
21/01/2024,Helado,348.0,232,Florida
22/08/2024,Yogur griego,18.0,12,Texas
22/05/2024,Queso ricota,2756.0,689,California
10/02/2024,Crema de leche,2078.53,347,Florida
08/10/2024,Mantequilla clarificada (ghee),1569.75,273,Florida
18/11/2024,Queso camembert,594.0,99,Nueva York
26/02/2024,Queso crema,1607.2,574,California
17/01/2024,Leche deslactosada,397.8,306,Massachusetts
19/08/2024,Dulce de leche,1908.0,636,Texas
15/04/2024,Queso crema,1372.0,490,Massachusetts
20/02/2024,Bebidas lácteas,264.0,220,Massachusetts
08/12/2024,Leche saborizada,1251.0,834,Florida
27/04/2024,Mantequilla con sal,3056.0,764,California
05/02/2024,Crema de leche,3114.8,520,California
13/05/2024,Dulce de leche,1380.0,460,Florida
04/08/2024,Queso en lonchas,2344.6,617,Massachusetts
23/05/2024,Cuajada,310.2,141,California
29/02/2024,Leche semidescremada,16.8,24,Nueva York
03/10/2024,Leche semidescremada,212.4,177,Texas
08/05/2024,Yogur natural,567.0,567,California
20/02/2024,Crema batida,1545.0,412,Nueva York
14/03/2024,Yogur natural,400.0,400,California
05/12/2024,Leche saborizada,744.0,744,Massachusetts
26/07/2024,Queso crema,1554.0,555,California
09/07/2024,Crema batida,622.5,166,Texas
15/08/2024,Helado,2307.75,543,Nueva York
17/12/2024,Mantequilla con sal,376.0,94,Florida
23/04/2024,Crema de leche,1970.71,329,Massachusetts
09/11/2024,Cuajada,1793.0,815,Florida
28/04/2024,Yogur natural,1862.0,532,Nueva York
13/02/2024,Leche semidescremada,988.8,824,Florida
25/02/2024,Bebidas lácteas,1710.0,855,Florida
01/07/2024,Crema agria,2432.5,973,Nueva York
12/06/2024,Leche descremada,916.55,797,Nueva York
10/03/2024,Suero de leche,400.0,200,Florida
22/09/2024,Cuajada,1414.6,643,California
16/05/2024,Mantequilla con sal,1040.0,260,Massachusetts
24/04/2024,Crema batida,1263.75,337,Nueva York
12/08/2024,Crema de leche,3192.67,533,California
30/10/2024,Mantequilla sin sal,151.2,36,California
07/12/2024,Leche deslactosada,729.3,561,Texas
30/05/2024,Mantequilla clarificada (ghee),1127.0,196,Texas
07/03/2024,Suero de leche,1270.0,635,Florida
04/12/2024,Mantequilla con sal,1812.0,453,Nueva York
06/12/2024,Leche deslactosada,456.3,351,Texas
23/01/2024,Leche entera,882.0,252,Nueva York
05/01/2024,Dulce de leche,831.0,277,Florida
19/01/2024,Leche condensada,1772.5,709,Texas
25/09/2024,Crema de leche,3342.42,558,California
30/09/2024,Mantequilla sin sal,2461.2,586,Nueva York
16/04/2024,Mantequilla sin sal,789.6,188,Massachusetts
22/12/2024,Queso gruyere,1474.0,268,Florida
23/09/2024,Dulce de leche,93.0,31,Texas
21/07/2024,Queso crema,414.4,148,Massachusetts
29/07/2024,Leche evaporada,510.6,222,California
05/08/2024,Cuajada,22.0,10,Nueva York
05/12/2024,Crema agria,547.5,219,Nueva York
23/03/2024,Queso ricota,1004.0,251,California
06/10/2024,Crema de leche,4738.09,791,Massachusetts
05/01/2024,Cuajada,103.4,47,Nueva York
06/10/2024,Yogur natural,290.0,290,Massachusetts
03/10/2024,Leche entera,2898.0,828,Texas
19/07/2024,Crema agria,2280.0,912,Florida
26/05/2024,Yogur griego,1024.5,683,Nueva York
01/01/2024,Leche deslactosada,445.9,343,Nueva York
18/09/2024,Yogur con frutas,412.8,344,Florida
22/04/2024,Dulce de leche,912.0,304,Nueva York
15/06/2024,Cuajada,332.2,151,Florida
07/09/2024,Mantequilla sin sal,3628.8,864,Massachusetts
08/05/2024,Queso edam,4360.5,918,Florida
21/09/2024,Mantequilla sin sal,3284.4,782,Texas
03/02/2024,Cuajada,1298.0,590,Massachusetts
01/11/2024,Leche semidescremada,153.6,128,Florida
02/01/2024,Queso crema,442.4,158,Massachusetts
10/03/2024,Yogur natural,128.0,128,California
04/06/2024,Dulce de leche,1362.0,454,Texas
02/03/2024,Leche entera,846.25,677,Florida
17/10/2024,Mantequilla sin sal,2133.6,508,California
06/12/2024,Helado,1438.5,959,Florida
02/06/2024,Mantequilla clarificada (ghee),2208.0,384,California
27/06/2024,Cuajada,1023.0,465,Florida
13/12/2024,Suero de leche,472.0,236,Texas
15/08/2024,Yogur natural,325.5,93,Florida
25/05/2024,Leche en polvo,2118.0,706,Texas
04/09/2024,Yogur con frutas,654.0,545,California
06/02/2024,Mantequilla con sal,1736.0,434,Florida
11/01/2024,Leche semidescremada,426.3,609,California
27/02/2024,Yogur griego,1078.5,719,Nueva York
29/12/2024,Yogur griego,426.0,284,Massachusetts
15/04/2024,Leche en polvo,4466.0,812,Texas
09/03/2024,Queso blanco,3205.0,641,Texas
26/10/2024,Dulce de leche,2793.0,931,California
18/05/2024,Queso gruyere,247.5,45,Massachusetts
21/01/2024,Queso crema,1769.6,632,Nueva York
31/01/2024,Crema de leche,3629.94,606,Florida
02/10/2024,Leche condensada,2085.0,834,Florida
15/02/2024,Leche en polvo,1758.0,586,Nueva York
08/10/2024,Mantequilla clarificada (ghee),5589.0,972,Nueva York
12/05/2024,Queso para untar,1878.4,587,Nueva York
07/03/2024,Crema de leche,760.73,127,California
13/10/2024,Leche en polvo,2088.0,696,Texas
04/11/2024,Cuajada,578.6,263,Texas
20/04/2024,Crema de leche,4264.88,712,Massachusetts
01/05/2024,Kumis,760.0,304,Florida
30/08/2024,Queso crema,1444.8,516,Nueva York
25/12/2024,Crema de leche,4450.57,743,Massachusetts
17/10/2024,Mantequilla clarificada (ghee),603.75,105,Florida
19/04/2024,Dulce de leche,1143.0,381,Texas
02/11/2024,Crema de leche,209.65,35,California
30/09/2024,Queso mozzarella,191.25,51,Nueva York
02/12/2024,Cuajada,1045.0,475,Texas
28/07/2024,Leche deslactosada,946.4,728,California
25/04/2024,Queso gruyere,4944.5,899,Texas
24/04/2024,Yogur con frutas,836.4,697,Texas
25/04/2024,Leche descremada,497.95,433,Texas
23/03/2024,Mantequilla sin sal,1940.4,462,Texas
17/03/2024,Mantequilla con sal,3404.0,851,Texas
03/02/2024,Queso ricota,1052.0,263,Nueva York
14/11/2024,Crema de leche,3030.94,506,Nueva York
12/12/2024,Crema batida,465.0,124,Florida
11/12/2024,Dulce de leche,1164.0,388,California
07/08/2024,Crema agria,557.5,223,Massachusetts
21/05/2024,Dulce de leche,495.0,165,Florida
27/02/2024,Queso blanco,1435.0,287,Texas
18/04/2024,Suero de leche,1258.0,629,Nueva York
02/11/2024,Crema de leche,3120.79,521,Texas
05/06/2024,Leche evaporada,1311.0,570,Florida
26/09/2024,Mantequilla sin sal,3070.2,731,Florida
18/01/2024,Mantequilla con sal,3372.0,843,Massachusetts
17/09/2024,Mantequilla sin sal,2864.4,682,Nueva York
27/10/2024,Helado,957.0,638,Nueva York
05/07/2024,Leche entera,208.5,278,Massachusetts
16/11/2024,Queso gouda,3303.0,734,Texas
10/06/2024,Kumis,1080.0,432,Massachusetts
11/09/2024,Mantequilla clarificada (ghee),4329.75,753,Massachusetts
12/02/2024,Queso crema,2318.4,828,California
11/06/2024,Crema de leche,3845.58,642,Nueva York
29/11/2024,Mantequilla con sal,724.0,181,California
01/03/2024,Crema de leche,2683.52,448,Texas
29/03/2024,Queso ricota,3736.0,934,Texas
16/06/2024,Helado,2813.5,662,Massachusetts
13/09/2024,Suero de leche,526.0,263,California
19/11/2024,Suero de leche,86.0,43,Nueva York
23/12/2024,Kumis,647.5,259,Texas
25/06/2024,Queso crema,518.0,185,Massachusetts
12/02/2024,Crema batida,900.0,240,Massachusetts
06/05/2024,Queso parmesano,153.6,32,Florida
04/09/2024,Leche saborizada,900.0,600,Texas
17/01/2024,Crema batida,3221.25,859,Nueva York
05/06/2024,Queso azul gorgonzola,2190.0,365,California
13/01/2024,Yogur griego,937.5,625,Nueva York
25/05/2024,Mantequilla clarificada (ghee),3283.25,571,Florida
27/01/2024,Suero de leche,1260.0,630,Texas
11/11/2024,Yogur con frutas,595.2,496,Texas
11/05/2024,Mantequilla con sal,244.0,61,Nueva York
08/01/2024,Queso gouda,841.5,187,Florida
04/10/2024,Dulce de leche,681.0,227,Texas
24/05/2024,Queso gouda,702.0,156,Texas
04/08/2024,Mantequilla sin sal,3137.4,747,Massachusetts
07/09/2024,Queso camembert,2760.0,460,Massachusetts
23/05/2024,Yogur natural,46.0,46,California
09/10/2024,Dulce de leche,699.0,233,Florida
21/05/2024,Cuajada,794.2,361,Nueva York
20/03/2024,Queso cheddar añejo,3250.0,650,Massachusetts
14/08/2024,Queso crema,1111.6,397,Nueva York
01/05/2024,Queso ricota,208.0,52,Massachusetts
18/09/2024,Leche semidescremada,266.7,381,Massachusetts
19/07/2024,Dulce de leche,2724.0,908,Massachusetts
17/04/2024,Yogur natural,374.5,107,Massachusetts
17/04/2024,Bebidas lácteas,1564.0,782,Massachusetts
11/09/2024,Cuajada,627.0,285,Florida
17/10/2024,Leche saborizada,991.0,991,Massachusetts
04/05/2024,Mantequilla sin sal,953.4,227,Texas
07/05/2024,Crema agria,1575.0,630,Texas
31/03/2024,Leche semidescremada,1197.6,998,Florida
17/09/2024,Kumis,682.5,273,Massachusetts
24/04/2024,Cuajada,750.2,341,Texas
12/09/2024,Mantequilla con sal,144.0,36,Massachusetts
22/08/2024,Kumis,1767.5,707,California
24/06/2024,Crema agria,2187.5,875,Florida
07/02/2024,Leche descremada,333.5,290,Texas
27/10/2024,Crema de leche,2593.67,433,Florida
17/09/2024,Helado,1032.0,688,Texas
05/11/2024,Suero de leche,888.0,444,Nueva York
20/11/2024,Yogur griego,1458.0,972,Nueva York
13/05/2024,Crema de leche,5840.25,975,Florida
23/06/2024,Mantequilla sin sal,1066.8,254,Nueva York
22/10/2024,Leche descremada,445.9,686,Texas
24/07/2024,Leche evaporada,991.3,431,Nueva York
22/11/2024,Kumis,1465.0,586,Florida
03/08/2024,Crema de leche,1677.2,280,Massachusetts
04/05/2024,Yogur natural,2208.5,631,Massachusetts
14/08/2024,Bebidas lácteas,1606.0,803,Massachusetts
05/10/2024,Suero de leche,1000.0,500,Florida
24/04/2024,Leche descremada,189.15,291,California
10/02/2024,Yogur griego,358.5,239,Florida
22/06/2024,Leche deslactosada,864.5,665,Texas
01/03/2024,Yogur natural,2282.0,652,Massachusetts
21/03/2024,Helado,3897.25,917,Texas
23/06/2024,Cuajada,781.0,355,Florida
12/08/2024,Dulce de leche,2457.0,819,California
27/08/2024,Queso crema,1674.4,598,California
17/10/2024,Queso cheddar añejo,3280.0,656,Texas
24/07/2024,Mantequilla con sal,2816.0,704,California
19/02/2024,Crema agria,462.5,185,California
14/01/2024,Mantequilla sin sal,4023.6,958,Massachusetts
02/02/2024,Dulce de leche,597.0,199,Nueva York
01/04/2024,Dulce de leche,87.0,29,Nueva York
04/05/2024,Suero de leche,1144.0,572,California
31/08/2024,Mantequilla con sal,1116.0,279,Nueva York
30/01/2024,Queso crema,1951.6,697,Massachusetts
14/01/2024,Kumis,1267.5,507,Texas
19/12/2024,Leche entera,532.5,710,Massachusetts
18/02/2024,Leche deslactosada,396.95,467,California
31/03/2024,Queso para untar,1513.6,473,Florida
01/03/2024,Mantequilla sin sal,3179.4,757,California
29/04/2024,Queso brie,3186.0,531,California
25/01/2024,Leche condensada,1430.0,572,Florida
04/08/2024,Cuajada,1570.8,714,Texas
12/04/2024,Queso crema,2503.2,894,Florida
29/03/2024,Crema agria,990.0,396,California
20/03/2024,Leche semidescremada,358.8,299,Massachusetts
01/02/2024,Mantequilla clarificada (ghee),2006.75,349,California
26/07/2024,Leche evaporada,876.3,381,Massachusetts
23/06/2024,Mantequilla con sal,988.0,247,Florida
28/03/2024,Mantequilla clarificada (ghee),350.75,61,Nueva York
27/12/2024,Mantequilla sin sal,3225.6,768,Nueva York
26/09/2024,Queso parmesano,1881.6,392,Florida
17/05/2024,Queso azul roquefort,1606.25,257,Massachusetts
11/08/2024,Queso crema,1657.6,592,Florida
29/11/2024,Mantequilla sin sal,1604.4,382,Florida
08/10/2024,Queso en lonchas,1273.0,335,Massachusetts
23/03/2024,Cuajada,1698.4,772,Massachusetts
05/09/2024,Leche entera,495.0,396,California
06/08/2024,Suero de leche,1426.0,713,Nueva York
25/04/2024,Leche deslactosada,336.6,396,California
27/09/2024,Helado,178.5,42,California
06/12/2024,Queso ricota,2908.0,727,California
21/03/2024,Mantequilla sin sal,739.2,176,Florida
06/10/2024,Queso crema,1288.0,460,Nueva York
18/03/2024,Mantequilla clarificada (ghee),5370.5,934,Massachusetts
19/03/2024,Mantequilla con sal,1252.0,313,Massachusetts
08/10/2024,Leche en polvo,5170.0,940,California
11/10/2024,Crema batida,877.5,234,Texas
12/01/2024,Mantequilla sin sal,1806.0,430,Florida
18/03/2024,Kumis,1752.5,701,Massachusetts
19/02/2024,Leche condensada,1870.0,748,Massachusetts
09/08/2024,Queso parmesano,1944.0,405,Florida
10/11/2024,Yogur natural,3248.0,928,Nueva York
07/08/2024,Mantequilla clarificada (ghee),5180.75,901,Nueva York
14/10/2024,Yogur griego,1225.5,817,Texas
18/06/2024,Suero de leche,360.0,180,California
22/05/2024,Dulce de leche,2604.0,868,California
06/11/2024,Queso ricota,2712.0,678,Texas
07/04/2024,Yogur griego,403.5,269,Texas
23/01/2024,Cuajada,1971.2,896,Texas
02/06/2024,Kumis,2310.0,924,California
31/07/2024,Leche entera,75.0,60,Texas
11/12/2024,Helado,3374.5,794,California
16/03/2024,Crema de leche,5684.51,949,California
23/02/2024,Crema batida,397.5,106,Massachusetts
27/09/2024,Mantequilla clarificada (ghee),563.5,98,Texas
28/12/2024,Queso edam,3648.0,768,California
08/06/2024,Helado,204.0,48,Nueva York
09/12/2024,Mantequilla sin sal,3385.2,806,Texas
07/03/2024,Cuajada,2092.2,951,Massachusetts
28/11/2024,Mantequilla clarificada (ghee),3289.0,572,Texas
01/06/2024,Yogur natural,2824.5,807,Texas
16/04/2024,Mantequilla sin sal,3746.4,892,Texas
20/06/2024,Yogur natural,3157.0,902,Florida
13/12/2024,Mantequilla clarificada (ghee),1454.75,253,Massachusetts
28/04/2024,Kumis,2240.0,896,Nueva York
02/10/2024,Mantequilla clarificada (ghee),3731.75,649,Nueva York
02/10/2024,Mantequilla con sal,1252.0,313,Nueva York
19/07/2024,Yogur natural,402.0,402,Nueva York
16/06/2024,Queso crema,1772.4,633,California
22/03/2024,Leche semidescremada,466.2,666,California
18/10/2024,Mantequilla con sal,2968.0,742,California
10/01/2024,Crema de leche,263.56,44,Florida
26/12/2024,Mantequilla clarificada (ghee),3174.0,552,Nueva York
25/06/2024,Crema agria,737.5,295,Florida
05/02/2024,Crema batida,1533.75,409,Florida
10/03/2024,Crema de leche,3689.84,616,Nueva York
07/11/2024,Yogur griego,1071.0,714,Florida
27/03/2024,Cuajada,1997.6,908,Massachusetts
26/06/2024,Bebidas lácteas,1280.0,640,Massachusetts
11/08/2024,Crema batida,1117.5,298,Florida
10/02/2024,Crema batida,1635.0,436,Massachusetts
07/11/2024,Yogur griego,430.5,287,Texas
14/12/2024,Queso brie,864.0,144,Massachusetts
15/10/2024,Kumis,1337.5,535,Massachusetts
10/04/2024,Suero de leche,688.0,344,Florida
30/05/2024,Leche deslactosada,258.7,199,Massachusetts
02/07/2024,Crema batida,90.0,24,Massachusetts
11/03/2024,Helado,131.75,31,Nueva York
26/08/2024,Leche saborizada,1263.0,842,Nueva York
18/12/2024,Crema de leche,3797.66,634,Nueva York
07/03/2024,Dulce de leche,1491.0,497,Florida
06/10/2024,Crema de leche,1491.51,249,California
11/01/2024,Dulce de leche,129.0,43,Florida
14/03/2024,Helado,1916.75,451,Massachusetts
14/04/2024,Crema batida,2145.0,572,Texas
23/11/2024,Queso para untar,2268.8,709,Nueva York
07/07/2024,Crema batida,975.0,260,Texas
14/10/2024,Leche condensada,1542.5,617,California
23/11/2024,Mantequilla clarificada (ghee),1397.25,243,Florida
22/08/2024,Leche semidescremada,253.4,362,Florida
14/10/2024,Helado,2809.25,661,Florida
29/07/2024,Queso gruyere,2832.5,515,Florida
11/11/2024,Leche entera,141.75,189,Nueva York
24/02/2024,Leche saborizada,108.0,108,Texas
19/05/2024,Yogur griego,1234.5,823,Texas
10/11/2024,Bebidas lácteas,45.6,38,Texas
20/08/2024,Queso gouda,2979.0,662,Nueva York
30/01/2024,Queso parmesano,1920.0,400,Massachusetts
24/01/2024,Kumis,865.0,346,Florida
01/03/2024,Crema de leche,3456.23,577,Massachusetts
17/04/2024,Crema agria,2450.0,980,Massachusetts
06/04/2024,Kumis,417.5,167,Florida
21/10/2024,Yogur con frutas,747.6,623,Florida
29/01/2024,Crema de leche,1036.27,173,Massachusetts
11/08/2024,Queso crema,142.8,51,Texas
14/07/2024,Queso crema,2074.8,741,Nueva York
26/10/2024,Kumis,1370.0,548,Massachusetts
16/05/2024,Crema agria,1050.0,420,California
03/08/2024,Helado,666.0,444,California
02/03/2024,Cuajada,919.6,418,Massachusetts
08/08/2024,Leche condensada,1667.5,667,Texas
30/05/2024,Cuajada,2068.0,940,Florida
16/06/2024,Leche entera,438.0,584,California
06/09/2024,Mantequilla con sal,1020.0,255,California
25/06/2024,Mantequilla sin sal,1533.0,365,Texas
30/08/2024,Queso crema,644.0,230,Nueva York
11/12/2024,Suero de leche,158.0,79,Massachusetts
04/10/2024,Crema agria,295.0,118,Massachusetts
15/01/2024,Yogur griego,645.0,430,Massachusetts
14/09/2024,Queso gouda,585.0,130,California
06/01/2024,Helado,1296.25,305,Nueva York
31/03/2024,Bebidas lácteas,52.0,26,Massachusetts
03/07/2024,Mantequilla sin sal,88.2,21,Nueva York
18/09/2024,Leche deslactosada,194.65,229,Florida
06/02/2024,Mantequilla sin sal,1701.0,405,Texas
21/02/2024,Queso edam,646.0,136,Florida
05/07/2024,Helado,1912.5,450,Massachusetts
12/06/2024,Cuajada,618.2,281,Massachusetts
13/01/2024,Leche entera,2964.5,847,Nueva York
22/03/2024,Yogur con frutas,636.0,530,Florida
16/11/2024,Crema agria,187.5,75,Florida
25/08/2024,Dulce de leche,1707.0,569,California
14/02/2024,Mantequilla sin sal,2549.4,607,California
03/11/2024,Mantequilla sin sal,147.0,35,Massachusetts
18/07/2024,Queso brie,528.0,88,Florida
12/01/2024,Queso en lonchas,1056.4,278,Texas
19/11/2024,Dulce de leche,123.0,41,California
17/09/2024,Queso azul gorgonzola,258.0,43,Nueva York
01/12/2024,Yogur con frutas,898.8,749,Florida
12/09/2024,Kumis,2172.5,869,Florida
24/03/2024,Leche descremada,426.4,656,Texas
09/12/2024,Cuajada,1999.8,909,Massachusetts
09/05/2024,Leche evaporada,1156.9,503,Texas
20/03/2024,Leche deslactosada,1284.4,988,California
16/02/2024,Mantequilla con sal,3780.0,945,Nueva York
29/08/2024,Crema agria,375.0,150,Florida
20/07/2024,Mantequilla con sal,3788.0,947,Nueva York
11/08/2024,Mantequilla con sal,2780.0,695,Texas
07/04/2024,Leche condensada,592.5,237,Massachusetts
30/10/2024,Dulce de leche,2451.0,817,Florida
02/02/2024,Leche evaporada,2258.6,982,Massachusetts
21/04/2024,Dulce de leche,1110.0,370,California
27/11/2024,Yogur griego,636.0,424,Nueva York
23/12/2024,Leche saborizada,1111.5,741,Florida
06/03/2024,Suero de leche,882.0,441,Florida
01/06/2024,Mantequilla sin sal,1180.2,281,Texas
02/10/2024,Dulce de leche,666.0,222,Massachusetts
31/08/2024,Queso cheddar añejo,345.0,69,California
21/09/2024,Leche descremada,637.65,981,Massachusetts
04/11/2024,Crema agria,1100.0,440,California
15/05/2024,Queso gruyere,451.0,82,Massachusetts
22/09/2024,Leche entera,2544.5,727,Texas
19/01/2024,Dulce de leche,441.0,147,California
14/01/2024,Mantequilla clarificada (ghee),2392.0,416,Florida
08/04/2024,Crema batida,352.5,94,Florida
04/11/2024,Mantequilla clarificada (ghee),902.75,157,Florida
28/12/2024,Yogur natural,580.0,580,Florida
22/04/2024,Mantequilla sin sal,1512.0,360,Florida
16/03/2024,Mantequilla clarificada (ghee),3335.0,580,Texas
12/09/2024,Queso brie,4494.0,749,Florida
08/04/2024,Leche saborizada,693.0,693,Massachusetts
03/06/2024,Dulce de leche,2826.0,942,Massachusetts
23/08/2024,Suero de leche,1230.0,615,Texas
02/01/2024,Yogur natural,614.0,614,California
24/03/2024,Yogur natural,213.5,61,Florida
13/04/2024,Leche evaporada,230.0,100,Texas
05/09/2024,Queso gruyere,522.5,95,Florida
07/03/2024,Helado,4037.5,950,Nueva York
29/09/2024,Queso crema,767.2,274,Texas
10/11/2024,Cuajada,2173.6,988,Massachusetts
22/08/2024,Helado,1456.5,971,California
21/12/2024,Mantequilla sin sal,3578.4,852,Texas
30/11/2024,Yogur natural,695.0,695,Florida
07/05/2024,Queso azul gorgonzola,2070.0,345,Texas
29/10/2024,Dulce de leche,501.0,167,Texas
31/01/2024,Mantequilla con sal,116.0,29,Nueva York
04/08/2024,Leche semidescremada,141.6,118,Nueva York
01/07/2024,Cuajada,1837.0,835,Massachusetts
23/07/2024,Queso crema,1279.6,457,Nueva York
16/08/2024,Queso blanco,1835.0,367,Massachusetts
25/08/2024,Leche evaporada,2028.6,882,California
03/02/2024,Crema batida,3600.0,960,Texas
02/08/2024,Queso crema,2270.8,811,Nueva York
12/05/2024,Dulce de leche,807.0,269,Florida
31/08/2024,Queso cheddar añejo,2590.0,518,Texas
07/06/2024,Mantequilla clarificada (ghee),304.75,53,Texas
22/03/2024,Dulce de leche,765.0,255,Florida
09/12/2024,Helado,1398.0,932,Nueva York
30/03/2024,Queso crema,352.8,126,Texas
02/06/2024,Mantequilla sin sal,3389.4,807,Florida
21/10/2024,Mantequilla clarificada (ghee),5198.0,904,California
22/07/2024,Crema batida,3693.75,985,Florida
19/07/2024,Queso azul roquefort,2562.5,410,Nueva York
21/06/2024,Queso azul gorgonzola,2670.0,445,Texas
28/09/2024,Dulce de leche,1305.0,435,Massachusetts
28/05/2024,Leche deslactosada,430.3,331,California
20/06/2024,Queso mozzarella,3483.75,929,California
13/06/2024,Yogur griego,1300.5,867,California
29/03/2024,Crema agria,965.0,386,Massachusetts
15/05/2024,Queso en lonchas,1257.8,331,Massachusetts
22/10/2024,Mantequilla con sal,884.0,221,Florida
21/04/2024,Queso gruyere,3767.5,685,Massachusetts
15/08/2024,Kumis,515.0,206,Florida
24/02/2024,Suero de leche,1952.0,976,California
28/08/2024,Queso para untar,2976.0,930,California
14/07/2024,Queso mozzarella,558.75,149,California
12/10/2024,Queso blanco,2015.0,403,California
06/08/2024,Yogur griego,352.5,235,Texas
16/10/2024,Queso parmesano,2236.8,466,Texas
23/09/2024,Cuajada,413.6,188,Florida
01/07/2024,Leche descremada,598.65,921,California
29/12/2024,Yogur griego,951.0,634,Texas
17/01/2024,Queso camembert,5748.0,958,Nueva York
06/03/2024,Leche saborizada,735.0,735,Nueva York
21/09/2024,Cuajada,2142.8,974,Massachusetts
22/03/2024,Crema batida,1777.5,474,Nueva York
27/11/2024,Dulce de leche,345.0,115,Massachusetts
12/12/2024,Yogur natural,966.0,276,California
09/04/2024,Crema batida,2737.5,730,California
19/09/2024,Yogur natural,3087.0,882,California
31/01/2024,Queso havarti,4415.25,841,California
31/08/2024,Mantequilla con sal,2824.0,706,Massachusetts
06/06/2024,Yogur griego,1030.5,687,Nueva York
27/02/2024,Yogur natural,1001.0,286,Texas
28/02/2024,Leche condensada,1755.0,702,Massachusetts
31/03/2024,Mantequilla clarificada (ghee),3996.25,695,California
15/04/2024,Leche descremada,547.4,476,Nueva York
28/02/2024,Yogur natural,94.5,27,Nueva York
07/09/2024,Leche condensada,32.5,13,California
23/12/2024,Crema agria,280.0,112,Florida
08/12/2024,Queso ricota,1416.0,354,California
01/04/2024,Helado,3791.0,892,California
01/06/2024,Queso crema,501.2,179,Massachusetts
01/02/2024,Yogur con frutas,936.0,780,Florida
15/04/2024,Queso parmesano,3513.6,732,Florida
07/03/2024,Leche condensada,495.0,198,California
21/02/2024,Kumis,2412.5,965,Texas
28/12/2024,Mantequilla sin sal,1171.8,279,Massachusetts
28/09/2024,Queso azul gorgonzola,960.0,160,Texas
16/08/2024,Helado,1547.0,364,Florida
09/08/2024,Bebidas lácteas,916.8,764,Nueva York
29/09/2024,Queso crema,963.2,344,Texas
30/11/2024,Mantequilla clarificada (ghee),2202.25,383,Massachusetts
06/03/2024,Crema agria,432.5,173,Texas
07/05/2024,Yogur griego,1207.5,805,California
01/07/2024,Kumis,1017.5,407,Nueva York
14/09/2024,Crema agria,1830.0,732,Texas
20/05/2024,Mantequilla sin sal,2188.2,521,California
01/06/2024,Cuajada,1958.0,890,Florida
08/06/2024,Leche en polvo,4812.5,875,Florida
10/09/2024,Crema agria,1070.0,428,Massachusetts
04/08/2024,Queso crema,999.6,357,Massachusetts
06/03/2024,Crema agria,397.5,159,Texas
27/04/2024,Queso mozzarella,2141.25,571,Massachusetts
07/10/2024,Queso crema,1106.0,395,California
06/09/2024,Helado,1449.0,966,Massachusetts
01/08/2024,Leche saborizada,1255.5,837,California
29/04/2024,Yogur natural,181.0,181,Nueva York
18/10/2024,Leche entera,372.75,497,California
22/05/2024,Leche deslactosada,513.5,395,California
16/09/2024,Crema agria,440.0,176,Florida
04/04/2024,Leche evaporada,2274.7,989,California
09/04/2024,Crema de leche,449.25,75,Massachusetts
27/10/2024,Mantequilla con sal,784.0,196,Florida
23/07/2024,Dulce de leche,168.0,56,California
29/09/2024,Leche en polvo,147.0,49,Florida
03/03/2024,Leche semidescremada,659.4,942,Texas
02/05/2024,Kumis,625.0,250,Florida
31/05/2024,Helado,3281.0,772,Nueva York
10/02/2024,Dulce de leche,2415.0,805,Nueva York
03/05/2024,Leche condensada,145.0,58,Massachusetts
15/04/2024,Crema agria,1120.0,448,Massachusetts
27/06/2024,Suero de leche,1144.0,572,Nueva York
01/06/2024,Queso en lonchas,3180.6,837,Texas
29/10/2024,Bebidas lácteas,1736.0,868,California
17/04/2024,Crema agria,807.5,323,Nueva York
17/09/2024,Crema de leche,1976.7,330,Florida
30/11/2024,Queso havarti,4399.5,838,Florida
21/03/2024,Dulce de leche,1539.0,513,Florida
01/03/2024,Kumis,152.5,61,California
30/07/2024,Mantequilla sin sal,2860.2,681,Florida
10/08/2024,Suero de leche,1368.0,684,California
17/11/2024,Queso crema,1377.6,492,Texas
21/01/2024,Dulce de leche,1779.0,593,Nueva York
23/11/2024,Mantequilla sin sal,3145.8,749,Florida
14/01/2024,Kumis,1937.5,775,Massachusetts
23/07/2024,Queso azul roquefort,2018.75,323,Nueva York
19/12/2024,Dulce de leche,2493.0,831,Massachusetts
26/10/2024,Queso cheddar añejo,2265.0,453,Florida
02/10/2024,Yogur con frutas,583.2,486,Texas
08/05/2024,Queso azul gorgonzola,3600.0,600,Massachusetts
22/07/2024,Crema de leche,2473.87,413,Nueva York
30/04/2024,Mantequilla con sal,916.0,229,California
13/01/2024,Helado,1261.5,841,Florida
19/07/2024,Crema agria,2252.5,901,Texas
13/04/2024,Yogur griego,1090.5,727,California
13/07/2024,Crema de leche,3324.45,555,California
24/08/2024,Mantequilla sin sal,1957.2,466,Massachusetts
06/05/2024,Mantequilla sin sal,3452.4,822,Nueva York
08/04/2024,Yogur natural,938.0,938,Nueva York
31/07/2024,Dulce de leche,1431.0,477,California
24/02/2024,Crema batida,48.75,13,Florida
06/01/2024,Crema de leche,2342.09,391,Florida
23/07/2024,Suero de leche,728.0,364,Nueva York
14/05/2024,Yogur griego,1458.0,972,California
11/01/2024,Dulce de leche,378.0,126,Texas
14/08/2024,Yogur con frutas,930.0,775,California
19/10/2024,Cuajada,1258.4,572,Florida
12/03/2024,Leche saborizada,486.0,486,Massachusetts
15/06/2024,Queso gruyere,4444.0,808,Nueva York
17/08/2024,Mantequilla clarificada (ghee),1075.25,187,Florida
26/03/2024,Mantequilla con sal,3616.0,904,Florida
30/11/2024,Queso crema,540.4,193,Florida
06/09/2024,Yogur natural,19.0,19,Massachusetts
06/09/2024,Cuajada,611.6,278,Florida
22/01/2024,Queso en lonchas,1394.6,367,California
13/02/2024,Queso ricota,496.0,124,Florida
11/02/2024,Leche deslactosada,967.2,744,Massachusetts
03/07/2024,Crema agria,240.0,96,Nueva York
22/06/2024,Helado,396.0,264,California
12/05/2024,Bebidas lácteas,385.2,321,Florida
14/02/2024,Leche condensada,937.5,375,Florida
09/02/2024,Queso azul roquefort,1343.75,215,California
17/08/2024,Queso crema,896.0,320,Massachusetts
15/10/2024,Mantequilla sin sal,1167.6,278,California
22/05/2024,Crema agria,907.5,363,Texas
13/02/2024,Queso edam,4469.75,941,Texas
04/07/2024,Mantequilla sin sal,3276.0,780,Nueva York
04/08/2024,Mantequilla clarificada (ghee),3122.25,543,Massachusetts
07/10/2024,Leche saborizada,908.0,908,Texas
06/12/2024,Yogur natural,516.0,516,Nueva York
13/08/2024,Queso gouda,2988.0,664,Nueva York
11/03/2024,Yogur griego,1267.5,845,Florida
31/01/2024,Queso crema,966.0,345,Massachusetts
14/04/2024,Helado,616.5,411,Texas
25/07/2024,Mantequilla con sal,2712.0,678,Nueva York
13/04/2024,Queso gruyere,1666.5,303,Nueva York
16/05/2024,Yogur natural,575.0,575,Florida
08/04/2024,Cuajada,508.2,231,California
21/03/2024,Queso blanco,4355.0,871,Texas
27/01/2024,Leche condensada,57.5,23,Massachusetts
16/01/2024,Leche saborizada,380.0,380,Massachusetts
15/10/2024,Queso blanco,695.0,139,California
23/09/2024,Helado,365.5,86,California
31/10/2024,Cuajada,552.2,251,Florida
20/05/2024,Dulce de leche,2322.0,774,Nueva York
26/05/2024,Kumis,137.5,55,Texas
06/07/2024,Leche descremada,727.95,633,Florida
07/07/2024,Helado,136.5,91,California
25/06/2024,Queso gouda,3357.0,746,Nueva York
25/05/2024,Leche semidescremada,543.9,777,Florida
17/04/2024,Leche deslactosada,528.7,622,California
30/12/2024,Mantequilla con sal,456.0,114,Texas
03/12/2024,Leche deslactosada,549.95,647,Massachusetts
15/03/2024,Leche en polvo,3041.5,553,Florida
27/03/2024,Dulce de leche,207.0,69,Florida
12/07/2024,Queso crema,2018.8,721,California
14/09/2024,Leche entera,3139.5,897,Massachusetts
15/03/2024,Leche evaporada,473.8,206,Nueva York
23/07/2024,Mantequilla con sal,876.0,219,Texas
04/12/2024,Suero de leche,486.0,243,Texas
14/07/2024,Leche deslactosada,20.4,24,California
27/10/2024,Leche entera,44.25,59,Nueva York
17/09/2024,Kumis,925.0,370,California
29/07/2024,Yogur natural,410.0,410,Texas
29/08/2024,Leche descremada,109.85,169,California
21/08/2024,Mantequilla clarificada (ghee),5192.25,903,Florida
08/09/2024,Leche saborizada,900.0,600,Massachusetts
08/06/2024,Queso en lonchas,3097.0,815,Massachusetts
18/07/2024,Suero de leche,438.0,219,Florida
02/04/2024,Yogur natural,546.0,156,California
20/05/2024,Mantequilla sin sal,3124.8,744,Texas
23/10/2024,Crema de leche,4139.09,691,California
24/01/2024,Queso mozzarella,1833.75,489,Texas
02/01/2024,Cuajada,1012.0,460,Nueva York
10/01/2024,Yogur griego,1246.5,831,Nueva York
08/09/2024,Queso camembert,1170.0,195,Texas
15/12/2024,Cuajada,1295.8,589,Nueva York
05/11/2024,Queso azul roquefort,4075.0,652,Nueva York
13/04/2024,Helado,769.5,513,Florida
10/12/2024,Helado,629.0,148,Florida
17/12/2024,Kumis,570.0,228,California
30/04/2024,Mantequilla clarificada (ghee),3116.5,542,Florida
22/10/2024,Crema de leche,1000.33,167,California
10/02/2024,Crema batida,423.75,113,California
17/09/2024,Mantequilla con sal,252.0,63,California
26/09/2024,Queso crema,2489.2,889,Texas
01/08/2024,Queso crema,72.8,26,Massachusetts
08/05/2024,Leche evaporada,1430.6,622,Florida
30/03/2024,Mantequilla clarificada (ghee),5123.25,891,Florida
22/10/2024,Crema agria,560.0,224,Texas
13/11/2024,Mantequilla con sal,2076.0,519,Florida
22/06/2024,Kumis,507.5,203,Texas
27/10/2024,Suero de leche,432.0,216,California
06/05/2024,Crema agria,1950.0,780,Massachusetts
08/03/2024,Mantequilla sin sal,2188.2,521,Nueva York
04/02/2024,Crema de leche,4019.29,671,Nueva York
02/11/2024,Leche entera,913.75,731,California
16/09/2024,Mantequilla clarificada (ghee),1943.5,338,Texas
16/08/2024,Leche evaporada,1722.7,749,Florida
30/08/2024,Yogur natural,552.0,552,Nueva York
15/02/2024,Leche en polvo,2292.0,764,Nueva York
20/04/2024,Queso cheddar añejo,1260.0,252,Massachusetts
29/07/2024,Mantequilla con sal,2516.0,629,Texas
14/10/2024,Queso azul gorgonzola,5190.0,865,Nueva York
20/04/2024,Helado,627.0,418,Nueva York
03/01/2024,Yogur natural,178.0,178,Texas
04/06/2024,Queso havarti,525.0,100,Texas
25/05/2024,Leche condensada,640.0,256,Florida
12/06/2024,Mantequilla clarificada (ghee),3346.5,582,Massachusetts
25/05/2024,Mantequilla sin sal,2969.4,707,Texas
19/05/2024,Kumis,275.0,110,California
19/10/2024,Crema agria,1930.0,772,Massachusetts
23/11/2024,Leche condensada,1425.0,570,California
17/03/2024,Queso brie,2952.0,492,Florida
27/05/2024,Yogur con frutas,117.6,98,Texas
27/10/2024,Queso camembert,2334.0,389,Texas
31/10/2024,Suero de leche,1310.0,655,Massachusetts
28/06/2024,Kumis,265.0,106,Florida
05/05/2024,Queso azul gorgonzola,1656.0,276,Florida
02/11/2024,Leche descremada,785.45,683,Texas
21/08/2024,Suero de leche,596.0,298,Nueva York
18/04/2024,Mantequilla clarificada (ghee),799.25,139,Florida
06/07/2024,Queso azul gorgonzola,1344.0,224,Texas
24/04/2024,Leche semidescremada,267.6,223,Massachusetts
04/07/2024,Mantequilla con sal,2808.0,702,California
19/03/2024,Cuajada,1559.8,709,Massachusetts
30/05/2024,Helado,3217.25,757,Nueva York
19/12/2024,Leche entera,406.5,542,California
22/10/2024,Cuajada,149.6,68,Massachusetts
06/05/2024,Queso crema,1374.8,491,Massachusetts
17/05/2024,Yogur natural,962.0,962,Nueva York
06/08/2024,Crema batida,2981.25,795,Florida
10/02/2024,Leche descremada,88.55,77,Massachusetts
03/02/2024,Queso ricota,2812.0,703,Massachusetts
11/10/2024,Suero de leche,978.0,489,Texas
22/05/2024,Dulce de leche,1689.0,563,Massachusetts
25/06/2024,Queso en lonchas,1474.4,388,California
17/06/2024,Cuajada,811.8,369,Nueva York
25/05/2024,Kumis,2210.0,884,Texas
08/09/2024,Queso crema,1778.0,635,California
20/01/2024,Queso mozzarella,487.5,130,Massachusetts
10/08/2024,Leche entera,737.25,983,California
27/11/2024,Dulce de leche,2334.0,778,Texas
19/06/2024,Queso azul roquefort,3818.75,611,Texas
11/05/2024,Mantequilla clarificada (ghee),4525.25,787,Nueva York
02/05/2024,Queso crema,2142.0,765,Massachusetts
16/12/2024,Leche saborizada,268.5,179,Texas
27/05/2024,Suero de leche,1786.0,893,Massachusetts
15/01/2024,Leche saborizada,256.0,256,Florida
10/02/2024,Mantequilla clarificada (ghee),3950.25,687,Nueva York
04/09/2024,Helado,786.0,524,California
23/10/2024,Crema de leche,3438.26,574,Nueva York
26/04/2024,Queso gouda,3307.5,735,Texas
18/11/2024,Crema batida,1680.0,448,California
28/11/2024,Leche semidescremada,40.8,34,Texas
24/11/2024,Suero de leche,1234.0,617,Massachusetts
03/11/2024,Queso ricota,2564.0,641,Texas
02/07/2024,Kumis,1392.5,557,Nueva York
14/12/2024,Mantequilla sin sal,3410.4,812,Massachusetts
09/05/2024,Queso ricota,3676.0,919,Nueva York
27/08/2024,Leche en polvo,528.0,96,Florida
12/02/2024,Queso gouda,3352.5,745,Texas
07/02/2024,Queso crema,898.8,321,Nueva York
15/11/2024,Yogur griego,292.5,195,Massachusetts
28/09/2024,Helado,3519.0,828,Nueva York
13/12/2024,Crema batida,2711.25,723,Massachusetts
22/06/2024,Crema agria,2485.0,994,Massachusetts
22/11/2024,Helado,191.25,45,Massachusetts
22/04/2024,Leche saborizada,370.0,370,Texas
08/02/2024,Dulce de leche,756.0,252,Texas
01/12/2024,Crema agria,1920.0,768,Texas
31/01/2024,Kumis,127.5,51,Texas
24/08/2024,Mantequilla sin sal,4111.8,979,Texas
22/11/2024,Yogur griego,499.5,333,California
24/06/2024,Leche condensada,1815.0,726,Massachusetts
24/01/2024,Dulce de leche,1539.0,513,Massachusetts
15/09/2024,Mantequilla clarificada (ghee),4002.0,696,California
24/04/2024,Crema agria,1972.5,789,Florida
23/11/2024,Queso brie,4092.0,682,Nueva York
15/12/2024,Suero de leche,250.0,125,Nueva York
27/03/2024,Leche saborizada,567.0,378,Texas
20/05/2024,Yogur natural,981.0,981,Florida
27/04/2024,Mantequilla con sal,328.0,82,Massachusetts
21/01/2024,Yogur natural,362.0,362,California
24/07/2024,Queso ricota,468.0,117,Nueva York
29/09/2024,Suero de leche,728.0,364,Texas
05/01/2024,Queso azul roquefort,3718.75,595,Florida
01/06/2024,Mantequilla con sal,1332.0,333,Nueva York
08/08/2024,Dulce de leche,1959.0,653,Massachusetts
17/01/2024,Crema batida,3607.5,962,Nueva York
31/01/2024,Queso ricota,160.0,40,California
14/09/2024,Suero de leche,1514.0,757,California
14/10/2024,Queso gouda,630.0,140,California
02/11/2024,Mantequilla con sal,1476.0,369,Nueva York
04/05/2024,Mantequilla sin sal,3129.0,745,Florida
06/03/2024,Leche descremada,274.85,239,Florida
12/09/2024,Crema batida,1125.0,300,Texas
02/02/2024,Queso cheddar añejo,3460.0,692,California
18/01/2024,Crema batida,2467.5,658,Florida
11/01/2024,Leche deslactosada,215.9,254,Nueva York
08/02/2024,Yogur griego,1392.0,928,Texas
28/01/2024,Mantequilla sin sal,2549.4,607,Texas
04/11/2024,Dulce de leche,1332.0,444,Florida
22/02/2024,Mantequilla clarificada (ghee),4122.75,717,Texas
13/01/2024,Crema batida,1342.5,358,Florida
12/05/2024,Crema agria,2042.5,817,Nueva York
25/10/2024,Queso en lonchas,1352.8,356,Texas
14/11/2024,Queso gruyere,1589.5,289,Texas
03/09/2024,Cuajada,607.2,276,Florida
27/03/2024,Queso crema,1831.2,654,California
21/07/2024,Queso mozzarella,645.0,172,California
27/11/2024,Queso azul roquefort,5881.25,941,Massachusetts
23/01/2024,Yogur griego,991.5,661,Florida
21/02/2024,Dulce de leche,2151.0,717,Nueva York
11/09/2024,Yogur con frutas,1004.4,837,Florida
29/03/2024,Mantequilla con sal,2936.0,734,Texas
28/09/2024,Cuajada,706.2,321,Massachusetts
21/02/2024,Mantequilla sin sal,1944.6,463,California
13/10/2024,Mantequilla clarificada (ghee),3323.5,578,California
16/09/2024,Mantequilla con sal,528.0,132,Nueva York
11/08/2024,Queso parmesano,4238.4,883,California
23/09/2024,Crema agria,1017.5,407,California
08/11/2024,Leche deslactosada,189.8,146,Nueva York
11/09/2024,Kumis,1547.5,619,Nueva York
04/03/2024,Crema batida,3487.5,930,California
06/09/2024,Leche entera,465.0,372,California
17/03/2024,Queso parmesano,2976.0,620,Texas
12/06/2024,Leche en polvo,513.0,171,Florida
12/04/2024,Queso para untar,2825.6,883,Florida
25/08/2024,Queso cheddar añejo,1215.0,243,California
03/07/2024,Helado,957.0,638,Florida
12/12/2024,Mantequilla clarificada (ghee),460.0,80,California
08/02/2024,Helado,811.5,541,California
30/07/2024,Yogur natural,2765.0,790,Florida
13/01/2024,Bebidas lácteas,498.0,249,California
12/08/2024,Bebidas lácteas,514.0,257,Texas
16/08/2024,Dulce de leche,2199.0,733,Texas
18/10/2024,Suero de leche,522.0,261,Nueva York
01/04/2024,Queso para untar,2947.2,921,California
25/08/2024,Mantequilla clarificada (ghee),1190.25,207,Nueva York
21/01/2024,Queso gruyere,324.5,59,California
03/08/2024,Kumis,1417.5,567,Florida
24/11/2024,Crema agria,907.5,363,Texas
06/10/2024,Helado,273.0,182,California
23/03/2024,Dulce de leche,267.0,89,Massachusetts
16/03/2024,Yogur con frutas,33.6,28,Massachusetts
25/01/2024,Leche descremada,390.65,601,California
24/06/2024,Queso parmesano,1492.8,311,Nueva York
10/01/2024,Crema batida,2118.75,565,California
23/09/2024,Queso brie,2088.0,348,Nueva York
30/01/2024,Queso parmesano,3139.2,654,Nueva York
21/09/2024,Queso azul gorgonzola,3864.0,644,Florida
07/09/2024,Queso crema,2528.4,903,Texas
11/08/2024,Queso edam,665.0,140,Nueva York
18/03/2024,Leche condensada,2027.5,811,Massachusetts
20/11/2024,Dulce de leche,2775.0,925,Florida
26/01/2024,Dulce de leche,1779.0,593,Massachusetts
26/11/2024,Mantequilla clarificada (ghee),3478.75,605,Florida
25/10/2024,Yogur griego,1441.5,961,California
14/12/2024,Mantequilla clarificada (ghee),2949.75,513,California
01/05/2024,Helado,714.0,168,Florida
03/06/2024,Leche descremada,346.15,301,Florida
11/02/2024,Crema de leche,5564.71,929,Nueva York
29/02/2024,Helado,2864.5,674,Texas
29/07/2024,Helado,1111.5,741,California
25/09/2024,Queso azul roquefort,2362.5,378,Massachusetts
28/03/2024,Queso gouda,4203.0,934,Nueva York
22/06/2024,Yogur con frutas,466.8,389,California
19/08/2024,Dulce de leche,1896.0,632,Massachusetts
23/03/2024,Queso camembert,1950.0,325,Texas
12/07/2024,Yogur natural,114.0,114,Florida
01/01/2024,Helado,1619.25,381,Florida
07/06/2024,Crema de leche,4504.48,752,Florida
07/02/2024,Crema batida,1605.0,428,Massachusetts
04/11/2024,Queso crema,1660.4,593,Florida
18/10/2024,Mantequilla sin sal,1940.4,462,Massachusetts
15/06/2024,Yogur griego,142.5,95,Nueva York
07/02/2024,Mantequilla sin sal,2465.4,587,Massachusetts
12/04/2024,Crema de leche,856.57,143,Florida
13/06/2024,Leche descremada,1047.65,911,Texas
05/10/2024,Leche evaporada,1386.9,603,Florida
14/11/2024,Mantequilla con sal,52.0,13,California
08/12/2024,Crema de leche,4756.06,794,Texas
21/07/2024,Helado,3285.25,773,Florida
10/10/2024,Crema batida,727.5,194,Massachusetts
22/03/2024,Leche entera,723.0,964,Florida
12/01/2024,Suero de leche,1576.0,788,Nueva York
24/12/2024,Yogur natural,24.0,24,Massachusetts
26/02/2024,Queso azul gorgonzola,5364.0,894,Florida
12/02/2024,Yogur griego,340.5,227,California
09/07/2024,Queso crema,512.4,183,Texas
21/09/2024,Yogur con frutas,1096.8,914,Texas
02/02/2024,Crema batida,2955.0,788,California
09/05/2024,Yogur con frutas,1129.2,941,Texas
05/08/2024,Dulce de leche,1425.0,475,Florida
04/04/2024,Crema batida,3375.0,900,Florida
19/09/2024,Kumis,240.0,96,California
05/04/2024,Yogur con frutas,1086.0,905,Massachusetts
28/09/2024,Leche entera,2005.5,573,Nueva York
07/01/2024,Leche deslactosada,1136.2,874,California
29/08/2024,Queso azul roquefort,5800.0,928,California
22/11/2024,Crema de leche,4019.29,671,Massachusetts
26/05/2024,Yogur griego,1032.0,688,Texas
13/07/2024,Yogur griego,1083.0,722,Texas
29/01/2024,Dulce de leche,1377.0,459,Florida
13/06/2024,Queso gouda,4140.0,920,Massachusetts
25/05/2024,Kumis,1505.0,602,Nueva York
15/04/2024,Leche en polvo,2922.0,974,Massachusetts
05/05/2024,Helado,1130.5,266,Florida
04/10/2024,Cuajada,1531.2,696,California
28/09/2024,Mantequilla clarificada (ghee),178.25,31,Texas
10/12/2024,Crema de leche,2833.27,473,Texas
23/03/2024,Yogur con frutas,884.4,737,Massachusetts
17/05/2024,Leche semidescremada,476.4,397,Nueva York
10/09/2024,Kumis,47.5,19,Florida
19/11/2024,Mantequilla clarificada (ghee),4053.75,705,Massachusetts
03/06/2024,Queso gruyere,3723.5,677,Nueva York
20/11/2024,Queso gouda,1651.5,367,California
01/06/2024,Mantequilla sin sal,991.2,236,Nueva York
31/05/2024,Leche entera,2527.0,722,California
03/04/2024,Dulce de leche,288.0,96,Florida
07/12/2024,Leche evaporada,745.2,324,Massachusetts
08/06/2024,Queso crema,747.6,267,Florida
07/10/2024,Yogur natural,881.0,881,Nueva York
15/07/2024,Yogur griego,1321.5,881,California
26/10/2024,Queso en lonchas,1858.2,489,Massachusetts
15/12/2024,Mantequilla con sal,384.0,96,Nueva York
12/06/2024,Kumis,1685.0,674,California
29/08/2024,Suero de leche,340.0,170,Nueva York
03/05/2024,Bebidas lácteas,442.8,369,Florida
28/01/2024,Queso crema,187.6,67,Massachusetts
07/12/2024,Dulce de leche,1029.0,343,Texas
24/01/2024,Cuajada,74.8,34,Massachusetts
10/04/2024,Mantequilla sin sal,1772.4,422,Florida
20/06/2024,Cuajada,2109.8,959,California
13/02/2024,Cuajada,1476.2,671,Massachusetts
31/08/2024,Mantequilla con sal,2444.0,611,Texas
30/10/2024,Mantequilla sin sal,420.0,100,Massachusetts
26/09/2024,Queso mozzarella,2137.5,570,California
13/02/2024,Queso ricota,3424.0,856,Florida
31/05/2024,Dulce de leche,2208.0,736,Texas
21/11/2024,Mantequilla clarificada (ghee),3990.5,694,Florida
10/02/2024,Queso crema,2270.8,811,Texas
19/01/2024,Mantequilla clarificada (ghee),4600.0,800,Nueva York
10/09/2024,Leche evaporada,1612.3,701,Massachusetts
18/09/2024,Queso crema,2172.8,776,Texas
25/04/2024,Helado,3854.75,907,Florida
07/12/2024,Queso blanco,1355.0,271,California
05/06/2024,Leche semidescremada,1010.4,842,Massachusetts
03/04/2024,Cuajada,400.4,182,California
07/04/2024,Yogur natural,289.0,289,Massachusetts
12/11/2024,Mantequilla sin sal,1192.8,284,Massachusetts
19/09/2024,Cuajada,2164.8,984,Florida
19/09/2024,Queso ricota,700.0,175,Nueva York
18/04/2024,Queso havarti,1144.5,218,Nueva York
26/11/2024,Yogur con frutas,241.2,201,Texas
12/02/2024,Crema de leche,3318.46,554,Massachusetts
28/01/2024,Mantequilla con sal,1744.0,436,Florida
11/03/2024,Suero de leche,540.0,270,California
20/12/2024,Yogur griego,1350.0,900,California
12/06/2024,Leche semidescremada,253.2,211,California
06/09/2024,Yogur con frutas,220.8,184,Massachusetts
05/09/2024,Kumis,1115.0,446,Texas
15/10/2024,Yogur con frutas,520.8,434,Massachusetts
12/01/2024,Dulce de leche,1617.0,539,Florida
10/10/2024,Queso gouda,1206.0,268,California
22/02/2024,Queso parmesano,1857.6,387,Texas
09/12/2024,Yogur natural,1445.5,413,Nueva York
03/05/2024,Mantequilla con sal,2528.0,632,Texas
25/11/2024,Cuajada,930.6,423,Texas
28/02/2024,Crema de leche,3270.54,546,Texas
18/03/2024,Yogur griego,1140.0,760,California
29/06/2024,Yogur natural,2618.0,748,Texas
09/11/2024,Yogur con frutas,667.2,556,Nueva York
04/10/2024,Queso havarti,1711.5,326,California
23/03/2024,Mantequilla sin sal,1864.8,444,California
08/01/2024,Crema agria,200.0,80,Florida
05/02/2024,Queso havarti,4053.0,772,Texas
12/06/2024,Yogur con frutas,804.0,670,Massachusetts
21/05/2024,Queso gruyere,429.0,78,Florida
14/05/2024,Queso havarti,687.75,131,Florida
05/11/2024,Yogur con frutas,969.6,808,California
21/03/2024,Queso camembert,2790.0,465,Florida
26/06/2024,Leche deslactosada,215.05,253,Florida
06/07/2024,Yogur natural,602.0,602,Massachusetts
09/10/2024,Kumis,2277.5,911,Texas
21/05/2024,Yogur natural,2334.5,667,California
30/11/2024,Crema agria,430.0,172,California
17/11/2024,Crema agria,1220.0,488,Texas
12/03/2024,Cuajada,1487.2,676,Florida
20/11/2024,Mantequilla sin sal,3754.8,894,Florida
03/01/2024,Mantequilla con sal,1692.0,423,Nueva York
07/11/2024,Mantequilla clarificada (ghee),2093.0,364,Massachusetts
19/02/2024,Crema batida,2793.75,745,Nueva York
30/06/2024,Yogur con frutas,226.8,189,California
18/03/2024,Mantequilla clarificada (ghee),4128.5,718,Massachusetts
13/06/2024,Suero de leche,774.0,387,Nueva York
23/05/2024,Queso mozzarella,855.0,228,Massachusetts
31/08/2024,Queso gruyere,709.5,129,Massachusetts
14/03/2024,Mantequilla clarificada (ghee),3467.25,603,Florida
21/01/2024,Queso crema,2063.6,737,Nueva York
30/10/2024,Queso gouda,1170.0,260,California
29/09/2024,Yogur con frutas,393.6,328,Massachusetts
20/12/2024,Dulce de leche,1788.0,596,Massachusetts
02/02/2024,Crema de leche,4726.11,789,Massachusetts
11/08/2024,Dulce de leche,1290.0,430,Florida
28/08/2024,Leche en polvo,1006.5,183,California
01/11/2024,Leche entera,103.5,138,Texas
02/07/2024,Crema agria,1227.5,491,Massachusetts
29/06/2024,Crema agria,1147.5,459,Massachusetts
24/06/2024,Leche deslactosada,514.8,396,Texas
20/02/2024,Cuajada,600.6,273,California
23/09/2024,Crema de leche,742.76,124,California
14/03/2024,Leche descremada,640.55,557,California
02/08/2024,Queso camembert,4968.0,828,Florida
04/09/2024,Dulce de leche,2106.0,702,Nueva York
21/02/2024,Mantequilla sin sal,1869.0,445,Texas
23/08/2024,Queso cheddar añejo,1040.0,208,Texas
05/09/2024,Queso camembert,1614.0,269,Massachusetts
23/07/2024,Queso edam,2607.75,549,California
29/04/2024,Mantequilla con sal,2180.0,545,Florida
05/05/2024,Leche condensada,852.5,341,Nueva York
15/09/2024,Leche deslactosada,593.3,698,Nueva York
25/04/2024,Leche entera,2649.5,757,California
08/01/2024,Queso blanco,3295.0,659,Florida
21/11/2024,Mantequilla con sal,1832.0,458,Nueva York
24/01/2024,Mantequilla sin sal,474.6,113,Florida
26/05/2024,Mantequilla clarificada (ghee),862.5,150,Florida
28/12/2024,Mantequilla clarificada (ghee),1426.0,248,California
17/01/2024,Crema agria,1432.5,573,Florida
27/11/2024,Crema de leche,5355.06,894,California
10/10/2024,Mantequilla clarificada (ghee),4398.75,765,Florida
18/09/2024,Leche saborizada,776.0,776,Massachusetts
17/06/2024,Crema agria,2407.5,963,Texas
12/05/2024,Kumis,2185.0,874,California
14/05/2024,Queso en lonchas,2910.8,766,Nueva York
17/02/2024,Mantequilla clarificada (ghee),3858.25,671,California
28/07/2024,Crema agria,2000.0,800,Massachusetts
06/01/2024,Suero de leche,1546.0,773,California
12/07/2024,Leche condensada,847.5,339,Massachusetts
24/02/2024,Yogur griego,343.5,229,Texas
19/12/2024,Queso azul gorgonzola,2700.0,450,Texas
14/11/2024,Kumis,1017.5,407,Florida
22/03/2024,Mantequilla clarificada (ghee),5393.5,938,Massachusetts
25/09/2024,Queso cheddar añejo,1250.0,250,Nueva York
24/04/2024,Bebidas lácteas,543.6,453,Nueva York
04/08/2024,Leche en polvo,1665.0,555,Massachusetts
20/03/2024,Helado,268.5,179,Nueva York
23/10/2024,Mantequilla sin sal,1953.0,465,Nueva York
13/06/2024,Yogur con frutas,225.6,188,Texas
28/07/2024,Queso mozzarella,2463.75,657,Massachusetts
12/07/2024,Queso mozzarella,3517.5,938,California
19/02/2024,Mantequilla clarificada (ghee),2599.0,452,California
08/10/2024,Mantequilla sin sal,2515.8,599,Massachusetts
26/05/2024,Kumis,255.0,102,Florida
27/04/2024,Suero de leche,956.0,478,California
27/11/2024,Leche descremada,471.25,725,Nueva York
05/03/2024,Queso crema,1923.6,687,California
03/01/2024,Suero de leche,1472.0,736,Texas
12/09/2024,Suero de leche,1866.0,933,Nueva York
15/10/2024,Yogur con frutas,42.0,35,Nueva York
31/03/2024,Dulce de leche,942.0,314,Nueva York
11/10/2024,Crema batida,3450.0,920,Texas
22/04/2024,Leche deslactosada,962.0,740,Texas
01/12/2024,Yogur natural,2586.5,739,California
25/03/2024,Kumis,2257.5,903,Nueva York
30/01/2024,Leche descremada,334.1,514,Nueva York
28/07/2024,Yogur griego,31.5,21,Florida
21/09/2024,Yogur griego,717.0,478,California
06/06/2024,Yogur con frutas,854.4,712,Florida
09/01/2024,Bebidas lácteas,1156.0,578,Texas
22/12/2024,Queso para untar,1296.0,405,Texas
12/09/2024,Crema batida,1807.5,482,Nueva York
29/11/2024,Mantequilla con sal,964.0,241,Massachusetts
23/04/2024,Queso mozzarella,3528.75,941,Florida
12/05/2024,Crema batida,2328.75,621,Florida
03/03/2024,Mantequilla con sal,960.0,240,California
27/03/2024,Leche evaporada,476.1,207,California
24/02/2024,Dulce de leche,1953.0,651,Florida
09/01/2024,Mantequilla sin sal,1722.0,410,Massachusetts
28/09/2024,Suero de leche,320.0,160,Texas
06/10/2024,Mantequilla sin sal,2721.6,648,California
25/09/2024,Crema agria,42.5,17,Texas
13/01/2024,Helado,318.0,212,Texas
01/02/2024,Mantequilla con sal,3972.0,993,California
11/01/2024,Crema de leche,251.58,42,Nueva York
04/02/2024,Suero de leche,1894.0,947,California
16/01/2024,Mantequilla sin sal,3687.6,878,Massachusetts
10/05/2024,Crema batida,1155.0,308,Florida
23/06/2024,Mantequilla clarificada (ghee),5071.5,882,Nueva York
15/09/2024,Dulce de leche,858.0,286,Massachusetts
11/06/2024,Leche semidescremada,114.8,164,Florida
12/10/2024,Leche semidescremada,804.0,670,Texas
01/12/2024,Yogur con frutas,367.2,306,California
23/08/2024,Queso crema,926.8,331,California
29/12/2024,Cuajada,1929.4,877,California
08/05/2024,Yogur con frutas,1160.4,967,California
07/06/2024,Mantequilla con sal,1328.0,332,Texas
09/02/2024,Mantequilla clarificada (ghee),833.75,145,Florida
24/08/2024,Yogur natural,1368.5,391,Texas
09/03/2024,Leche entera,513.75,685,Florida
02/11/2024,Leche entera,658.75,527,Massachusetts
05/05/2024,Suero de leche,882.0,441,Texas
25/07/2024,Queso azul roquefort,1193.75,191,Florida
22/02/2024,Mantequilla con sal,2684.0,671,Florida
22/04/2024,Queso blanco,3355.0,671,California
02/08/2024,Mantequilla con sal,2620.0,655,Florida
15/05/2024,Queso cheddar añejo,2380.0,476,California
13/05/2024,Queso ricota,3060.0,765,Massachusetts
04/07/2024,Yogur griego,343.5,229,Nueva York
03/01/2024,Crema batida,187.5,50,Nueva York
07/12/2024,Dulce de leche,264.0,88,Nueva York
16/01/2024,Queso brie,5946.0,991,Massachusetts
19/11/2024,Bebidas lácteas,501.6,418,Texas
05/08/2024,Cuajada,1119.8,509,Massachusetts
19/07/2024,Mantequilla con sal,3860.0,965,Nueva York
27/06/2024,Mantequilla sin sal,134.4,32,Florida
27/07/2024,Queso en lonchas,1843.0,485,California
17/02/2024,Queso azul roquefort,212.5,34,Nueva York
29/03/2024,Queso edam,1529.5,322,Massachusetts
27/03/2024,Cuajada,2197.8,999,Massachusetts
27/12/2024,Queso gruyere,5082.0,924,Florida
11/05/2024,Queso ricota,3220.0,805,Texas
05/09/2024,Queso en lonchas,2048.2,539,Nueva York
10/05/2024,Crema agria,1785.0,714,Texas
30/07/2024,Queso gruyere,5197.5,945,Nueva York
07/02/2024,Suero de leche,1500.0,750,Texas
03/08/2024,Kumis,1130.0,452,Massachusetts
18/01/2024,Suero de leche,1608.0,804,Nueva York
06/01/2024,Crema de leche,1773.04,296,Massachusetts
02/06/2024,Leche entera,231.25,185,Nueva York
03/10/2024,Queso havarti,420.0,80,Massachusetts
01/04/2024,Kumis,1227.5,491,Texas
01/08/2024,Helado,3536.0,832,Massachusetts
27/10/2024,Mantequilla sin sal,982.8,234,Massachusetts
13/06/2024,Suero de leche,1822.0,911,Nueva York
13/02/2024,Yogur griego,1051.5,701,Texas
14/02/2024,Mantequilla sin sal,2700.6,643,Texas
13/09/2024,Queso gouda,63.0,14,California
09/02/2024,Queso brie,3354.0,559,Massachusetts
13/11/2024,Helado,565.25,133,California
25/08/2024,Dulce de leche,759.0,253,California
22/12/2024,Queso en lonchas,57.0,15,Florida
02/11/2024,Crema batida,750.0,200,Texas
01/04/2024,Queso havarti,5229.0,996,Nueva York
10/06/2024,Mantequilla sin sal,2742.6,653,Texas
06/11/2024,Crema batida,3536.25,943,Texas
16/04/2024,Helado,31.5,21,California
24/12/2024,Helado,3659.25,861,Florida
19/09/2024,Crema agria,1427.5,571,Massachusetts
04/06/2024,Dulce de leche,2796.0,932,Florida
08/09/2024,Dulce de leche,906.0,302,Florida
03/08/2024,Mantequilla con sal,196.0,49,California
25/02/2024,Crema de leche,2366.05,395,Texas
20/08/2024,Queso edam,3681.25,775,Texas
12/03/2024,Leche descremada,631.8,972,Florida
15/10/2024,Leche evaporada,1812.4,788,Texas
24/12/2024,Mantequilla con sal,212.0,53,Florida
17/08/2024,Yogur con frutas,306.0,255,Texas
17/09/2024,Mantequilla sin sal,1822.8,434,Massachusetts
25/08/2024,Dulce de leche,1743.0,581,Nueva York
15/11/2024,Crema batida,3150.0,840,Nueva York
08/07/2024,Yogur con frutas,314.4,262,Texas
16/03/2024,Mantequilla sin sal,1974.0,470,Florida
12/01/2024,Queso azul roquefort,2906.25,465,California
26/07/2024,Queso crema,2520.0,900,Texas
11/05/2024,Leche saborizada,190.0,190,California
19/12/2024,Suero de leche,782.0,391,Nueva York
28/07/2024,Crema agria,2275.0,910,Massachusetts
17/05/2024,Mantequilla sin sal,2784.6,663,Texas
20/08/2024,Crema batida,3337.5,890,Florida
21/06/2024,Leche descremada,458.25,705,California
26/03/2024,Crema batida,3723.75,993,Massachusetts
06/05/2024,Crema batida,3450.0,920,Texas
22/10/2024,Crema agria,192.5,77,Florida
16/04/2024,Queso azul roquefort,4518.75,723,Nueva York
07/03/2024,Crema agria,1977.5,791,Massachusetts
28/04/2024,Cuajada,129.8,59,Nueva York
25/10/2024,Queso crema,268.8,96,Nueva York
16/02/2024,Kumis,1592.5,637,Massachusetts
15/01/2024,Yogur natural,777.0,777,Massachusetts
18/02/2024,Queso camembert,3084.0,514,California
04/10/2024,Queso azul gorgonzola,1464.0,244,Massachusetts
02/02/2024,Queso en lonchas,946.2,249,Nueva York
23/04/2024,Queso en lonchas,3674.6,967,California
17/11/2024,Yogur natural,889.0,254,Nueva York
07/08/2024,Crema agria,927.5,371,Texas
14/09/2024,Yogur natural,322.0,92,Texas
22/03/2024,Queso en lonchas,2504.2,659,Texas
25/09/2024,Leche descremada,36.8,32,Florida
31/07/2024,Helado,1347.25,317,California
01/06/2024,Kumis,562.5,225,California
08/04/2024,Dulce de leche,2760.0,920,Texas
13/01/2024,Mantequilla con sal,332.0,83,Nueva York
23/11/2024,Queso crema,705.6,252,Texas
05/06/2024,Mantequilla con sal,1356.0,339,Texas
03/05/2024,Queso ricota,3400.0,850,California
23/02/2024,Leche descremada,448.5,390,Texas
13/07/2024,Yogur con frutas,817.2,681,Florida
13/11/2024,Yogur natural,487.0,487,Texas
18/02/2024,Dulce de leche,1293.0,431,Nueva York
20/05/2024,Crema agria,2397.5,959,Massachusetts
01/05/2024,Kumis,2037.5,815,Florida
21/07/2024,Leche descremada,258.05,397,Texas
29/12/2024,Leche descremada,518.05,797,Massachusetts
28/06/2024,Suero de leche,1518.0,759,Nueva York
19/08/2024,Crema agria,37.5,15,Texas
16/10/2024,Leche entera,243.75,325,California
16/12/2024,Mantequilla con sal,1624.0,406,Florida
25/02/2024,Leche en polvo,4856.5,883,California
29/03/2024,Leche evaporada,568.1,247,Massachusetts
10/05/2024,Suero de leche,1738.0,869,Florida
26/03/2024,Leche en polvo,2154.0,718,Massachusetts
26/02/2024,Yogur griego,111.0,74,Texas
25/05/2024,Yogur griego,1128.0,752,Massachusetts
21/06/2024,Dulce de leche,2688.0,896,Texas
11/07/2024,Mantequilla clarificada (ghee),3076.25,535,Texas
17/03/2024,Yogur griego,537.0,358,Nueva York
15/06/2024,Helado,1525.75,359,Massachusetts
18/04/2024,Crema de leche,2012.64,336,Massachusetts
01/04/2024,Mantequilla sin sal,3309.6,788,Massachusetts
11/11/2024,Yogur griego,1336.5,891,Massachusetts
26/10/2024,Queso crema,730.8,261,Texas
03/01/2024,Mantequilla sin sal,441.0,105,Florida
17/11/2024,Dulce de leche,1299.0,433,Texas
21/11/2024,Leche evaporada,1764.1,767,Florida
21/07/2024,Queso parmesano,4108.8,856,Nueva York
02/08/2024,Leche saborizada,118.0,118,Florida
07/04/2024,Mantequilla sin sal,3649.8,869,Massachusetts
21/08/2024,Leche deslactosada,858.0,660,Massachusetts
07/06/2024,Mantequilla sin sal,1768.2,421,Texas
02/01/2024,Leche entera,41.25,33,Texas
15/07/2024,Leche deslactosada,49.3,58,Massachusetts
05/02/2024,Mantequilla sin sal,445.2,106,California
08/12/2024,Kumis,1137.5,455,Florida
22/11/2024,Queso parmesano,2688.0,560,Texas
28/06/2024,Bebidas lácteas,1882.0,941,Texas
29/08/2024,Crema de leche,113.81,19,Texas
08/09/2024,Queso edam,636.5,134,California
23/02/2024,Mantequilla clarificada (ghee),2024.0,352,Massachusetts
09/03/2024,Leche semidescremada,838.8,699,California
08/09/2024,Mantequilla clarificada (ghee),1408.75,245,Nueva York
25/11/2024,Mantequilla clarificada (ghee),948.75,165,California
17/09/2024,Queso camembert,5472.0,912,Nueva York
01/09/2024,Yogur griego,1240.5,827,Massachusetts
24/07/2024,Yogur con frutas,262.8,219,Massachusetts
05/02/2024,Queso blanco,3570.0,714,Nueva York
25/11/2024,Dulce de leche,78.0,26,California
12/06/2024,Leche en polvo,873.0,291,Massachusetts
29/05/2024,Yogur natural,515.0,515,Nueva York
23/07/2024,Leche saborizada,571.0,571,Nueva York
02/06/2024,Yogur natural,412.0,412,Massachusetts
28/12/2024,Mantequilla con sal,2672.0,668,Massachusetts
01/08/2024,Crema de leche,5001.65,835,Nueva York
19/03/2024,Crema de leche,5726.44,956,Massachusetts
16/02/2024,Queso cheddar añejo,805.0,161,Nueva York
17/03/2024,Yogur natural,724.5,207,Nueva York
29/10/2024,Kumis,1672.5,669,Texas
10/12/2024,Suero de leche,1526.0,763,Florida
07/02/2024,Queso cheddar añejo,3250.0,650,Massachusetts
09/09/2024,Queso crema,596.4,213,Texas
21/02/2024,Mantequilla clarificada (ghee),253.0,44,Massachusetts
03/12/2024,Queso brie,1296.0,216,Nueva York
06/07/2024,Leche deslactosada,1077.7,829,Nueva York
31/08/2024,Crema agria,437.5,175,Massachusetts
21/07/2024,Crema batida,435.0,116,Texas
23/06/2024,Helado,585.0,390,Nueva York
16/01/2024,Leche entera,1624.0,464,Texas
12/04/2024,Yogur griego,511.5,341,Texas
01/08/2024,Leche evaporada,625.6,272,California
08/01/2024,Leche evaporada,545.1,237,Texas
17/10/2024,Mantequilla clarificada (ghee),4071.0,708,Florida
30/08/2024,Queso edam,4455.5,938,Texas
06/09/2024,Crema de leche,1347.75,225,Nueva York
23/11/2024,Leche entera,459.75,613,Texas
09/02/2024,Leche en polvo,261.0,87,Florida
21/09/2024,Mantequilla con sal,3804.0,951,California
17/10/2024,Cuajada,398.2,181,Florida
17/02/2024,Leche deslactosada,681.2,524,Florida
17/02/2024,Crema batida,3468.75,925,Texas
11/02/2024,Yogur con frutas,152.4,127,California
29/08/2024,Queso camembert,3240.0,540,Massachusetts
01/04/2024,Leche entera,891.25,713,Florida
15/06/2024,Crema batida,446.25,119,Nueva York
28/07/2024,Bebidas lácteas,410.4,342,California
23/01/2024,Leche condensada,1335.0,534,Florida
17/11/2024,Queso mozzarella,3487.5,930,Nueva York
13/03/2024,Queso azul roquefort,5781.25,925,Florida
11/10/2024,Crema batida,3172.5,846,California
13/08/2024,Queso havarti,3816.75,727,Florida
05/04/2024,Leche descremada,591.5,910,Texas
10/06/2024,Crema agria,1765.0,706,Massachusetts
12/01/2024,Leche saborizada,814.0,814,Massachusetts
07/01/2024,Yogur griego,565.5,377,California
14/10/2024,Crema de leche,5049.57,843,Texas
04/03/2024,Queso camembert,2880.0,480,Florida
27/08/2024,Leche condensada,1972.5,789,Texas
17/12/2024,Crema batida,1432.5,382,Nueva York
05/12/2024,Leche en polvo,2235.0,745,Texas
24/10/2024,Dulce de leche,1428.0,476,Massachusetts
06/03/2024,Leche condensada,307.5,123,Florida
01/12/2024,Leche en polvo,885.0,295,Florida
04/01/2024,Queso edam,185.25,39,California
24/07/2024,Suero de leche,1076.0,538,Nueva York
03/06/2024,Queso en lonchas,254.6,67,Texas
13/02/2024,Yogur con frutas,349.2,291,Massachusetts
24/03/2024,Leche condensada,1567.5,627,California
30/09/2024,Cuajada,1313.4,597,California
03/07/2024,Leche semidescremada,518.4,432,Nueva York
27/04/2024,Mantequilla clarificada (ghee),3513.25,611,Florida
15/08/2024,Queso para untar,979.2,306,Massachusetts
07/02/2024,Leche condensada,125.0,50,Nueva York
11/05/2024,Cuajada,248.6,113,California
10/03/2024,Yogur griego,519.0,346,Massachusetts
11/05/2024,Queso gruyere,2788.5,507,Massachusetts
29/01/2024,Yogur griego,558.0,372,Florida
29/02/2024,Helado,3387.25,797,Nueva York
15/01/2024,Yogur con frutas,796.8,664,Nueva York
20/10/2024,Leche semidescremada,107.1,153,California
11/12/2024,Bebidas lácteas,1058.0,529,California
26/09/2024,Queso en lonchas,3024.8,796,Florida
04/05/2024,Queso havarti,4945.5,942,Florida
25/07/2024,Cuajada,1445.4,657,Florida
24/01/2024,Queso azul gorgonzola,2364.0,394,Nueva York
17/04/2024,Leche condensada,1752.5,701,Massachusetts
17/02/2024,Queso parmesano,436.8,91,California
09/05/2024,Crema de leche,4869.87,813,Nueva York
02/03/2024,Yogur natural,1844.5,527,Florida
21/06/2024,Kumis,1510.0,604,Texas
01/08/2024,Queso gouda,126.0,28,Florida
09/02/2024,Leche semidescremada,483.0,690,Florida
11/05/2024,Mantequilla clarificada (ghee),4283.75,745,Massachusetts
24/06/2024,Crema de leche,3330.44,556,Texas
29/01/2024,Mantequilla clarificada (ghee),4956.5,862,Nueva York
09/03/2024,Queso edam,2517.5,530,Florida
20/03/2024,Crema batida,1425.0,380,Massachusetts
30/07/2024,Leche en polvo,933.0,311,Texas
01/09/2024,Queso azul roquefort,1050.0,168,Texas
27/08/2024,Yogur con frutas,892.8,744,California
07/12/2024,Leche descremada,165.6,144,Texas
08/08/2024,Helado,390.0,260,California
01/06/2024,Yogur natural,732.0,732,California
24/03/2024,Crema de leche,2455.9,410,Florida
15/10/2024,Suero de leche,1666.0,833,Massachusetts
14/04/2024,Dulce de leche,2937.0,979,Florida
22/05/2024,Crema agria,2295.0,918,Texas
29/08/2024,Leche en polvo,2307.0,769,Massachusetts
08/07/2024,Mantequilla sin sal,1457.4,347,Florida
01/05/2024,Queso crema,397.6,142,California
13/11/2024,Yogur con frutas,733.2,611,Nueva York
14/10/2024,Leche evaporada,225.4,98,Nueva York
13/05/2024,Kumis,1312.5,525,Florida
22/05/2024,Leche entera,411.75,549,California
01/10/2024,Kumis,2372.5,949,Florida
04/12/2024,Mantequilla clarificada (ghee),4519.5,786,Florida
25/01/2024,Queso azul roquefort,350.0,56,Massachusetts
19/08/2024,Queso en lonchas,877.8,231,Nueva York
08/01/2024,Leche semidescremada,441.6,368,Texas
16/07/2024,Kumis,2245.0,898,California
17/12/2024,Crema batida,2658.75,709,California
09/08/2024,Queso edam,2080.5,438,California
22/10/2024,Queso parmesano,4137.6,862,Texas
08/09/2024,Suero de leche,1720.0,860,California
22/08/2024,Crema batida,3273.75,873,Texas
10/01/2024,Mantequilla con sal,2460.0,615,Nueva York
07/08/2024,Yogur con frutas,408.0,340,Florida
05/10/2024,Leche descremada,170.2,148,Massachusetts
30/10/2024,Mantequilla clarificada (ghee),3559.25,619,Massachusetts
11/08/2024,Dulce de leche,1203.0,401,California
24/10/2024,Leche descremada,550.55,847,Massachusetts
05/05/2024,Mantequilla con sal,904.0,226,California
18/11/2024,Cuajada,1876.6,853,Texas
12/11/2024,Bebidas lácteas,963.6,803,Massachusetts
27/01/2024,Yogur griego,1324.5,883,Nueva York
17/09/2024,Leche condensada,270.0,108,Nueva York
26/08/2024,Leche semidescremada,676.9,967,Nueva York
27/08/2024,Queso camembert,3288.0,548,Texas
23/06/2024,Queso crema,333.2,119,Texas
25/05/2024,Leche evaporada,2270.1,987,Florida
15/08/2024,Kumis,2360.0,944,California
18/05/2024,Kumis,2140.0,856,Nueva York
14/03/2024,Queso edam,2056.75,433,Texas
15/02/2024,Queso camembert,5052.0,842,Massachusetts
20/07/2024,Yogur griego,466.5,311,Florida
05/12/2024,Queso en lonchas,3264.2,859,Texas
24/06/2024,Cuajada,1991.0,905,Massachusetts
17/10/2024,Yogur con frutas,1040.4,867,Florida
15/06/2024,Crema de leche,4935.76,824,Florida
23/04/2024,Queso camembert,2562.0,427,Texas
12/11/2024,Bebidas lácteas,1194.0,995,Florida
11/08/2024,Mantequilla sin sal,3528.0,840,Massachusetts
26/10/2024,Queso en lonchas,1542.8,406,Texas
24/01/2024,Leche en polvo,1501.5,273,Texas
29/01/2024,Kumis,1187.5,475,California
05/11/2024,Queso edam,1553.25,327,Florida
15/08/2024,Queso azul roquefort,2731.25,437,California
27/01/2024,Queso crema,1296.4,463,Nueva York
05/12/2024,Suero de leche,1824.0,912,Texas
31/07/2024,Helado,33.0,22,Texas
26/12/2024,Crema agria,865.0,346,Massachusetts
13/01/2024,Yogur griego,163.5,109,California
17/08/2024,Mantequilla sin sal,2688.0,640,Texas
23/08/2024,Queso brie,2934.0,489,Texas
22/08/2024,Helado,561.0,374,Florida
25/08/2024,Crema batida,750.0,200,Florida
16/02/2024,Queso havarti,1942.5,370,Texas
13/11/2024,Kumis,342.5,137,Massachusetts
14/05/2024,Yogur griego,837.0,558,Florida
25/01/2024,Leche deslactosada,293.8,226,Massachusetts
04/11/2024,Crema de leche,5163.38,862,Texas
22/04/2024,Crema batida,768.75,205,Nueva York
03/04/2024,Mantequilla sin sal,2091.6,498,Massachusetts
23/07/2024,Queso azul roquefort,3356.25,537,California
10/04/2024,Leche saborizada,645.0,645,Texas
12/01/2024,Crema batida,48.75,13,Texas
05/09/2024,Kumis,1562.5,625,California
18/11/2024,Queso ricota,1704.0,426,California
22/01/2024,Yogur griego,1167.0,778,Florida
07/02/2024,Leche deslactosada,1181.7,909,Massachusetts
23/05/2024,Queso ricota,1060.0,265,California
18/05/2024,Mantequilla clarificada (ghee),2455.25,427,Nueva York
03/04/2024,Mantequilla clarificada (ghee),3467.25,603,California
17/04/2024,Leche entera,197.25,263,Nueva York
01/04/2024,Leche evaporada,188.6,82,Massachusetts
23/08/2024,Mantequilla con sal,1632.0,408,California
02/06/2024,Mantequilla con sal,180.0,45,Nueva York
11/10/2024,Mantequilla clarificada (ghee),4335.5,754,Massachusetts
06/01/2024,Yogur natural,1872.5,535,Nueva York
01/01/2024,Leche en polvo,1410.0,470,Florida
12/10/2024,Leche evaporada,1000.5,435,California
27/09/2024,Mantequilla con sal,176.0,44,Texas
30/06/2024,Mantequilla clarificada (ghee),276.0,48,California
23/12/2024,Queso gruyere,4774.0,868,California
08/12/2024,Suero de leche,992.0,496,California
02/07/2024,Yogur natural,2572.5,735,California
02/05/2024,Mantequilla con sal,2676.0,669,Massachusetts
06/10/2024,Yogur con frutas,577.2,481,Texas
29/10/2024,Yogur griego,1471.5,981,Nueva York
12/04/2024,Cuajada,1394.8,634,California
24/07/2024,Dulce de leche,2025.0,675,California
09/03/2024,Helado,1092.25,257,California
29/03/2024,Kumis,2000.0,800,California
10/12/2024,Helado,1156.0,272,California
16/10/2024,Crema batida,918.75,245,Florida
01/10/2024,Crema batida,2096.25,559,Massachusetts
26/12/2024,Leche descremada,438.15,381,Florida
05/10/2024,Yogur natural,107.0,107,Florida
22/08/2024,Mantequilla sin sal,4040.4,962,Nueva York
29/01/2024,Dulce de leche,840.0,280,Florida
01/01/2024,Queso crema,2086.0,745,Texas
20/06/2024,Mantequilla clarificada (ghee),3197.0,556,Massachusetts
24/02/2024,Leche semidescremada,741.6,618,Nueva York
25/02/2024,Queso crema,386.4,138,Florida
05/06/2024,Queso havarti,3181.5,606,Nueva York
26/06/2024,Queso ricota,532.0,133,California
21/02/2024,Queso parmesano,412.8,86,Massachusetts
25/06/2024,Leche entera,621.25,497,Texas
01/03/2024,Leche semidescremada,343.2,286,Nueva York
10/09/2024,Yogur natural,1449.0,414,Massachusetts
11/03/2024,Dulce de leche,2508.0,836,Nueva York
09/07/2024,Kumis,2362.5,945,Florida
18/01/2024,Leche deslactosada,287.3,221,Massachusetts
25/03/2024,Crema de leche,227.62,38,Florida
29/02/2024,Suero de leche,420.0,210,Texas
22/06/2024,Queso gruyere,627.0,114,Texas
19/02/2024,Crema batida,3176.25,847,California
15/07/2024,Queso havarti,2698.5,514,Nueva York
17/10/2024,Queso mozzarella,1293.75,345,California
05/03/2024,Dulce de leche,1788.0,596,Texas
31/01/2024,Mantequilla con sal,2248.0,562,California
10/10/2024,Mantequilla con sal,3440.0,860,Nueva York
15/04/2024,Dulce de leche,408.0,136,Texas
15/09/2024,Mantequilla con sal,3628.0,907,Nueva York
15/09/2024,Dulce de leche,2961.0,987,California
09/01/2024,Mantequilla sin sal,1915.2,456,Massachusetts
15/10/2024,Mantequilla con sal,2956.0,739,Massachusetts
15/07/2024,Leche condensada,1152.5,461,Massachusetts
08/01/2024,Queso gouda,3991.5,887,Massachusetts
15/04/2024,Yogur natural,2282.0,652,Florida
07/12/2024,Bebidas lácteas,886.0,443,Massachusetts
12/05/2024,Yogur con frutas,69.6,58,Nueva York
12/10/2024,Mantequilla clarificada (ghee),684.25,119,California
11/01/2024,Queso parmesano,3134.4,653,Florida
07/05/2024,Dulce de leche,573.0,191,Nueva York
27/03/2024,Mantequilla con sal,3512.0,878,California
25/01/2024,Crema batida,2640.0,704,Florida
23/08/2024,Queso para untar,3011.2,941,Florida
21/03/2024,Yogur natural,1855.0,530,Florida
01/05/2024,Yogur griego,1438.5,959,Texas
30/08/2024,Queso brie,2772.0,462,California
06/09/2024,Mantequilla sin sal,327.6,78,Texas
28/01/2024,Yogur con frutas,706.8,589,Florida
18/09/2024,Leche evaporada,485.3,211,Texas
09/07/2024,Crema batida,513.75,137,California
04/02/2024,Leche entera,568.75,455,Massachusetts
20/10/2024,Yogur natural,3104.5,887,Texas
03/01/2024,Leche semidescremada,558.6,798,Massachusetts
25/03/2024,Yogur griego,57.0,38,Nueva York
26/03/2024,Dulce de leche,897.0,299,Nueva York
16/04/2024,Yogur natural,2681.0,766,Florida
10/11/2024,Leche deslactosada,409.5,315,California
04/09/2024,Mantequilla clarificada (ghee),494.5,86,Texas
25/03/2024,Queso crema,364.0,130,Massachusetts
28/11/2024,Queso ricota,3892.0,973,Massachusetts
28/02/2024,Mantequilla sin sal,2595.6,618,California
26/02/2024,Cuajada,1570.8,714,California
11/02/2024,Leche entera,1217.5,974,Massachusetts
03/11/2024,Bebidas lácteas,1822.0,911,Nueva York
05/10/2024,Mantequilla con sal,780.0,195,Florida
11/11/2024,Yogur griego,40.5,27,Texas
12/06/2024,Cuajada,602.8,274,Texas
24/04/2024,Mantequilla clarificada (ghee),3110.75,541,California
06/12/2024,Kumis,1820.0,728,Nueva York
30/09/2024,Dulce de leche,2859.0,953,Massachusetts
17/10/2024,Queso parmesano,1104.0,230,Massachusetts
02/05/2024,Yogur natural,3374.0,964,California
09/09/2024,Leche deslactosada,216.75,255,Nueva York
09/03/2024,Yogur griego,1179.0,786,California
12/12/2024,Crema de leche,221.63,37,Nueva York
31/05/2024,Crema de leche,575.04,96,Massachusetts
10/09/2024,Leche evaporada,2219.5,965,Nueva York
23/03/2024,Queso gouda,2367.0,526,Florida
14/02/2024,Queso gruyere,2277.0,414,Texas
12/10/2024,Queso gouda,1278.0,284,Nueva York
22/12/2024,Suero de leche,1662.0,831,Texas
09/11/2024,Leche en polvo,1776.5,323,California
17/12/2024,Crema de leche,4768.04,796,California
29/12/2024,Mantequilla sin sal,835.8,199,Nueva York
06/02/2024,Crema agria,2412.5,965,Massachusetts
04/10/2024,Crema de leche,4121.12,688,California
24/05/2024,Leche saborizada,225.0,150,Texas
02/03/2024,Leche saborizada,399.0,266,Massachusetts
30/05/2024,Bebidas lácteas,679.2,566,Massachusetts
21/07/2024,Yogur natural,2271.5,649,Nueva York
05/02/2024,Helado,2694.5,634,Texas
10/10/2024,Yogur con frutas,538.8,449,Massachusetts
29/06/2024,Yogur natural,2460.5,703,Florida
29/07/2024,Queso azul gorgonzola,4980.0,830,Texas
28/06/2024,Dulce de leche,1779.0,593,Florida
11/07/2024,Crema batida,3528.75,941,Florida
06/04/2024,Leche condensada,920.0,368,Massachusetts
11/11/2024,Yogur con frutas,250.8,209,Massachusetts
08/06/2024,Yogur natural,1018.5,291,Massachusetts
22/03/2024,Leche descremada,507.0,780,Florida
26/04/2024,Crema de leche,3546.08,592,California
22/02/2024,Helado,2244.0,528,Florida
09/02/2024,Mantequilla sin sal,936.6,223,Nueva York
05/06/2024,Mantequilla clarificada (ghee),3329.25,579,Nueva York
18/02/2024,Mantequilla sin sal,2364.6,563,California
04/02/2024,Queso azul roquefort,3443.75,551,Nueva York
05/01/2024,Leche condensada,1010.0,404,Florida
04/10/2024,Queso camembert,2526.0,421,California
12/09/2024,Mantequilla clarificada (ghee),649.75,113,California
19/09/2024,Helado,3608.25,849,Texas
04/06/2024,Crema de leche,4941.75,825,Massachusetts
01/09/2024,Crema agria,1392.5,557,Florida
08/06/2024,Yogur con frutas,1080.0,900,Massachusetts
30/12/2024,Bebidas lácteas,304.8,254,Texas
22/04/2024,Mantequilla sin sal,159.6,38,Florida
10/09/2024,Crema batida,2805.0,748,California
19/01/2024,Crema de leche,3929.44,656,Florida
28/02/2024,Leche descremada,173.55,267,Massachusetts
14/04/2024,Leche deslactosada,285.6,336,Nueva York
07/04/2024,Mantequilla con sal,3640.0,910,California
17/03/2024,Queso en lonchas,604.2,159,California
28/06/2024,Queso ricota,2292.0,573,California
28/11/2024,Mantequilla clarificada (ghee),655.5,114,Massachusetts
12/01/2024,Queso crema,736.4,263,California
19/04/2024,Mantequilla con sal,1068.0,267,Massachusetts
06/07/2024,Yogur griego,549.0,366,Massachusetts
25/09/2024,Queso crema,2441.6,872,Massachusetts
11/11/2024,Yogur con frutas,310.8,259,Nueva York
19/07/2024,Leche en polvo,2640.0,480,Massachusetts
28/09/2024,Leche en polvo,2415.0,805,Texas
08/10/2024,Queso parmesano,3960.0,825,Florida
01/09/2024,Mantequilla clarificada (ghee),805.0,140,Nueva York
12/07/2024,Yogur griego,882.0,588,Texas
29/12/2024,Queso para untar,2246.4,702,California
05/07/2024,Crema agria,87.5,35,Florida
07/09/2024,Mantequilla sin sal,2545.2,606,California
26/10/2024,Leche descremada,167.9,146,Nueva York
28/08/2024,Leche condensada,1557.5,623,Florida
16/08/2024,Yogur natural,453.0,453,Nueva York
11/01/2024,Mantequilla clarificada (ghee),759.0,132,Nueva York
27/01/2024,Yogur natural,458.5,131,Florida
09/05/2024,Queso crema,560.0,200,Nueva York
15/03/2024,Dulce de leche,615.0,205,California
06/04/2024,Suero de leche,1782.0,891,Texas
05/05/2024,Mantequilla sin sal,3696.0,880,Massachusetts
24/07/2024,Suero de leche,214.0,107,Nueva York
24/05/2024,Queso gruyere,319.0,58,California
29/07/2024,Crema batida,671.25,179,Massachusetts
03/01/2024,Queso gruyere,2673.0,486,Nueva York
12/12/2024,Crema batida,1646.25,439,Massachusetts
02/04/2024,Yogur con frutas,1036.8,864,Massachusetts
30/06/2024,Leche saborizada,397.0,397,Florida
12/06/2024,Queso azul gorgonzola,4992.0,832,Florida
16/12/2024,Cuajada,1680.8,764,Nueva York
03/10/2024,Leche en polvo,993.0,331,California
10/12/2024,Kumis,2200.0,880,California
28/02/2024,Crema de leche,1263.89,211,California
03/11/2024,Queso ricota,3840.0,960,Massachusetts
22/04/2024,Yogur natural,284.0,284,Nueva York
12/06/2024,Crema batida,637.5,170,Texas
10/06/2024,Leche saborizada,510.0,340,Massachusetts
31/03/2024,Mantequilla con sal,3928.0,982,California
24/11/2024,Helado,2885.75,679,Florida
04/04/2024,Queso ricota,3600.0,900,Florida
03/01/2024,Crema batida,1972.5,526,Massachusetts
01/04/2024,Queso crema,2254.0,805,Florida
11/05/2024,Crema batida,562.5,150,Florida
14/12/2024,Queso edam,3633.75,765,Massachusetts
20/07/2024,Kumis,72.5,29,California
08/12/2024,Crema de leche,4678.19,781,California
24/09/2024,Crema de leche,5007.64,836,Texas
05/04/2024,Leche saborizada,315.0,315,Massachusetts
08/09/2024,Mantequilla clarificada (ghee),1546.75,269,Massachusetts
23/02/2024,Mantequilla clarificada (ghee),856.75,149,California
03/09/2024,Bebidas lácteas,984.0,492,California
21/09/2024,Mantequilla sin sal,3074.4,732,California
27/03/2024,Dulce de leche,1407.0,469,California
29/11/2024,Crema de leche,790.68,132,California
02/05/2024,Kumis,2367.5,947,Texas
14/05/2024,Queso edam,2683.75,565,California
06/02/2024,Mantequilla con sal,380.0,95,California
14/02/2024,Mantequilla sin sal,2738.4,652,California
14/02/2024,Crema agria,485.0,194,California
08/08/2024,Crema agria,2057.5,823,Texas
15/08/2024,Mantequilla sin sal,2041.2,486,Florida
22/06/2024,Mantequilla con sal,880.0,220,Nueva York
11/01/2024,Leche deslactosada,289.9,223,Florida
10/05/2024,Mantequilla sin sal,2612.4,622,Florida
11/07/2024,Kumis,1032.5,413,California
25/06/2024,Yogur griego,1393.5,929,Massachusetts
27/03/2024,Crema de leche,4684.18,782,Texas
31/07/2024,Queso camembert,5400.0,900,Massachusetts
01/02/2024,Kumis,197.5,79,Massachusetts
28/10/2024,Yogur natural,3342.5,955,Nueva York
27/07/2024,Queso azul roquefort,3525.0,564,Texas
07/10/2024,Mantequilla clarificada (ghee),3047.5,530,Florida
19/03/2024,Leche evaporada,273.7,119,Florida
21/10/2024,Leche condensada,2415.0,966,California
25/02/2024,Queso azul roquefort,4587.5,734,California
09/02/2024,Bebidas lácteas,108.0,54,Massachusetts
25/06/2024,Mantequilla clarificada (ghee),4088.25,711,Florida
01/05/2024,Crema de leche,3228.61,539,Florida
17/11/2024,Helado,59.5,14,Massachusetts
30/03/2024,Leche condensada,2087.5,835,Massachusetts
22/09/2024,Queso blanco,1220.0,244,Nueva York
25/04/2024,Crema batida,1717.5,458,Florida
28/03/2024,Leche descremada,876.3,762,Texas
16/06/2024,Leche descremada,477.75,735,Florida
30/12/2024,Dulce de leche,975.0,325,Florida
07/07/2024,Cuajada,1496.0,680,Texas
16/10/2024,Mantequilla con sal,2428.0,607,Texas
19/12/2024,Leche en polvo,924.0,308,California
30/01/2024,Queso ricota,1836.0,459,California
27/02/2024,Crema agria,815.0,326,Florida
01/06/2024,Yogur natural,55.0,55,California
19/02/2024,Suero de leche,242.0,121,California
15/11/2024,Yogur griego,243.0,162,Texas
05/03/2024,Yogur griego,1435.5,957,Florida
07/11/2024,Yogur con frutas,198.0,165,Massachusetts
22/01/2024,Leche condensada,2032.5,813,Texas
25/01/2024,Leche en polvo,3316.5,603,Texas
30/07/2024,Kumis,2452.5,981,Massachusetts
27/02/2024,Queso brie,3174.0,529,Massachusetts
10/12/2024,Mantequilla con sal,56.0,14,Massachusetts
26/04/2024,Suero de leche,1180.0,590,Texas
24/02/2024,Cuajada,1405.8,639,Nueva York
09/01/2024,Crema batida,2692.5,718,Nueva York
26/02/2024,Leche evaporada,2272.4,988,California
09/07/2024,Helado,1248.0,832,California
31/03/2024,Mantequilla sin sal,46.2,11,Nueva York
09/06/2024,Yogur con frutas,127.2,106,California
07/01/2024,Yogur con frutas,32.4,27,Florida
20/05/2024,Leche en polvo,963.0,321,Nueva York
31/07/2024,Leche semidescremada,814.8,679,Texas
12/03/2024,Queso en lonchas,718.2,189,Nueva York
06/09/2024,Crema de leche,2288.18,382,Florida
02/09/2024,Kumis,1845.0,738,Texas
03/10/2024,Mantequilla con sal,1468.0,367,Nueva York
27/11/2024,Leche descremada,178.25,155,California
25/04/2024,Queso crema,2545.2,909,Texas
25/08/2024,Dulce de leche,834.0,278,Nueva York
22/10/2024,Queso havarti,1774.5,338,Nueva York
19/06/2024,Queso havarti,3990.0,760,Texas
05/08/2024,Queso azul roquefort,350.0,56,Florida
09/10/2024,Mantequilla sin sal,1058.4,252,California
01/06/2024,Suero de leche,1734.0,867,Texas
25/06/2024,Queso edam,1985.5,418,Texas
24/08/2024,Leche entera,591.0,788,California
25/05/2024,Queso crema,120.4,43,California
18/05/2024,Leche en polvo,1113.0,371,California
08/06/2024,Suero de leche,220.0,110,Massachusetts
15/05/2024,Kumis,210.0,84,Massachusetts
11/10/2024,Yogur griego,406.5,271,California
12/08/2024,Queso crema,851.2,304,Texas
10/05/2024,Mantequilla con sal,508.0,127,California
12/01/2024,Leche descremada,738.3,642,Massachusetts
18/05/2024,Leche evaporada,496.8,216,Florida
06/10/2024,Mantequilla con sal,836.0,209,Florida
20/07/2024,Yogur natural,385.0,385,California
01/10/2024,Yogur natural,451.5,129,Massachusetts
21/02/2024,Crema de leche,4600.32,768,Florida
03/07/2024,Cuajada,1130.8,514,Texas
24/10/2024,Queso brie,2148.0,358,Florida
04/09/2024,Crema de leche,1904.82,318,Massachusetts
21/05/2024,Yogur griego,108.0,72,Nueva York
27/07/2024,Mantequilla con sal,660.0,165,Florida
22/06/2024,Dulce de leche,1632.0,544,Massachusetts
26/01/2024,Queso en lonchas,342.0,90,Florida
29/08/2024,Cuajada,851.4,387,Florida
17/06/2024,Mantequilla clarificada (ghee),4554.0,792,Nueva York
25/08/2024,Mantequilla con sal,3940.0,985,Florida
01/09/2024,Yogur griego,919.5,613,Nueva York
16/11/2024,Leche en polvo,588.0,196,Nueva York
25/01/2024,Cuajada,2180.2,991,Nueva York
24/04/2024,Yogur griego,597.0,398,Nueva York
23/07/2024,Yogur con frutas,99.6,83,Florida
09/11/2024,Leche en polvo,1248.5,227,Florida
30/10/2024,Queso cheddar añejo,4100.0,820,Texas
05/01/2024,Leche descremada,235.75,205,Nueva York
19/08/2024,Mantequilla clarificada (ghee),299.0,52,Florida
22/10/2024,Leche descremada,370.3,322,Florida
06/06/2024,Kumis,1415.0,566,Texas
14/02/2024,Mantequilla clarificada (ghee),2472.5,430,Texas
17/01/2024,Crema agria,737.5,295,Texas
23/12/2024,Mantequilla clarificada (ghee),2369.0,412,Texas
10/06/2024,Mantequilla clarificada (ghee),2070.0,360,California
09/12/2024,Queso gouda,751.5,167,Texas
11/07/2024,Queso camembert,3294.0,549,Nueva York
25/08/2024,Leche en polvo,2778.0,926,Massachusetts
23/04/2024,Yogur griego,169.5,113,Texas
04/01/2024,Mantequilla sin sal,3889.2,926,Florida
22/03/2024,Mantequilla sin sal,226.8,54,Massachusetts
29/08/2024,Yogur griego,438.0,292,California
26/04/2024,Dulce de leche,2217.0,739,Nueva York
24/09/2024,Yogur griego,49.5,33,Nueva York
02/07/2024,Helado,184.5,123,Nueva York
16/08/2024,Mantequilla con sal,3132.0,783,California
21/08/2024,Queso gruyere,4944.5,899,Massachusetts
07/04/2024,Yogur natural,665.0,665,Nueva York
21/03/2024,Dulce de leche,2721.0,907,California
16/11/2024,Mantequilla sin sal,2142.0,510,Texas
15/01/2024,Queso camembert,3006.0,501,Texas
21/08/2024,Queso azul roquefort,3968.75,635,Massachusetts
02/07/2024,Kumis,675.0,270,Florida
26/04/2024,Leche entera,2471.0,706,Nueva York
12/07/2024,Queso parmesano,2476.8,516,Florida
28/01/2024,Mantequilla clarificada (ghee),2052.75,357,Nueva York
28/06/2024,Mantequilla sin sal,2104.2,501,Nueva York
17/08/2024,Mantequilla clarificada (ghee),4301.0,748,Nueva York
11/04/2024,Leche saborizada,1021.5,681,Nueva York
21/11/2024,Bebidas lácteas,270.0,225,Texas
18/11/2024,Yogur griego,564.0,376,Massachusetts
07/08/2024,Crema batida,131.25,35,California
06/10/2024,Crema batida,975.0,260,Florida
30/05/2024,Kumis,667.5,267,Florida
28/03/2024,Yogur griego,696.0,464,Nueva York
08/05/2024,Suero de leche,152.0,76,Massachusetts
31/08/2024,Yogur griego,663.0,442,Massachusetts
16/12/2024,Leche saborizada,645.0,430,Nueva York
07/08/2024,Cuajada,990.0,450,Florida
14/07/2024,Queso blanco,260.0,52,Texas
18/09/2024,Kumis,827.5,331,Texas
10/11/2024,Crema agria,1010.0,404,California
29/07/2024,Leche entera,360.0,288,Massachusetts
20/10/2024,Crema batida,3720.0,992,California
09/03/2024,Crema agria,1177.5,471,Nueva York
14/11/2024,Mantequilla sin sal,2028.6,483,California
13/03/2024,Mantequilla clarificada (ghee),4295.25,747,Massachusetts
13/10/2024,Yogur con frutas,518.4,432,Texas
19/10/2024,Leche semidescremada,616.0,880,California
26/02/2024,Crema de leche,3935.43,657,Massachusetts
22/11/2024,Mantequilla sin sal,4078.2,971,Texas
17/02/2024,Crema de leche,5432.93,907,Florida
11/07/2024,Helado,97.75,23,Texas
23/10/2024,Mantequilla con sal,1824.0,456,Nueva York
19/06/2024,Yogur con frutas,792.0,660,Nueva York
24/09/2024,Queso camembert,5010.0,835,Massachusetts
18/05/2024,Leche evaporada,1368.5,595,Florida
03/12/2024,Queso gruyere,605.0,110,California
16/02/2024,Dulce de leche,2949.0,983,Nueva York
05/10/2024,Queso en lonchas,2409.2,634,Florida
15/10/2024,Suero de leche,1260.0,630,California
02/04/2024,Queso azul roquefort,2956.25,473,Florida
24/11/2024,Queso blanco,2865.0,573,Florida
24/02/2024,Helado,1068.0,712,Florida
02/07/2024,Crema agria,2330.0,932,California
06/08/2024,Yogur griego,822.0,548,Florida
23/10/2024,Mantequilla clarificada (ghee),5617.75,977,Massachusetts
17/12/2024,Dulce de leche,246.0,82,Texas
23/12/2024,Yogur griego,1311.0,874,Texas
12/04/2024,Cuajada,1735.8,789,California
02/11/2024,Queso camembert,5544.0,924,Nueva York
06/11/2024,Helado,3072.75,723,Massachusetts
26/03/2024,Crema de leche,5367.04,896,Massachusetts
17/09/2024,Helado,1110.0,740,Florida
30/07/2024,Mantequilla clarificada (ghee),3381.0,588,Texas
02/01/2024,Yogur natural,899.0,899,California
07/09/2024,Suero de leche,616.0,308,Massachusetts
20/12/2024,Dulce de leche,666.0,222,Texas
08/02/2024,Queso havarti,5118.75,975,Texas
07/02/2024,Leche descremada,44.2,68,Nueva York
19/01/2024,Crema de leche,3785.68,632,California
12/01/2024,Suero de leche,1454.0,727,Nueva York
08/04/2024,Yogur con frutas,276.0,230,Texas
04/10/2024,Queso azul gorgonzola,2916.0,486,Massachusetts
19/12/2024,Queso ricota,3200.0,800,California
21/10/2024,Leche condensada,2430.0,972,Texas
05/06/2024,Crema batida,3588.75,957,Florida
25/03/2024,Crema de leche,2258.23,377,Florida
22/11/2024,Leche semidescremada,64.8,54,Florida
20/05/2024,Yogur griego,750.0,500,California
30/08/2024,Dulce de leche,1689.0,563,Florida
06/02/2024,Leche entera,822.5,235,California
25/01/2024,Mantequilla con sal,2800.0,700,California
17/07/2024,Crema agria,1030.0,412,California
19/12/2024,Mantequilla con sal,2680.0,670,Texas
01/01/2024,Queso para untar,1372.8,429,California
18/12/2024,Queso mozzarella,363.75,97,Massachusetts
03/04/2024,Leche evaporada,1925.1,837,California
15/06/2024,Suero de leche,1884.0,942,Florida
12/04/2024,Queso gruyere,940.5,171,Florida
18/12/2024,Queso en lonchas,585.2,154,Texas
12/05/2024,Mantequilla sin sal,1432.2,341,Nueva York
04/10/2024,Mantequilla clarificada (ghee),3243.0,564,Massachusetts
09/09/2024,Crema de leche,4702.15,785,Massachusetts
05/09/2024,Mantequilla sin sal,3994.2,951,Texas
04/03/2024,Kumis,190.0,76,Florida
11/03/2024,Queso parmesano,801.6,167,Texas
25/08/2024,Leche deslactosada,406.3,478,Florida
06/11/2024,Mantequilla sin sal,1260.0,300,Nueva York
17/03/2024,Yogur natural,508.0,508,Nueva York
22/11/2024,Mantequilla clarificada (ghee),4444.75,773,California
14/12/2024,Queso crema,1456.0,520,California
16/12/2024,Queso para untar,912.0,285,Massachusetts
04/07/2024,Cuajada,1887.6,858,Nueva York
18/10/2024,Queso brie,114.0,19,Massachusetts
11/11/2024,Leche saborizada,360.0,240,Texas
14/04/2024,Yogur griego,808.5,539,Massachusetts
03/02/2024,Queso para untar,1065.6,333,Massachusetts
01/03/2024,Kumis,2117.5,847,California
28/09/2024,Leche deslactosada,224.9,173,Nueva York
01/05/2024,Queso blanco,3000.0,600,California
02/04/2024,Crema de leche,1515.47,253,Nueva York
20/12/2024,Queso cheddar añejo,1300.0,260,Massachusetts
26/10/2024,Suero de leche,780.0,390,Nueva York
09/03/2024,Mantequilla clarificada (ghee),3099.25,539,Texas
03/05/2024,Crema agria,2055.0,822,Nueva York
28/11/2024,Crema batida,2238.75,597,Nueva York
19/08/2024,Leche saborizada,187.5,125,Massachusetts
29/08/2024,Cuajada,1940.4,882,Nueva York
24/11/2024,Crema de leche,2264.22,378,Nueva York
11/10/2024,Helado,1066.5,711,California
20/02/2024,Queso gruyere,3784.0,688,Texas
08/03/2024,Crema agria,902.5,361,Florida
28/08/2024,Leche condensada,1087.5,435,Nueva York
10/05/2024,Crema de leche,3677.86,614,California
13/05/2024,Mantequilla con sal,1592.0,398,Texas
21/11/2024,Yogur natural,749.0,214,California
01/09/2024,Suero de leche,222.0,111,Florida
30/05/2024,Queso blanco,1155.0,231,Florida
03/05/2024,Leche en polvo,309.0,103,Nueva York
02/08/2024,Leche deslactosada,582.4,448,California
21/03/2024,Cuajada,1320.0,600,California
09/12/2024,Leche evaporada,1242.0,540,Florida
10/08/2024,Queso ricota,2396.0,599,Massachusetts
21/12/2024,Cuajada,28.6,13,Texas
05/09/2024,Mantequilla clarificada (ghee),5686.75,989,California
28/04/2024,Mantequilla sin sal,504.0,120,Massachusetts
25/07/2024,Crema batida,3240.0,864,California
14/12/2024,Crema batida,671.25,179,Florida
18/07/2024,Crema batida,2265.0,604,Florida
10/03/2024,Yogur con frutas,938.4,782,Texas
04/07/2024,Mantequilla sin sal,3045.0,725,Florida
08/04/2024,Crema batida,720.0,192,Massachusetts
12/08/2024,Kumis,1667.5,667,Florida
03/05/2024,Yogur con frutas,430.8,359,Florida
12/11/2024,Queso azul roquefort,493.75,79,Nueva York
31/10/2024,Queso blanco,4730.0,946,Florida
05/01/2024,Suero de leche,1528.0,764,Florida
04/05/2024,Mantequilla clarificada (ghee),3933.0,684,Massachusetts
08/03/2024,Crema agria,912.5,365,Massachusetts
14/09/2024,Crema batida,2111.25,563,Nueva York
23/10/2024,Queso en lonchas,2629.6,692,Massachusetts
18/03/2024,Queso mozzarella,1747.5,466,California
31/05/2024,Mantequilla sin sal,1570.8,374,Massachusetts
26/02/2024,Mantequilla sin sal,2301.6,548,Nueva York
03/11/2024,Suero de leche,1066.0,533,California
26/07/2024,Mantequilla sin sal,1003.8,239,California
14/12/2024,Dulce de leche,2634.0,878,Florida
12/10/2024,Crema agria,1240.0,496,Texas
19/11/2024,Yogur con frutas,760.8,634,California
16/11/2024,Yogur natural,301.0,301,Nueva York
08/03/2024,Suero de leche,396.0,198,California
16/04/2024,Queso edam,1653.0,348,California
17/04/2024,Suero de leche,1508.0,754,Nueva York
18/08/2024,Crema de leche,832.61,139,Texas
21/10/2024,Mantequilla con sal,3788.0,947,Texas
15/05/2024,Leche en polvo,1560.0,520,Florida
13/07/2024,Leche descremada,507.15,441,Florida
01/02/2024,Yogur natural,75.0,75,Nueva York
02/07/2024,Queso crema,2105.6,752,California
26/05/2024,Crema de leche,724.79,121,Massachusetts
21/01/2024,Crema agria,900.0,360,Nueva York
07/10/2024,Queso crema,173.6,62,Florida
12/03/2024,Queso gouda,243.0,54,Massachusetts
24/07/2024,Mantequilla con sal,2648.0,662,Florida
19/07/2024,Mantequilla clarificada (ghee),4398.75,765,Massachusetts
07/12/2024,Queso camembert,1296.0,216,California
23/12/2024,Queso crema,182.0,65,California
28/09/2024,Yogur con frutas,66.0,55,Massachusetts
29/12/2024,Leche saborizada,165.0,110,California
02/02/2024,Yogur natural,346.0,346,California
06/08/2024,Leche entera,45.0,36,California
10/06/2024,Queso blanco,445.0,89,Massachusetts
06/09/2024,Yogur con frutas,1197.6,998,Texas
06/12/2024,Yogur natural,900.0,900,Florida
13/04/2024,Kumis,467.5,187,Nueva York
11/06/2024,Cuajada,1652.2,751,Nueva York
13/12/2024,Yogur natural,486.5,139,Massachusetts
09/10/2024,Crema de leche,4366.71,729,Massachusetts
16/02/2024,Queso edam,356.25,75,Texas
24/05/2024,Crema agria,517.5,207,California
03/12/2024,Crema de leche,1814.97,303,Nueva York
07/12/2024,Leche deslactosada,926.9,713,Massachusetts
20/10/2024,Bebidas lácteas,142.0,71,Florida
12/12/2024,Leche descremada,591.5,910,Texas
17/03/2024,Mantequilla sin sal,3985.8,949,California
18/12/2024,Queso crema,1290.8,461,Nueva York
24/09/2024,Queso en lonchas,3005.8,791,California
16/03/2024,Dulce de leche,1359.0,453,Massachusetts
08/05/2024,Bebidas lácteas,1720.0,860,Nueva York
04/11/2024,Yogur griego,186.0,124,Nueva York
24/12/2024,Leche saborizada,542.0,542,Massachusetts
25/05/2024,Cuajada,101.2,46,Florida
02/05/2024,Queso brie,702.0,117,Florida
15/01/2024,Mantequilla clarificada (ghee),2501.25,435,Florida
04/12/2024,Mantequilla sin sal,3057.6,728,Texas
22/07/2024,Bebidas lácteas,146.0,73,Nueva York
11/12/2024,Leche semidescremada,1168.8,974,California
09/04/2024,Yogur griego,757.5,505,Nueva York
14/06/2024,Mantequilla sin sal,4128.6,983,Texas
20/05/2024,Kumis,2312.5,925,Texas
28/09/2024,Dulce de leche,93.0,31,Texas
28/06/2024,Mantequilla sin sal,2079.0,495,Texas
04/02/2024,Leche entera,141.25,113,Massachusetts
11/12/2024,Mantequilla sin sal,4069.8,969,Florida
27/06/2024,Queso brie,1788.0,298,California
09/10/2024,Queso azul gorgonzola,2940.0,490,Massachusetts
04/04/2024,Cuajada,1106.6,503,California
18/06/2024,Queso gruyere,4163.5,757,Florida
22/10/2024,Suero de leche,112.0,56,Massachusetts
18/07/2024,Crema de leche,2384.02,398,Texas
21/07/2024,Queso blanco,3565.0,713,Florida
12/09/2024,Leche deslactosada,20.4,24,Nueva York
12/07/2024,Cuajada,275.0,125,Nueva York
20/12/2024,Leche descremada,543.4,836,Massachusetts
31/05/2024,Yogur con frutas,1118.4,932,Texas
17/11/2024,Crema agria,502.5,201,California
08/05/2024,Crema agria,2410.0,964,Nueva York
27/03/2024,Yogur natural,2166.5,619,Nueva York
04/04/2024,Mantequilla clarificada (ghee),5031.25,875,California
18/04/2024,Mantequilla con sal,2036.0,509,Massachusetts
13/02/2024,Helado,154.5,103,Massachusetts
06/10/2024,Mantequilla con sal,3516.0,879,Texas
02/01/2024,Yogur griego,33.0,22,Massachusetts
12/07/2024,Queso azul gorgonzola,918.0,153,Massachusetts
21/04/2024,Leche en polvo,2326.5,423,Florida
29/11/2024,Yogur griego,546.0,364,Texas
21/06/2024,Queso azul roquefort,5443.75,871,Florida
03/04/2024,Crema agria,670.0,268,Massachusetts
02/01/2024,Suero de leche,430.0,215,Texas
25/05/2024,Leche deslactosada,951.6,732,Massachusetts
16/12/2024,Leche saborizada,88.0,88,Massachusetts
20/10/2024,Leche descremada,254.15,221,Texas
18/05/2024,Crema agria,670.0,268,Nueva York
09/12/2024,Yogur con frutas,1190.4,992,California
01/12/2024,Leche en polvo,354.0,118,Massachusetts
17/05/2024,Leche semidescremada,50.4,42,Massachusetts
03/04/2024,Crema batida,438.75,117,California
14/03/2024,Leche en polvo,2717.0,494,Massachusetts
17/06/2024,Yogur natural,622.0,622,California
08/09/2024,Leche descremada,466.05,717,Nueva York
21/10/2024,Mantequilla clarificada (ghee),3651.25,635,Massachusetts
25/09/2024,Helado,1324.5,883,Florida
27/12/2024,Cuajada,46.2,21,Massachusetts
24/07/2024,Cuajada,202.4,92,Nueva York
23/03/2024,Leche deslactosada,431.6,332,Florida
25/06/2024,Leche deslactosada,772.2,594,Massachusetts
04/01/2024,Mantequilla sin sal,613.2,146,Florida
14/01/2024,Yogur con frutas,201.6,168,California
27/05/2024,Yogur natural,686.0,686,California
18/06/2024,Yogur griego,633.0,422,California
29/07/2024,Dulce de leche,1119.0,373,Nueva York
31/01/2024,Yogur con frutas,790.8,659,California
13/07/2024,Kumis,1522.5,609,Florida
28/04/2024,Queso gouda,1516.5,337,Nueva York
06/01/2024,Crema de leche,4169.04,696,Nueva York
17/01/2024,Helado,4003.5,942,Florida
02/03/2024,Mantequilla con sal,3704.0,926,Florida
04/01/2024,Crema agria,635.0,254,Massachusetts
17/03/2024,Leche entera,675.75,901,Florida
26/08/2024,Leche entera,636.0,848,Massachusetts
13/04/2024,Cuajada,552.2,251,Massachusetts
25/10/2024,Suero de leche,42.0,21,Massachusetts
26/11/2024,Crema agria,1572.5,629,Massachusetts
11/06/2024,Queso en lonchas,893.0,235,Texas
11/08/2024,Mantequilla sin sal,2074.8,494,Texas
17/06/2024,Mantequilla clarificada (ghee),5123.25,891,Massachusetts
23/06/2024,Crema agria,367.5,147,Massachusetts
19/10/2024,Leche semidescremada,163.2,136,Nueva York
18/10/2024,Crema de leche,1521.46,254,Florida
20/04/2024,Helado,3204.5,754,Florida
06/12/2024,Queso brie,588.0,98,Nueva York
19/03/2024,Kumis,1955.0,782,Texas
06/08/2024,Dulce de leche,2331.0,777,California
21/09/2024,Leche descremada,139.15,121,Texas
18/11/2024,Mantequilla sin sal,596.4,142,California
26/11/2024,Crema batida,1447.5,386,Massachusetts
02/06/2024,Mantequilla con sal,3220.0,805,Massachusetts
15/09/2024,Queso en lonchas,2857.6,752,Nueva York
10/03/2024,Dulce de leche,180.0,60,Texas
21/11/2024,Dulce de leche,1968.0,656,Nueva York
19/07/2024,Yogur con frutas,847.2,706,Texas
27/09/2024,Yogur natural,1956.5,559,Massachusetts
24/12/2024,Mantequilla sin sal,499.8,119,Nueva York
29/02/2024,Mantequilla clarificada (ghee),5508.5,958,Florida
13/06/2024,Yogur con frutas,1098.0,915,Florida
05/12/2024,Helado,2966.5,698,Nueva York
11/07/2024,Queso camembert,5034.0,839,Nueva York
10/05/2024,Crema agria,317.5,127,Massachusetts
18/04/2024,Suero de leche,118.0,59,Florida
03/09/2024,Queso crema,1108.8,396,Massachusetts
31/03/2024,Cuajada,2125.2,966,Massachusetts
01/10/2024,Queso ricota,2920.0,730,Massachusetts
28/04/2024,Leche semidescremada,287.7,411,Massachusetts
17/12/2024,Leche descremada,180.7,278,Florida
07/12/2024,Kumis,1452.5,581,California
04/07/2024,Queso crema,1131.2,404,Florida
25/12/2024,Bebidas lácteas,1368.0,684,Massachusetts
03/07/2024,Cuajada,1773.2,806,California
04/01/2024,Mantequilla clarificada (ghee),4962.25,863,Florida
06/06/2024,Mantequilla clarificada (ghee),4916.25,855,Nueva York
11/09/2024,Mantequilla clarificada (ghee),2420.75,421,Nueva York
08/07/2024,Leche descremada,365.7,318,California
16/08/2024,Mantequilla con sal,1588.0,397,California
13/11/2024,Suero de leche,544.0,272,California
04/05/2024,Queso crema,2284.8,816,Texas
26/08/2024,Mantequilla con sal,2028.0,507,Massachusetts
14/02/2024,Queso cheddar añejo,1770.0,354,Texas
18/04/2024,Crema de leche,251.58,42,Florida
07/05/2024,Yogur griego,1327.5,885,California
18/10/2024,Yogur griego,1108.5,739,Florida
15/08/2024,Mantequilla sin sal,3448.2,821,California
24/09/2024,Yogur griego,1188.0,792,California
02/03/2024,Crema batida,930.0,248,Texas
11/01/2024,Mantequilla con sal,3844.0,961,California
11/11/2024,Suero de leche,766.0,383,Florida
15/05/2024,Cuajada,1203.4,547,Texas
02/06/2024,Queso havarti,4488.75,855,Florida
16/07/2024,Queso edam,4051.75,853,Massachusetts
24/05/2024,Kumis,815.0,326,Florida
08/01/2024,Yogur con frutas,208.8,174,Florida
24/08/2024,Cuajada,1256.2,571,Texas
30/03/2024,Crema batida,1095.0,292,California
17/03/2024,Dulce de leche,2934.0,978,Texas
29/01/2024,Crema batida,3663.75,977,California
03/02/2024,Mantequilla con sal,372.0,93,California
25/09/2024,Mantequilla sin sal,1848.0,440,California
02/08/2024,Queso azul gorgonzola,942.0,157,Nueva York
12/07/2024,Queso cheddar añejo,2490.0,498,California
02/09/2024,Queso azul roquefort,1925.0,308,Texas
23/10/2024,Yogur natural,1053.5,301,Nueva York
23/04/2024,Suero de leche,882.0,441,Texas
03/01/2024,Yogur con frutas,202.8,169,Nueva York
04/08/2024,Leche condensada,1820.0,728,California
16/02/2024,Mantequilla clarificada (ghee),3191.25,555,Texas
02/09/2024,Mantequilla sin sal,2982.0,710,Nueva York
26/08/2024,Leche entera,1060.5,303,California
01/04/2024,Queso gouda,4032.0,896,California
31/05/2024,Leche semidescremada,556.5,795,Nueva York
22/12/2024,Dulce de leche,1278.0,426,Massachusetts
07/08/2024,Crema batida,1777.5,474,California
11/09/2024,Queso brie,2826.0,471,Texas
22/11/2024,Yogur natural,641.0,641,Florida
03/05/2024,Mantequilla sin sal,1419.6,338,Florida
25/07/2024,Cuajada,202.4,92,Nueva York
11/06/2024,Mantequilla clarificada (ghee),3927.25,683,California
01/05/2024,Mantequilla sin sal,3439.8,819,California
29/08/2024,Crema agria,2047.5,819,Texas
30/06/2024,Queso en lonchas,3150.2,829,Florida
28/11/2024,Crema de leche,71.88,12,Massachusetts
30/06/2024,Mantequilla sin sal,1272.6,303,Florida
21/03/2024,Yogur con frutas,468.0,390,California
16/06/2024,Yogur natural,1809.5,517,Florida
07/06/2024,Leche descremada,439.4,676,Nueva York
06/03/2024,Crema batida,1057.5,282,Florida
23/07/2024,Mantequilla con sal,3484.0,871,Florida
17/11/2024,Leche semidescremada,630.7,901,Nueva York
23/12/2024,Queso edam,223.25,47,Nueva York
08/02/2024,Leche evaporada,138.0,60,Massachusetts
17/01/2024,Kumis,657.5,263,Nueva York
03/02/2024,Queso cheddar añejo,2150.0,430,Nueva York
10/04/2024,Dulce de leche,1587.0,529,Massachusetts
01/04/2024,Leche descremada,429.0,660,Florida
25/07/2024,Leche entera,941.25,753,California
07/09/2024,Queso parmesano,2505.6,522,California
20/06/2024,Queso blanco,3770.0,754,Texas
26/08/2024,Mantequilla con sal,2248.0,562,Texas
27/04/2024,Crema batida,2403.75,641,Nueva York
07/06/2024,Queso crema,2749.6,982,Florida
16/04/2024,Bebidas lácteas,1026.0,513,Texas
12/12/2024,Crema batida,2568.75,685,Florida
09/03/2024,Mantequilla clarificada (ghee),1052.25,183,Nueva York
22/03/2024,Mantequilla sin sal,1852.2,441,Florida
25/12/2024,Leche evaporada,749.8,326,Texas
04/11/2024,Crema batida,2823.75,753,Massachusetts
19/07/2024,Leche evaporada,2256.3,981,Massachusetts
08/05/2024,Cuajada,1331.0,605,Florida
15/07/2024,Crema agria,1005.0,402,Massachusetts
05/03/2024,Crema agria,2217.5,887,Massachusetts
03/11/2024,Leche deslactosada,272.85,321,Massachusetts
30/08/2024,Yogur natural,2985.5,853,Texas
01/07/2024,Crema batida,3513.75,937,Massachusetts
19/11/2024,Cuajada,162.8,74,Massachusetts
28/04/2024,Mantequilla clarificada (ghee),5738.5,998,Florida
20/10/2024,Suero de leche,1362.0,681,Florida
07/09/2024,Crema de leche,1413.64,236,California
29/04/2024,Queso en lonchas,2614.4,688,California
17/04/2024,Yogur griego,390.0,260,Texas
23/04/2024,Queso mozzarella,243.75,65,Florida
19/09/2024,Leche evaporada,82.8,36,Florida
10/06/2024,Queso en lonchas,2280.0,600,Texas
06/10/2024,Bebidas lácteas,1182.0,591,Texas
21/01/2024,Cuajada,2079.0,945,Massachusetts
28/10/2024,Yogur con frutas,720.0,600,Nueva York
01/08/2024,Leche evaporada,1902.1,827,Nueva York
27/01/2024,Yogur natural,957.0,957,California
11/01/2024,Helado,2728.5,642,California
11/03/2024,Leche saborizada,875.0,875,Massachusetts
16/07/2024,Mantequilla clarificada (ghee),3168.25,551,Texas
26/04/2024,Bebidas lácteas,546.0,273,Massachusetts
03/04/2024,Queso brie,5748.0,958,Florida
09/03/2024,Crema agria,1560.0,624,Texas
25/08/2024,Yogur natural,1788.5,511,Florida
30/11/2024,Yogur con frutas,800.4,667,California
17/10/2024,Helado,2613.75,615,Florida
21/02/2024,Queso cheddar añejo,1000.0,200,Florida
28/06/2024,Queso para untar,179.2,56,Nueva York
01/01/2024,Leche evaporada,1281.1,557,California
18/04/2024,Leche descremada,377.0,580,Florida
18/10/2024,Leche saborizada,471.0,471,Florida
01/06/2024,Queso blanco,2620.0,524,Massachusetts
05/03/2024,Leche evaporada,1062.6,462,Texas
07/03/2024,Crema de leche,886.52,148,Texas
03/07/2024,Mantequilla con sal,228.0,57,Massachusetts
11/03/2024,Mantequilla con sal,3244.0,811,California
09/02/2024,Leche saborizada,409.0,409,California
18/11/2024,Mantequilla con sal,1540.0,385,Florida
13/05/2024,Bebidas lácteas,165.6,138,Texas
24/10/2024,Kumis,160.0,64,Florida
26/03/2024,Crema de leche,2042.59,341,Texas
29/12/2024,Yogur con frutas,229.2,191,Texas
23/11/2024,Yogur con frutas,145.2,121,California
17/06/2024,Yogur natural,912.0,912,Massachusetts
30/07/2024,Suero de leche,392.0,196,California
06/08/2024,Crema batida,483.75,129,California
08/08/2024,Helado,55.25,13,Nueva York
23/08/2024,Kumis,1312.5,525,California
18/05/2024,Queso mozzarella,2088.75,557,Nueva York
29/10/2024,Suero de leche,1614.0,807,Texas
12/07/2024,Suero de leche,1310.0,655,Nueva York
29/09/2024,Mantequilla sin sal,3242.4,772,Florida
12/07/2024,Kumis,2127.5,851,Nueva York
23/10/2024,Kumis,2082.5,833,California
27/02/2024,Suero de leche,1872.0,936,California
10/01/2024,Crema de leche,784.69,131,Massachusetts
02/06/2024,Dulce de leche,918.0,306,Florida
04/02/2024,Leche evaporada,1805.5,785,Texas
30/03/2024,Yogur natural,1078.0,308,Florida
24/03/2024,Leche evaporada,121.9,53,Nueva York
08/09/2024,Leche deslactosada,1030.9,793,Nueva York
23/11/2024,Crema batida,2748.75,733,Texas
23/04/2024,Queso parmesano,1161.6,242,Nueva York
01/12/2024,Queso cheddar añejo,4320.0,864,Texas
30/12/2024,Kumis,497.5,199,Nueva York
30/03/2024,Suero de leche,1132.0,566,Texas
17/09/2024,Helado,599.25,141,Florida
03/10/2024,Yogur con frutas,214.8,179,California
15/01/2024,Dulce de leche,435.0,145,Texas
05/09/2024,Queso edam,878.75,185,California
01/02/2024,Mantequilla clarificada (ghee),3668.5,638,California
29/10/2024,Leche entera,315.75,421,Texas
30/12/2024,Suero de leche,1832.0,916,California
02/07/2024,Helado,726.0,484,California
09/03/2024,Mantequilla clarificada (ghee),5295.75,921,Nueva York
29/02/2024,Mantequilla con sal,3092.0,773,Nueva York
25/03/2024,Queso en lonchas,3260.4,858,Texas
10/12/2024,Crema agria,1770.0,708,Texas
24/07/2024,Yogur con frutas,811.2,676,California
02/02/2024,Mantequilla con sal,2664.0,666,California
24/12/2024,Leche entera,2887.5,825,Florida
28/11/2024,Crema batida,168.75,45,Texas
05/04/2024,Mantequilla con sal,2528.0,632,Massachusetts
26/01/2024,Queso camembert,4866.0,811,Florida
29/10/2024,Yogur griego,724.5,483,Texas
13/02/2024,Crema de leche,5486.84,916,Texas
01/01/2024,Mantequilla clarificada (ghee),931.5,162,Florida
07/11/2024,Mantequilla clarificada (ghee),5428.0,944,Florida
19/07/2024,Yogur griego,1500.0,1000,Texas
29/11/2024,Yogur natural,721.0,721,Massachusetts
15/04/2024,Cuajada,1005.4,457,California
15/07/2024,Leche condensada,2327.5,931,Massachusetts
17/08/2024,Yogur griego,685.5,457,Florida
27/09/2024,Yogur griego,1042.5,695,California
13/11/2024,Helado,2333.25,549,Massachusetts
12/10/2024,Queso havarti,52.5,10,Florida
18/12/2024,Leche condensada,162.5,65,California
18/03/2024,Queso azul roquefort,2318.75,371,Massachusetts
28/07/2024,Cuajada,1214.4,552,Nueva York
24/04/2024,Queso camembert,5376.0,896,Nueva York
17/06/2024,Queso gruyere,319.0,58,Florida
14/06/2024,Yogur natural,773.5,221,Nueva York
03/07/2024,Leche evaporada,1336.3,581,Nueva York
07/06/2024,Leche entera,192.75,257,Massachusetts
13/12/2024,Queso azul roquefort,1462.5,234,California
07/02/2024,Helado,293.25,69,Texas
31/10/2024,Leche descremada,365.7,318,California
04/12/2024,Mantequilla con sal,3488.0,872,California
18/08/2024,Mantequilla con sal,1240.0,310,California
23/01/2024,Yogur griego,138.0,92,Massachusetts
21/06/2024,Kumis,967.5,387,California
25/09/2024,Yogur griego,265.5,177,California
14/03/2024,Leche condensada,442.5,177,Nueva York
14/09/2024,Queso para untar,2115.2,661,Massachusetts
06/06/2024,Yogur griego,732.0,488,Texas
07/02/2024,Crema batida,3348.75,893,California
18/04/2024,Mantequilla sin sal,4111.8,979,Massachusetts
12/11/2024,Queso crema,1190.0,425,Texas
14/09/2024,Yogur con frutas,364.8,304,Nueva York
23/09/2024,Yogur con frutas,324.0,270,Texas
03/12/2024,Mantequilla clarificada (ghee),2949.75,513,Nueva York
22/01/2024,Queso parmesano,3763.2,784,Massachusetts
11/08/2024,Mantequilla clarificada (ghee),2863.5,498,California
23/11/2024,Leche deslactosada,874.9,673,Florida
19/04/2024,Leche descremada,340.4,296,Florida
10/11/2024,Yogur natural,169.0,169,Texas
01/06/2024,Queso crema,2716.0,970,Massachusetts
27/07/2024,Queso camembert,1842.0,307,Massachusetts
16/03/2024,Yogur griego,1336.5,891,Massachusetts
05/03/2024,Queso havarti,4042.5,770,Texas
30/05/2024,Yogur con frutas,499.2,416,Massachusetts
11/01/2024,Yogur griego,786.0,524,Nueva York
28/08/2024,Leche saborizada,94.5,63,Nueva York
28/01/2024,Cuajada,169.4,77,Massachusetts
01/11/2024,Leche saborizada,719.0,719,Nueva York
13/05/2024,Yogur griego,121.5,81,Florida
30/08/2024,Helado,1455.0,970,Texas
24/01/2024,Queso crema,2657.2,949,Massachusetts
31/10/2024,Suero de leche,1036.0,518,Massachusetts
17/06/2024,Leche condensada,1367.5,547,Massachusetts
04/09/2024,Mantequilla sin sal,4074.0,970,California
31/10/2024,Yogur natural,2947.0,842,Nueva York
04/09/2024,Mantequilla clarificada (ghee),4778.25,831,Florida
12/10/2024,Leche entera,87.5,70,Nueva York
31/07/2024,Dulce de leche,1356.0,452,Texas
03/04/2024,Helado,1177.5,785,California
13/03/2024,Yogur con frutas,286.8,239,Texas
27/05/2024,Leche descremada,102.35,89,Nueva York
22/08/2024,Yogur con frutas,924.0,770,Massachusetts
29/08/2024,Crema batida,1563.75,417,Texas
15/07/2024,Queso para untar,1398.4,437,Nueva York
12/06/2024,Queso azul gorgonzola,3996.0,666,California
28/02/2024,Cuajada,55.0,25,Florida
05/07/2024,Crema batida,1192.5,318,Massachusetts
20/04/2024,Leche en polvo,2109.0,703,Florida
24/09/2024,Leche saborizada,340.5,227,Florida
06/03/2024,Queso camembert,2130.0,355,Massachusetts
19/08/2024,Crema de leche,5954.06,994,Florida
07/11/2024,Queso parmesano,4368.0,910,California
10/06/2024,Kumis,710.0,284,Nueva York
26/11/2024,Queso crema,378.0,135,California
11/03/2024,Mantequilla sin sal,3826.2,911,Nueva York
03/01/2024,Queso para untar,2742.4,857,Florida
14/09/2024,Leche condensada,2010.0,804,Texas
19/11/2024,Dulce de leche,972.0,324,Texas
13/09/2024,Queso parmesano,1564.8,326,Florida
15/03/2024,Queso crema,590.8,211,Nueva York
09/05/2024,Leche condensada,1070.0,428,Florida
09/08/2024,Yogur con frutas,627.6,523,California
07/10/2024,Leche condensada,430.0,172,Massachusetts
04/01/2024,Mantequilla con sal,184.0,46,Nueva York
19/01/2024,Queso crema,2338.0,835,California
18/03/2024,Mantequilla clarificada (ghee),3214.25,559,Nueva York
05/03/2024,Cuajada,1777.6,808,Nueva York
29/10/2024,Yogur natural,507.5,145,Florida
21/09/2024,Mantequilla sin sal,2499.0,595,Nueva York
08/06/2024,Queso crema,1136.8,406,Florida
18/07/2024,Cuajada,1170.4,532,Florida
09/03/2024,Leche entera,2068.5,591,Florida
17/11/2024,Yogur griego,1387.5,925,Florida
25/09/2024,Dulce de leche,1107.0,369,Massachusetts
23/09/2024,Suero de leche,306.0,153,Massachusetts
10/01/2024,Dulce de leche,2832.0,944,Nueva York
01/07/2024,Queso azul gorgonzola,144.0,24,California
11/02/2024,Yogur natural,444.0,444,Nueva York
27/04/2024,Leche deslactosada,276.9,213,California
01/01/2024,Mantequilla con sal,1644.0,411,Texas
15/03/2024,Bebidas lácteas,128.4,107,Nueva York
29/08/2024,Mantequilla con sal,568.0,142,Massachusetts
03/07/2024,Queso parmesano,1104.0,230,Massachusetts
17/06/2024,Mantequilla clarificada (ghee),5623.5,978,Massachusetts
01/12/2024,Mantequilla sin sal,3943.8,939,Nueva York
30/09/2024,Yogur con frutas,220.8,184,Florida
08/06/2024,Helado,816.0,192,Florida
04/02/2024,Helado,3310.75,779,Nueva York
08/09/2024,Mantequilla clarificada (ghee),1978.0,344,Florida
13/02/2024,Dulce de leche,861.0,287,Massachusetts
09/06/2024,Yogur con frutas,420.0,350,California
17/04/2024,Leche entera,549.5,157,Massachusetts
11/02/2024,Crema batida,2085.0,556,Massachusetts
16/05/2024,Yogur natural,1561.0,446,California
24/04/2024,Queso crema,2408.0,860,California
07/04/2024,Queso brie,756.0,126,California
28/10/2024,Dulce de leche,1056.0,352,Nueva York
10/11/2024,Mantequilla con sal,3224.0,806,Nueva York
03/08/2024,Crema de leche,5804.31,969,Texas
27/07/2024,Bebidas lácteas,1192.0,596,Nueva York
28/11/2024,Mantequilla sin sal,3742.2,891,Texas
09/12/2024,Helado,1272.0,848,Texas
12/04/2024,Dulce de leche,2235.0,745,California
07/11/2024,Dulce de leche,372.0,124,Texas
07/01/2024,Suero de leche,1694.0,847,Florida
11/12/2024,Queso azul roquefort,5056.25,809,California
30/04/2024,Queso crema,1657.6,592,Florida
19/04/2024,Queso gouda,58.5,13,Nueva York
28/04/2024,Leche condensada,630.0,252,Texas
24/04/2024,Crema batida,2955.0,788,Nueva York
14/03/2024,Crema de leche,3234.6,540,Nueva York
11/12/2024,Helado,933.0,622,Texas
19/04/2024,Crema de leche,1964.72,328,Texas
03/08/2024,Yogur natural,167.0,167,Nueva York
16/10/2024,Queso parmesano,3777.6,787,Florida
28/10/2024,Yogur natural,496.0,496,Texas
19/04/2024,Mantequilla clarificada (ghee),4364.25,759,Nueva York
22/10/2024,Cuajada,787.6,358,Massachusetts
18/02/2024,Queso crema,1089.2,389,Florida
19/06/2024,Queso gouda,1030.5,229,Florida
01/02/2024,Queso crema,2730.0,975,Texas
13/11/2024,Crema agria,400.0,160,Texas
21/05/2024,Queso mozzarella,2062.5,550,Nueva York
14/04/2024,Yogur griego,450.0,300,Massachusetts
24/01/2024,Yogur griego,1323.0,882,Massachusetts
18/11/2024,Mantequilla con sal,2624.0,656,Massachusetts
23/07/2024,Dulce de leche,2868.0,956,California
05/03/2024,Dulce de leche,1863.0,621,California
24/08/2024,Dulce de leche,456.0,152,Massachusetts
02/01/2024,Crema de leche,3084.85,515,Florida
31/08/2024,Leche condensada,512.5,205,Florida
07/06/2024,Queso crema,117.6,42,Nueva York
06/06/2024,Cuajada,671.0,305,Florida
30/10/2024,Mantequilla clarificada (ghee),4490.75,781,California
17/12/2024,Queso azul roquefort,5150.0,824,Massachusetts
20/04/2024,Yogur natural,615.0,615,Nueva York
22/12/2024,Mantequilla clarificada (ghee),4295.25,747,Florida
06/08/2024,Crema batida,1132.5,302,Nueva York
09/05/2024,Dulce de leche,144.0,48,Nueva York
22/01/2024,Bebidas lácteas,1716.0,858,Massachusetts
04/06/2024,Queso havarti,3344.25,637,Florida
29/08/2024,Mantequilla sin sal,3864.0,920,Massachusetts
05/06/2024,Yogur con frutas,714.0,595,Nueva York
22/08/2024,Yogur con frutas,568.8,474,Massachusetts
13/06/2024,Yogur natural,718.0,718,California
01/03/2024,Queso camembert,2640.0,440,Florida
15/04/2024,Leche en polvo,5181.0,942,Florida
13/07/2024,Suero de leche,1916.0,958,Texas
09/09/2024,Bebidas lácteas,1178.4,982,Texas
01/06/2024,Crema agria,2190.0,876,Florida
30/03/2024,Mantequilla clarificada (ghee),2323.0,404,Nueva York
24/05/2024,Yogur griego,1108.5,739,Texas
13/09/2024,Queso havarti,2929.5,558,California
28/02/2024,Yogur griego,1156.5,771,Texas
27/01/2024,Cuajada,1023.0,465,Nueva York
12/07/2024,Yogur natural,954.0,954,California
18/05/2024,Mantequilla clarificada (ghee),362.25,63,California
22/12/2024,Yogur natural,1820.0,520,Texas
05/12/2024,Yogur natural,788.0,788,California
23/11/2024,Queso brie,2604.0,434,California
30/07/2024,Leche entera,187.5,250,Florida
11/04/2024,Crema batida,386.25,103,Florida
02/06/2024,Yogur griego,1434.0,956,Massachusetts
23/05/2024,Helado,772.5,515,California
06/07/2024,Leche condensada,602.5,241,California
16/05/2024,Leche evaporada,1308.7,569,Nueva York
12/09/2024,Dulce de leche,1173.0,391,Massachusetts
24/06/2024,Queso crema,1722.0,615,Texas
01/06/2024,Queso gouda,2533.5,563,Texas
24/10/2024,Mantequilla clarificada (ghee),4462.0,776,Massachusetts
08/04/2024,Leche deslactosada,39.95,47,Nueva York
28/11/2024,Yogur griego,700.5,467,Nueva York
23/12/2024,Queso havarti,3675.0,700,Nueva York
01/12/2024,Crema agria,1170.0,468,Florida
06/06/2024,Cuajada,1172.6,533,California
29/06/2024,Yogur griego,25.5,17,Florida
07/03/2024,Queso gruyere,2073.5,377,Nueva York
18/10/2024,Queso azul roquefort,787.5,126,Florida
01/11/2024,Helado,244.5,163,California
16/07/2024,Yogur con frutas,604.8,504,Massachusetts
15/06/2024,Mantequilla clarificada (ghee),299.0,52,Nueva York
15/04/2024,Yogur natural,3097.5,885,Florida
09/05/2024,Yogur natural,242.0,242,Texas
31/05/2024,Yogur griego,895.5,597,Nueva York
07/09/2024,Crema de leche,832.61,139,Nueva York
25/11/2024,Crema batida,75.0,20,California
18/11/2024,Leche condensada,1790.0,716,Nueva York
28/02/2024,Cuajada,523.6,238,Nueva York
27/10/2024,Mantequilla con sal,1084.0,271,Florida
23/03/2024,Queso azul roquefort,2950.0,472,Massachusetts
17/11/2024,Bebidas lácteas,886.8,739,Nueva York
18/05/2024,Mantequilla sin sal,1071.0,255,Texas
03/05/2024,Suero de leche,1094.0,547,Nueva York
10/11/2024,Cuajada,281.6,128,Nueva York
30/07/2024,Leche entera,2282.0,652,Massachusetts
18/10/2024,Yogur griego,1333.5,889,Texas
30/11/2024,Kumis,390.0,156,Texas
31/08/2024,Yogur natural,1578.5,451,Massachusetts
08/03/2024,Mantequilla con sal,904.0,226,Texas
05/10/2024,Helado,3476.5,818,Florida
16/10/2024,Kumis,922.5,369,Texas
13/08/2024,Crema de leche,275.54,46,Florida
22/05/2024,Mantequilla con sal,2508.0,627,California
22/10/2024,Queso gouda,3793.5,843,Massachusetts
04/10/2024,Mantequilla con sal,2248.0,562,Texas
29/10/2024,Queso brie,366.0,61,Nueva York
01/05/2024,Crema agria,115.0,46,California
25/06/2024,Mantequilla con sal,60.0,15,Texas
15/04/2024,Queso havarti,3239.25,617,Florida
01/09/2024,Bebidas lácteas,1118.4,932,Massachusetts
24/12/2024,Queso camembert,2844.0,474,Texas
04/03/2024,Helado,4029.0,948,California
11/10/2024,Yogur con frutas,160.8,134,Texas
20/02/2024,Yogur griego,1320.0,880,Nueva York
06/07/2024,Leche saborizada,21.0,21,Florida
21/04/2024,Mantequilla sin sal,3301.2,786,Nueva York
22/06/2024,Mantequilla con sal,1316.0,329,Massachusetts
15/01/2024,Dulce de leche,2400.0,800,Florida
07/03/2024,Mantequilla con sal,3432.0,858,Florida
23/01/2024,Yogur con frutas,1038.0,865,Florida
13/02/2024,Leche saborizada,322.0,322,California
23/04/2024,Queso crema,669.2,239,Nueva York
07/12/2024,Cuajada,1249.6,568,California
16/10/2024,Mantequilla clarificada (ghee),2162.0,376,California
04/06/2024,Suero de leche,622.0,311,Florida
30/03/2024,Leche semidescremada,280.0,400,Massachusetts
22/12/2024,Mantequilla sin sal,3561.6,848,Nueva York
08/09/2024,Mantequilla clarificada (ghee),4013.5,698,Florida
22/06/2024,Suero de leche,976.0,488,California
14/11/2024,Leche deslactosada,545.7,642,Texas
30/05/2024,Bebidas lácteas,202.8,169,Texas
21/02/2024,Leche deslactosada,1266.2,974,Florida
28/10/2024,Yogur griego,697.5,465,Nueva York
04/05/2024,Leche condensada,85.0,34,Florida
03/11/2024,Suero de leche,1856.0,928,Florida
26/10/2024,Dulce de leche,2112.0,704,Massachusetts
28/04/2024,Crema agria,1657.5,663,Florida
20/06/2024,Queso blanco,2730.0,546,California
13/04/2024,Queso ricota,1284.0,321,Florida
08/06/2024,Yogur natural,966.0,276,Texas
07/02/2024,Yogur con frutas,418.8,349,Nueva York
26/08/2024,Crema batida,2010.0,536,Massachusetts
20/11/2024,Cuajada,2167.0,985,California
01/04/2024,Queso gouda,396.0,88,Massachusetts
13/05/2024,Suero de leche,780.0,390,Nueva York
31/07/2024,Crema de leche,2407.98,402,Nueva York
30/07/2024,Dulce de leche,501.0,167,Florida
15/08/2024,Queso parmesano,3105.6,647,Massachusetts
31/03/2024,Kumis,162.5,65,Massachusetts
16/05/2024,Dulce de leche,1914.0,638,Nueva York
29/04/2024,Crema de leche,5391.0,900,Texas
29/11/2024,Leche en polvo,1653.0,551,Massachusetts
27/07/2024,Bebidas lácteas,415.2,346,Texas
26/06/2024,Leche en polvo,1515.0,505,Massachusetts
14/11/2024,Crema de leche,2390.01,399,California
05/10/2024,Leche semidescremada,185.5,265,Nueva York
19/11/2024,Suero de leche,1458.0,729,Nueva York
31/07/2024,Mantequilla con sal,3616.0,904,Texas
19/12/2024,Mantequilla sin sal,462.0,110,Texas
10/08/2024,Queso brie,1074.0,179,California
18/11/2024,Queso crema,1013.6,362,Massachusetts
23/04/2024,Suero de leche,1278.0,639,Texas
08/01/2024,Crema batida,3330.0,888,Nueva York
04/07/2024,Yogur con frutas,418.8,349,Nueva York
08/06/2024,Crema batida,1125.0,300,Texas
09/10/2024,Crema agria,1175.0,470,Nueva York
06/04/2024,Leche entera,1526.0,436,Nueva York
25/05/2024,Yogur griego,1273.5,849,Nueva York
09/03/2024,Suero de leche,1694.0,847,Florida
29/09/2024,Mantequilla sin sal,2637.6,628,Nueva York
26/01/2024,Queso havarti,1134.0,216,California
06/10/2024,Crema batida,3033.75,809,Massachusetts
28/06/2024,Mantequilla con sal,944.0,236,Texas
01/04/2024,Dulce de leche,1770.0,590,California
23/09/2024,Helado,4250.0,1000,Texas
22/01/2024,Leche saborizada,822.0,822,Massachusetts
20/10/2024,Mantequilla sin sal,2788.8,664,Massachusetts
15/10/2024,Dulce de leche,60.0,20,Texas
26/04/2024,Mantequilla clarificada (ghee),4473.5,778,Nueva York
01/11/2024,Dulce de leche,2517.0,839,California
27/02/2024,Mantequilla clarificada (ghee),3818.0,664,Massachusetts
01/12/2024,Queso crema,148.4,53,California
19/11/2024,Mantequilla con sal,108.0,27,Nueva York
14/08/2024,Queso en lonchas,2876.6,757,Nueva York
16/01/2024,Leche condensada,1882.5,753,Massachusetts
20/04/2024,Mantequilla clarificada (ghee),2984.25,519,California
18/08/2024,Crema agria,1202.5,481,Texas
25/08/2024,Kumis,1440.0,576,Nueva York
07/04/2024,Queso crema,2643.2,944,Texas
28/03/2024,Yogur griego,666.0,444,Florida
21/10/2024,Yogur con frutas,382.8,319,Florida
21/12/2024,Kumis,1322.5,529,Texas
23/04/2024,Queso crema,1120.0,400,California
14/10/2024,Queso azul roquefort,2718.75,435,Massachusetts
19/09/2024,Crema batida,1777.5,474,Florida
20/12/2024,Suero de leche,130.0,65,Florida
09/11/2024,Crema batida,427.5,114,California
19/10/2024,Crema agria,1037.5,415,Florida
18/12/2024,Mantequilla sin sal,3973.2,946,Nueva York
02/07/2024,Crema batida,1886.25,503,Nueva York
08/01/2024,Queso havarti,2982.0,568,Nueva York
07/09/2024,Mantequilla sin sal,953.4,227,Florida
10/08/2024,Yogur griego,1219.5,813,Massachusetts
28/11/2024,Queso brie,4182.0,697,Nueva York
23/06/2024,Queso azul gorgonzola,2982.0,497,Florida
06/02/2024,Queso blanco,2740.0,548,Massachusetts
17/04/2024,Leche saborizada,1452.0,968,Massachusetts
05/11/2024,Leche evaporada,1803.2,784,Florida
10/11/2024,Cuajada,330.0,150,California
25/09/2024,Mantequilla clarificada (ghee),316.25,55,Texas
10/03/2024,Leche descremada,592.15,911,California
06/12/2024,Yogur natural,508.0,508,Nueva York
23/10/2024,Queso gouda,1899.0,422,Texas
21/05/2024,Yogur con frutas,304.8,254,Massachusetts
03/02/2024,Yogur con frutas,632.4,527,Florida
30/11/2024,Mantequilla con sal,3480.0,870,Massachusetts
17/06/2024,Queso mozzarella,1357.5,362,Massachusetts
29/02/2024,Mantequilla clarificada (ghee),3651.25,635,Texas
29/07/2024,Queso mozzarella,2512.5,670,Massachusetts
26/07/2024,Dulce de leche,2895.0,965,Massachusetts
17/06/2024,Crema batida,195.0,52,Massachusetts
13/09/2024,Mantequilla con sal,1084.0,271,California
25/05/2024,Queso mozzarella,2793.75,745,Nueva York
20/07/2024,Yogur griego,1335.0,890,Massachusetts
09/09/2024,Mantequilla con sal,3908.0,977,Massachusetts
06/09/2024,Mantequilla clarificada (ghee),1656.0,288,California
16/10/2024,Mantequilla con sal,2908.0,727,Massachusetts
29/08/2024,Yogur con frutas,711.6,593,Nueva York
18/08/2024,Mantequilla sin sal,3053.4,727,California
13/12/2024,Mantequilla clarificada (ghee),1437.5,250,Florida
01/11/2024,Mantequilla sin sal,168.0,40,Florida
18/09/2024,Yogur con frutas,616.8,514,Texas
04/09/2024,Mantequilla sin sal,1827.0,435,Massachusetts
21/06/2024,Kumis,860.0,344,Florida
12/01/2024,Yogur natural,367.5,105,Massachusetts
15/03/2024,Crema agria,2402.5,961,California
22/12/2024,Leche entera,2114.0,604,Texas
27/12/2024,Leche evaporada,777.4,338,California
17/04/2024,Kumis,2150.0,860,Florida
12/05/2024,Mantequilla sin sal,2104.2,501,California
10/02/2024,Mantequilla con sal,2068.0,517,Nueva York
15/08/2024,Mantequilla sin sal,214.2,51,Massachusetts
05/03/2024,Yogur natural,2677.5,765,Massachusetts
23/12/2024,Yogur con frutas,270.0,225,Massachusetts
14/06/2024,Mantequilla con sal,2792.0,698,Massachusetts
13/05/2024,Queso gruyere,687.5,125,Florida
16/04/2024,Yogur griego,828.0,552,Nueva York
10/11/2024,Yogur griego,435.0,290,California
04/12/2024,Mantequilla sin sal,3015.6,718,California
09/09/2024,Yogur con frutas,1062.0,885,Texas
25/08/2024,Helado,3969.5,934,Texas
16/04/2024,Mantequilla con sal,3092.0,773,Florida
14/05/2024,Yogur griego,73.5,49,Nueva York
11/05/2024,Crema agria,815.0,326,Texas
17/08/2024,Leche deslactosada,1134.9,873,Nueva York
19/04/2024,Kumis,2472.5,989,Nueva York
12/02/2024,Crema batida,2902.5,774,Texas
16/01/2024,Leche deslactosada,725.05,853,Florida
04/02/2024,Leche deslactosada,713.15,839,Massachusetts
27/02/2024,Queso cheddar añejo,3555.0,711,Massachusetts
19/03/2024,Cuajada,602.8,274,California
01/10/2024,Queso crema,1100.4,393,Nueva York
18/07/2024,Leche en polvo,522.0,174,Florida
16/09/2024,Yogur natural,2880.5,823,Florida
01/09/2024,Crema agria,310.0,124,California
28/08/2024,Cuajada,2050.4,932,Nueva York
01/10/2024,Kumis,930.0,372,Florida
15/10/2024,Yogur con frutas,668.4,557,Florida
26/04/2024,Yogur con frutas,192.0,160,Massachusetts
29/01/2024,Mantequilla sin sal,3557.4,847,Texas
12/11/2024,Yogur con frutas,406.8,339,Texas
20/08/2024,Suero de leche,1042.0,521,California
08/10/2024,Bebidas lácteas,964.0,482,Massachusetts
03/04/2024,Leche entera,348.75,279,California
20/11/2024,Yogur con frutas,326.4,272,Massachusetts
13/03/2024,Queso gruyere,4004.0,728,Nueva York
04/01/2024,Queso crema,257.6,92,Nueva York
01/04/2024,Suero de leche,1126.0,563,Florida
14/09/2024,Bebidas lácteas,952.8,794,Nueva York
12/02/2024,Leche en polvo,2916.0,972,Nueva York
17/02/2024,Mantequilla con sal,3072.0,768,Texas
04/03/2024,Mantequilla con sal,3392.0,848,Nueva York
20/10/2024,Bebidas lácteas,1552.0,776,Massachusetts
10/06/2024,Leche semidescremada,36.4,52,Texas
19/04/2024,Leche descremada,512.2,788,Nueva York
01/05/2024,Yogur griego,33.0,22,Texas
03/07/2024,Leche saborizada,94.5,63,California
27/01/2024,Bebidas lácteas,556.0,278,Nueva York
14/07/2024,Queso camembert,2682.0,447,Texas
07/04/2024,Cuajada,81.4,37,Texas
13/04/2024,Suero de leche,26.0,13,Nueva York
13/05/2024,Mantequilla sin sal,2692.2,641,Florida
29/05/2024,Leche descremada,78.2,68,Massachusetts
24/07/2024,Mantequilla con sal,3384.0,846,Nueva York
09/08/2024,Leche deslactosada,1222.0,940,Massachusetts
03/05/2024,Leche entera,721.0,206,California
21/07/2024,Crema batida,2621.25,699,Massachusetts
07/04/2024,Crema de leche,305.49,51,Nueva York
21/11/2024,Suero de leche,956.0,478,Florida
10/12/2024,Dulce de leche,2226.0,742,Massachusetts
11/02/2024,Mantequilla con sal,3072.0,768,Texas
17/04/2024,Queso para untar,3177.6,993,California
17/09/2024,Queso havarti,918.75,175,Texas
06/02/2024,Queso en lonchas,592.8,156,California
15/03/2024,Mantequilla con sal,3356.0,839,Nueva York
06/01/2024,Mantequilla clarificada (ghee),3737.5,650,California
26/06/2024,Mantequilla sin sal,3729.6,888,Florida
29/02/2024,Queso gruyere,2409.0,438,California
15/11/2024,Queso brie,5190.0,865,Nueva York
06/12/2024,Helado,1292.0,304,Texas
15/09/2024,Queso ricota,616.0,154,Texas
26/07/2024,Dulce de leche,2694.0,898,California
07/06/2024,Yogur con frutas,237.6,198,Texas
27/03/2024,Crema de leche,293.51,49,Nueva York
11/12/2024,Yogur natural,123.0,123,Texas
16/08/2024,Leche saborizada,969.0,646,California
07/11/2024,Kumis,945.0,378,Nueva York
25/10/2024,Dulce de leche,504.0,168,Nueva York
13/06/2024,Leche condensada,2182.5,873,Massachusetts
12/03/2024,Queso gruyere,3443.0,626,Florida
29/02/2024,Crema de leche,5816.29,971,Nueva York
09/09/2024,Queso brie,1386.0,231,Texas
27/02/2024,Yogur natural,2121.0,606,Massachusetts
28/12/2024,Suero de leche,1368.0,684,Florida
21/06/2024,Leche descremada,143.65,221,Nueva York
24/07/2024,Yogur natural,44.0,44,Nueva York
23/07/2024,Crema de leche,5037.59,841,Nueva York
31/05/2024,Leche semidescremada,434.7,621,Texas
28/10/2024,Queso crema,893.2,319,Massachusetts
31/05/2024,Helado,1095.0,730,Massachusetts
25/02/2024,Mantequilla sin sal,1234.8,294,California
08/01/2024,Queso azul roquefort,2956.25,473,Texas
02/10/2024,Mantequilla clarificada (ghee),1380.0,240,Texas
11/03/2024,Queso en lonchas,611.8,161,California
22/07/2024,Queso parmesano,2078.4,433,California
26/07/2024,Yogur con frutas,534.0,445,Massachusetts
29/05/2024,Leche semidescremada,804.0,670,Nueva York
21/10/2024,Kumis,1210.0,484,Texas
17/01/2024,Cuajada,1487.2,676,Texas
13/09/2024,Leche entera,152.25,203,Massachusetts
23/06/2024,Helado,4063.0,956,Florida
25/08/2024,Cuajada,1773.2,806,California
05/01/2024,Cuajada,44.0,20,Nueva York
15/03/2024,Mantequilla sin sal,2944.2,701,Nueva York
01/03/2024,Queso crema,1601.6,572,Massachusetts
13/01/2024,Mantequilla con sal,3284.0,821,Nueva York
09/12/2024,Leche condensada,1780.0,712,Texas
01/08/2024,Leche entera,731.5,209,Massachusetts
17/08/2024,Yogur con frutas,896.4,747,California
21/12/2024,Yogur con frutas,367.2,306,California
10/06/2024,Queso crema,1122.8,401,Texas
18/08/2024,Mantequilla con sal,3480.0,870,Texas
22/09/2024,Leche deslactosada,352.75,415,Nueva York
09/08/2024,Mantequilla clarificada (ghee),4525.25,787,Texas
14/09/2024,Crema agria,390.0,156,Florida
29/12/2024,Leche deslactosada,357.0,420,Florida
16/11/2024,Helado,3383.0,796,Texas
23/09/2024,Crema agria,1162.5,465,California
10/09/2024,Yogur griego,40.5,27,Texas
19/06/2024,Queso cheddar añejo,4975.0,995,California
06/01/2024,Crema agria,1685.0,674,Nueva York
11/10/2024,Mantequilla con sal,2220.0,555,Massachusetts
09/09/2024,Mantequilla sin sal,3015.6,718,Texas
25/11/2024,Mantequilla sin sal,373.8,89,Nueva York
14/12/2024,Mantequilla con sal,856.0,214,Florida
07/02/2024,Queso en lonchas,2306.6,607,Texas
26/12/2024,Leche saborizada,1036.5,691,California
02/08/2024,Queso brie,5802.0,967,Massachusetts
19/04/2024,Suero de leche,1182.0,591,California
13/06/2024,Mantequilla con sal,3384.0,846,California
17/04/2024,Queso edam,4023.25,847,Massachusetts
04/04/2024,Crema agria,770.0,308,Nueva York
12/05/2024,Queso crema,554.4,198,Texas
28/08/2024,Queso crema,834.4,298,Nueva York
05/06/2024,Suero de leche,1836.0,918,Florida
07/05/2024,Dulce de leche,2844.0,948,California
07/09/2024,Suero de leche,1138.0,569,Florida
08/08/2024,Queso crema,1971.2,704,California
03/02/2024,Crema agria,1525.0,610,Nueva York
30/12/2024,Cuajada,1817.2,826,Florida
02/03/2024,Mantequilla sin sal,2003.4,477,Florida
16/12/2024,Leche semidescremada,763.2,636,Nueva York
06/05/2024,Mantequilla con sal,124.0,31,Texas
15/06/2024,Crema agria,627.5,251,California
14/01/2024,Yogur natural,354.0,354,California
14/07/2024,Crema agria,2285.0,914,Nueva York
12/11/2024,Mantequilla sin sal,3204.6,763,Texas
19/09/2024,Helado,1128.0,752,Texas
12/06/2024,Crema de leche,2821.29,471,Nueva York
09/08/2024,Queso gruyere,3503.5,637,Texas
09/04/2024,Queso edam,327.75,69,Florida
25/09/2024,Helado,3179.0,748,Nueva York
18/01/2024,Crema de leche,4246.91,709,Florida
24/02/2024,Queso parmesano,4334.4,903,Nueva York
07/10/2024,Suero de leche,996.0,498,Massachusetts
22/10/2024,Mantequilla clarificada (ghee),5709.75,993,Florida
01/10/2024,Mantequilla sin sal,2721.6,648,Florida
16/10/2024,Dulce de leche,1173.0,391,Florida
18/07/2024,Queso mozzarella,753.75,201,Massachusetts
07/03/2024,Queso cheddar añejo,1680.0,336,Florida
10/01/2024,Queso gruyere,379.5,69,Nueva York
17/11/2024,Queso gruyere,3107.5,565,Texas
25/10/2024,Leche deslactosada,537.2,632,Texas
22/02/2024,Leche deslactosada,616.2,474,Texas
14/01/2024,Suero de leche,186.0,93,Massachusetts
03/05/2024,Queso havarti,409.5,78,California
11/05/2024,Mantequilla clarificada (ghee),4088.25,711,Nueva York
26/02/2024,Queso brie,924.0,154,Nueva York
24/12/2024,Suero de leche,1960.0,980,Florida
04/12/2024,Mantequilla sin sal,3994.2,951,Nueva York
16/11/2024,Yogur griego,1228.5,819,Texas
18/04/2024,Queso crema,1209.6,432,Texas
05/09/2024,Queso havarti,4389.0,836,Florida
28/03/2024,Cuajada,1265.0,575,California
30/10/2024,Queso brie,5424.0,904,Nueva York
02/12/2024,Yogur natural,532.0,152,California
15/07/2024,Leche entera,1071.0,306,Massachusetts
23/01/2024,Crema batida,1518.75,405,Texas
04/09/2024,Suero de leche,142.0,71,Nueva York
20/05/2024,Yogur griego,1113.0,742,Florida
18/10/2024,Helado,376.5,251,California
21/01/2024,Dulce de leche,1140.0,380,Massachusetts
01/04/2024,Yogur con frutas,592.8,494,Florida
26/08/2024,Queso brie,3192.0,532,Florida
22/09/2024,Queso en lonchas,2511.8,661,Texas
03/02/2024,Yogur natural,996.0,996,Florida
21/03/2024,Suero de leche,276.0,138,Texas
01/03/2024,Cuajada,609.4,277,Florida
05/11/2024,Mantequilla clarificada (ghee),2909.5,506,Massachusetts
01/12/2024,Crema de leche,2336.1,390,Massachusetts
04/04/2024,Cuajada,866.8,394,Massachusetts
24/05/2024,Bebidas lácteas,1167.6,973,Texas
21/06/2024,Mantequilla con sal,1240.0,310,Massachusetts
05/12/2024,Suero de leche,1016.0,508,Massachusetts
12/12/2024,Mantequilla clarificada (ghee),3363.75,585,Nueva York
11/12/2024,Queso blanco,4460.0,892,California
14/06/2024,Queso en lonchas,752.4,198,Nueva York
19/09/2024,Queso gouda,193.5,43,California
29/02/2024,Queso havarti,4536.0,864,Nueva York
21/09/2024,Leche deslactosada,1199.9,923,Nueva York
02/07/2024,Dulce de leche,2247.0,749,Texas
12/06/2024,Cuajada,1986.6,903,Massachusetts
23/02/2024,Yogur con frutas,514.8,429,Texas
16/04/2024,Suero de leche,1780.0,890,Florida
12/01/2024,Leche evaporada,317.4,138,Massachusetts
14/01/2024,Yogur griego,837.0,558,Texas
06/12/2024,Helado,406.5,271,Texas
02/02/2024,Mantequilla con sal,1992.0,498,Nueva York
26/02/2024,Cuajada,2136.2,971,Nueva York
18/01/2024,Leche entera,945.0,270,Florida
22/07/2024,Dulce de leche,2877.0,959,Florida
01/08/2024,Yogur natural,3122.0,892,Nueva York
02/05/2024,Queso mozzarella,1800.0,480,Nueva York
21/04/2024,Cuajada,101.2,46,California
18/04/2024,Leche entera,348.75,279,Florida
17/01/2024,Queso edam,3396.25,715,Massachusetts
16/12/2024,Leche descremada,844.1,734,Florida
01/09/2024,Dulce de leche,789.0,263,Florida
08/03/2024,Queso azul gorgonzola,2406.0,401,California
14/01/2024,Mantequilla con sal,1884.0,471,Florida
17/09/2024,Yogur con frutas,1016.4,847,Texas
20/04/2024,Yogur natural,650.0,650,Massachusetts
17/02/2024,Queso brie,2922.0,487,Nueva York
29/04/2024,Mantequilla sin sal,2347.8,559,Florida
06/11/2024,Yogur griego,241.5,161,California
29/11/2024,Cuajada,1971.2,896,Massachusetts
20/08/2024,Queso crema,1862.0,665,California
17/10/2024,Leche deslactosada,781.15,919,Nueva York
29/03/2024,Queso crema,649.6,232,Texas
01/09/2024,Yogur griego,1353.0,902,California
26/12/2024,Yogur con frutas,406.8,339,Texas
06/05/2024,Kumis,675.0,270,Massachusetts
17/07/2024,Mantequilla sin sal,1554.0,370,Florida
14/07/2024,Queso azul gorgonzola,3420.0,570,Florida
18/04/2024,Crema batida,2055.0,548,Massachusetts
27/11/2024,Leche descremada,1054.55,917,Massachusetts
02/10/2024,Mantequilla con sal,1592.0,398,Texas
14/07/2024,Crema agria,1490.0,596,Florida
04/09/2024,Leche evaporada,2189.6,952,California
03/08/2024,Leche descremada,236.9,206,California
23/05/2024,Crema agria,1275.0,510,California
27/10/2024,Mantequilla sin sal,667.8,159,Nueva York
07/10/2024,Leche en polvo,4394.5,799,Massachusetts
05/03/2024,Mantequilla sin sal,1911.0,455,Texas
28/02/2024,Yogur con frutas,1158.0,965,Florida
11/09/2024,Crema de leche,4564.38,762,Florida
29/02/2024,Crema agria,492.5,197,Florida
19/10/2024,Crema agria,697.5,279,Massachusetts
13/06/2024,Leche saborizada,101.0,101,Nueva York
16/06/2024,Queso crema,1008.0,360,Nueva York
30/04/2024,Leche semidescremada,258.3,369,California
01/04/2024,Suero de leche,1572.0,786,Massachusetts
16/04/2024,Crema batida,3123.75,833,California
16/11/2024,Mantequilla clarificada (ghee),684.25,119,Massachusetts
04/02/2024,Mantequilla sin sal,772.8,184,Florida
30/06/2024,Mantequilla con sal,244.0,61,Florida
11/07/2024,Queso camembert,3540.0,590,Massachusetts
12/07/2024,Helado,1494.0,996,Nueva York
04/09/2024,Helado,1308.0,872,Nueva York
26/02/2024,Leche descremada,976.35,849,Massachusetts
10/03/2024,Helado,4173.5,982,Massachusetts
25/10/2024,Leche en polvo,3729.0,678,Massachusetts
24/09/2024,Crema batida,2771.25,739,Nueva York
23/11/2024,Leche descremada,63.7,98,Florida
28/07/2024,Mantequilla con sal,1292.0,323,Texas
18/03/2024,Cuajada,2114.2,961,Florida
22/09/2024,Queso brie,5934.0,989,Nueva York
17/08/2024,Queso cheddar añejo,1030.0,206,Florida
22/02/2024,Leche condensada,297.5,119,Florida
04/07/2024,Suero de leche,24.0,12,California
07/12/2024,Helado,1498.5,999,Texas
17/04/2024,Mantequilla clarificada (ghee),2173.5,378,Texas
12/04/2024,Bebidas lácteas,1454.0,727,Florida
19/01/2024,Yogur natural,674.0,674,California
09/09/2024,Yogur griego,1032.0,688,Nueva York
13/11/2024,Kumis,1560.0,624,Massachusetts
21/07/2024,Queso gouda,4396.5,977,Massachusetts
16/06/2024,Crema batida,3517.5,938,Texas
16/12/2024,Mantequilla sin sal,1558.2,371,Florida
13/09/2024,Yogur natural,331.0,331,Nueva York
12/05/2024,Dulce de leche,1668.0,556,California
24/09/2024,Mantequilla clarificada (ghee),2972.75,517,Massachusetts
18/11/2024,Crema de leche,3000.99,501,California
13/08/2024,Dulce de leche,1848.0,616,Texas
13/11/2024,Leche saborizada,424.0,424,Florida
19/09/2024,Crema batida,1875.0,500,California
04/04/2024,Mantequilla sin sal,2217.6,528,Massachusetts
23/01/2024,Crema agria,1345.0,538,Nueva York
06/10/2024,Suero de leche,1164.0,582,Massachusetts
03/10/2024,Crema agria,2097.5,839,Massachusetts
12/04/2024,Cuajada,1702.8,774,California
01/08/2024,Kumis,1257.5,503,Florida
22/09/2024,Mantequilla con sal,3608.0,902,Nueva York
04/07/2024,Crema de leche,2467.88,412,Massachusetts
07/04/2024,Crema de leche,1695.17,283,Nueva York
24/05/2024,Dulce de leche,903.0,301,Nueva York
25/06/2024,Kumis,1117.5,447,Florida
02/06/2024,Queso brie,3648.0,608,California
08/06/2024,Queso blanco,600.0,120,Florida
29/01/2024,Queso crema,257.6,92,Massachusetts
07/09/2024,Dulce de leche,651.0,217,Nueva York
29/02/2024,Queso crema,1789.2,639,Florida
09/12/2024,Yogur con frutas,747.6,623,Nueva York
01/07/2024,Mantequilla clarificada (ghee),3059.0,532,Nueva York
03/11/2024,Queso crema,1134.0,405,California
31/07/2024,Kumis,1532.5,613,Texas
15/10/2024,Queso crema,1324.4,473,Nueva York
30/04/2024,Kumis,957.5,383,Nueva York
31/07/2024,Leche saborizada,503.0,503,Massachusetts
16/05/2024,Dulce de leche,1755.0,585,California
02/08/2024,Mantequilla clarificada (ghee),4266.5,742,Nueva York
05/01/2024,Yogur griego,1180.5,787,Massachusetts
16/02/2024,Cuajada,998.8,454,Nueva York
15/12/2024,Yogur natural,448.0,448,California
07/11/2024,Queso havarti,4898.25,933,Texas
30/10/2024,Leche entera,3311.0,946,California
12/07/2024,Yogur con frutas,495.6,413,Texas
13/02/2024,Queso edam,1334.75,281,Nueva York
24/06/2024,Mantequilla sin sal,2343.6,558,Nueva York
07/12/2024,Cuajada,767.8,349,Massachusetts
10/04/2024,Mantequilla sin sal,2167.2,516,Nueva York
11/01/2024,Mantequilla sin sal,2368.8,564,Massachusetts
09/08/2024,Mantequilla con sal,2896.0,724,Texas
21/03/2024,Yogur griego,301.5,201,Texas
06/12/2024,Crema batida,1177.5,314,Massachusetts
26/02/2024,Mantequilla con sal,156.0,39,Nueva York
12/07/2024,Mantequilla con sal,1440.0,360,Florida
04/07/2024,Queso azul roquefort,5137.5,822,Texas
28/03/2024,Queso crema,2514.4,898,California
28/04/2024,Queso azul gorgonzola,2466.0,411,California
28/11/2024,Helado,1359.0,906,Nueva York
14/07/2024,Leche evaporada,2081.5,905,Nueva York
29/04/2024,Leche saborizada,40.0,40,Texas
20/02/2024,Kumis,917.5,367,California
23/01/2024,Mantequilla con sal,1608.0,402,Texas
21/02/2024,Yogur con frutas,63.6,53,Nueva York
12/11/2024,Dulce de leche,636.0,212,Florida
24/10/2024,Kumis,1920.0,768,Massachusetts
30/05/2024,Queso parmesano,4430.4,923,California
15/05/2024,Queso cheddar añejo,3155.0,631,Massachusetts
18/03/2024,Mantequilla con sal,616.0,154,Florida
11/06/2024,Leche condensada,1917.5,767,Texas
01/03/2024,Queso crema,1612.8,576,Texas
24/07/2024,Helado,907.5,605,Texas
26/06/2024,Leche entera,186.75,249,Nueva York
09/01/2024,Kumis,522.5,209,Nueva York
04/10/2024,Queso para untar,2889.6,903,California
16/09/2024,Queso crema,823.2,294,Massachusetts
20/08/2024,Mantequilla sin sal,1625.4,387,Nueva York
04/05/2024,Crema batida,2696.25,719,Massachusetts
06/02/2024,Leche deslactosada,320.45,377,Massachusetts
13/09/2024,Mantequilla sin sal,533.4,127,California
13/02/2024,Queso camembert,5610.0,935,Nueva York
23/08/2024,Queso brie,954.0,159,Nueva York
18/04/2024,Mantequilla clarificada (ghee),1730.75,301,Texas
13/03/2024,Yogur griego,1297.5,865,Nueva York
06/07/2024,Mantequilla sin sal,1289.4,307,Massachusetts
30/03/2024,Queso parmesano,230.4,48,Massachusetts
23/11/2024,Mantequilla clarificada (ghee),3220.0,560,California
24/03/2024,Crema de leche,3192.67,533,Nueva York
08/06/2024,Cuajada,1287.0,585,Massachusetts
21/11/2024,Queso mozzarella,3637.5,970,California
08/02/2024,Queso mozzarella,810.0,216,Nueva York
20/10/2024,Yogur griego,639.0,426,Nueva York
06/09/2024,Mantequilla clarificada (ghee),5186.5,902,Florida
11/10/2024,Bebidas lácteas,20.0,10,Massachusetts
23/06/2024,Suero de leche,62.0,31,Texas
15/04/2024,Leche en polvo,88.0,16,Florida
24/09/2024,Kumis,1075.0,430,Florida
21/08/2024,Suero de leche,1260.0,630,Texas
30/08/2024,Cuajada,1738.0,790,Florida
26/06/2024,Suero de leche,344.0,172,Florida
03/08/2024,Leche semidescremada,441.6,368,Texas
05/08/2024,Crema batida,712.5,190,Florida
17/06/2024,Yogur natural,450.0,450,Florida
26/05/2024,Mantequilla con sal,3516.0,879,Florida
01/06/2024,Crema de leche,1347.75,225,Florida
04/01/2024,Leche evaporada,1407.6,612,Florida
17/09/2024,Queso crema,187.6,67,Texas
09/06/2024,Kumis,940.0,376,California
02/11/2024,Queso crema,837.2,299,Massachusetts
14/03/2024,Mantequilla clarificada (ghee),1558.25,271,California
20/02/2024,Queso parmesano,3710.4,773,Florida
30/09/2024,Crema de leche,3150.74,526,California
27/10/2024,Mantequilla clarificada (ghee),4099.75,713,Florida
19/06/2024,Queso camembert,4146.0,691,Massachusetts
12/12/2024,Queso gouda,3541.5,787,Florida
17/07/2024,Queso gouda,2641.5,587,Nueva York
11/08/2024,Mantequilla sin sal,2612.4,622,Massachusetts
01/08/2024,Mantequilla clarificada (ghee),396.75,69,Texas
03/01/2024,Mantequilla sin sal,999.6,238,California
03/05/2024,Queso azul roquefort,3412.5,546,Texas
21/01/2024,Queso gruyere,4427.5,805,Texas
29/04/2024,Mantequilla con sal,3968.0,992,California
04/08/2024,Queso azul gorgonzola,4782.0,797,Massachusetts
04/11/2024,Mantequilla con sal,376.0,94,Texas
18/12/2024,Queso para untar,358.4,112,Texas
29/09/2024,Mantequilla con sal,1760.0,440,California
04/09/2024,Queso crema,1408.4,503,Massachusetts
07/05/2024,Cuajada,1331.0,605,Texas
28/03/2024,Mantequilla clarificada (ghee),3306.25,575,California
27/05/2024,Cuajada,2131.8,969,Massachusetts
31/03/2024,Queso azul gorgonzola,4554.0,759,Florida
23/05/2024,Queso camembert,960.0,160,Florida
17/09/2024,Queso edam,4322.5,910,Florida
27/11/2024,Mantequilla clarificada (ghee),1736.5,302,Massachusetts
09/08/2024,Helado,1712.75,403,Massachusetts
30/11/2024,Yogur griego,1365.0,910,Nueva York
06/05/2024,Queso blanco,770.0,154,Texas
10/04/2024,Leche saborizada,935.0,935,Massachusetts
14/10/2024,Queso edam,1596.0,336,Florida
14/02/2024,Suero de leche,340.0,170,Nueva York
25/07/2024,Crema agria,950.0,380,California
18/01/2024,Queso para untar,2249.6,703,Texas
10/01/2024,Kumis,1497.5,599,California
18/01/2024,Queso cheddar añejo,1225.0,245,California
26/10/2024,Leche deslactosada,1051.7,809,Florida
10/01/2024,Crema agria,1120.0,448,Florida
30/07/2024,Mantequilla sin sal,789.6,188,Massachusetts
20/09/2024,Yogur con frutas,621.6,518,Massachusetts
21/03/2024,Leche en polvo,1639.0,298,Nueva York
02/09/2024,Queso cheddar añejo,205.0,41,Nueva York
31/10/2024,Bebidas lácteas,296.0,148,Texas
17/02/2024,Kumis,1820.0,728,Massachusetts
09/05/2024,Queso gouda,2992.5,665,Texas
18/06/2024,Mantequilla con sal,3476.0,869,Florida
23/11/2024,Helado,935.0,220,Massachusetts
29/10/2024,Leche deslactosada,430.3,331,Texas
21/06/2024,Mantequilla con sal,3304.0,826,Florida
15/09/2024,Mantequilla clarificada (ghee),1863.0,324,Texas
23/11/2024,Queso crema,2122.4,758,Florida
07/08/2024,Queso en lonchas,2971.6,782,Florida
27/07/2024,Leche saborizada,121.0,121,Massachusetts
29/03/2024,Queso gruyere,4889.5,889,Massachusetts
26/10/2024,Helado,3455.25,813,Texas
03/02/2024,Mantequilla clarificada (ghee),5554.5,966,Texas
06/01/2024,Mantequilla con sal,2904.0,726,Massachusetts
19/07/2024,Crema agria,1742.5,697,California
06/11/2024,Crema agria,2272.5,909,Florida
26/03/2024,Leche deslactosada,207.4,244,Massachusetts
30/03/2024,Queso blanco,4625.0,925,Texas
23/10/2024,Mantequilla con sal,3164.0,791,Massachusetts
02/06/2024,Suero de leche,390.0,195,Massachusetts
20/02/2024,Bebidas lácteas,810.0,405,Florida
17/08/2024,Mantequilla con sal,756.0,189,California
16/04/2024,Mantequilla con sal,864.0,216,California
25/06/2024,Yogur con frutas,642.0,535,Massachusetts
29/09/2024,Crema de leche,4294.83,717,Florida
24/07/2024,Queso azul gorgonzola,5562.0,927,Massachusetts
13/04/2024,Mantequilla clarificada (ghee),2961.25,515,Florida
10/06/2024,Crema de leche,2234.27,373,California
04/03/2024,Crema agria,1115.0,446,Florida
28/01/2024,Leche entera,636.25,509,California
24/08/2024,Queso crema,1971.2,704,Florida
26/06/2024,Mantequilla sin sal,2503.2,596,Texas
01/10/2024,Leche saborizada,752.0,752,Massachusetts
29/12/2024,Crema de leche,838.6,140,Nueva York
08/02/2024,Mantequilla clarificada (ghee),4042.25,703,Massachusetts
03/02/2024,Yogur griego,300.0,200,Nueva York
11/04/2024,Mantequilla clarificada (ghee),3404.0,592,Texas
14/11/2024,Cuajada,950.4,432,Texas
14/09/2024,Kumis,2365.0,946,Massachusetts
25/03/2024,Mantequilla sin sal,3872.4,922,Florida
29/01/2024,Leche deslactosada,564.2,434,Florida
17/12/2024,Mantequilla con sal,992.0,248,Nueva York
15/06/2024,Queso ricota,2212.0,553,Texas
11/10/2024,Mantequilla con sal,2036.0,509,Massachusetts
27/08/2024,Cuajada,697.4,317,Florida
01/12/2024,Crema de leche,856.57,143,California
28/03/2024,Queso en lonchas,209.0,55,Massachusetts
07/03/2024,Queso azul roquefort,1793.75,287,California
28/07/2024,Queso crema,2125.2,759,Massachusetts
28/07/2024,Kumis,887.5,355,California
15/11/2024,Leche en polvo,1407.0,469,Massachusetts
11/03/2024,Suero de leche,1704.0,852,Florida
31/08/2024,Crema de leche,958.4,160,California
28/01/2024,Dulce de leche,807.0,269,Massachusetts
23/02/2024,Yogur griego,150.0,100,Florida
09/07/2024,Dulce de leche,2064.0,688,Texas
21/06/2024,Suero de leche,646.0,323,California
28/03/2024,Dulce de leche,525.0,175,Nueva York
03/10/2024,Helado,624.75,147,Florida
14/08/2024,Yogur con frutas,483.6,403,Massachusetts
12/04/2024,Leche descremada,263.9,406,Florida
30/06/2024,Leche evaporada,2106.8,916,Nueva York
28/03/2024,Mantequilla sin sal,1163.4,277,Texas
11/01/2024,Dulce de leche,2385.0,795,California
15/05/2024,Queso havarti,2877.0,548,California
02/11/2024,Queso gouda,1867.5,415,California
30/06/2024,Queso blanco,4505.0,901,Massachusetts
17/08/2024,Queso cheddar añejo,425.0,85,Texas
05/04/2024,Mantequilla clarificada (ghee),4203.25,731,Nueva York
17/04/2024,Cuajada,1865.6,848,Massachusetts
11/11/2024,Queso havarti,346.5,66,Massachusetts
20/03/2024,Crema de leche,886.52,148,Florida
14/12/2024,Queso cheddar añejo,3150.0,630,Nueva York
22/01/2024,Mantequilla con sal,1516.0,379,Texas
29/07/2024,Queso para untar,819.2,256,Massachusetts
17/04/2024,Yogur griego,619.5,413,Massachusetts
28/04/2024,Mantequilla sin sal,3805.2,906,Texas
26/12/2024,Mantequilla clarificada (ghee),5485.5,954,Florida
19/10/2024,Dulce de leche,1293.0,431,California
27/01/2024,Mantequilla clarificada (ghee),2047.0,356,California
20/05/2024,Queso para untar,1036.8,324,Nueva York
06/01/2024,Kumis,232.5,93,Nueva York
13/11/2024,Yogur griego,552.0,368,Florida
15/07/2024,Queso en lonchas,2204.0,580,Nueva York
30/07/2024,Kumis,2432.5,973,Texas
09/08/2024,Mantequilla clarificada (ghee),1978.0,344,California
17/12/2024,Yogur con frutas,75.6,63,Nueva York
23/09/2024,Kumis,1852.5,741,Massachusetts
01/12/2024,Queso crema,1475.6,527,Florida
04/09/2024,Leche saborizada,277.0,277,Nueva York
18/08/2024,Mantequilla sin sal,3402.0,810,Massachusetts
30/06/2024,Mantequilla sin sal,3977.4,947,Texas
19/01/2024,Crema agria,887.5,355,Nueva York
12/07/2024,Queso cheddar añejo,2355.0,471,Massachusetts
08/11/2024,Suero de leche,1226.0,613,Texas
28/01/2024,Yogur con frutas,854.4,712,Texas
19/01/2024,Yogur con frutas,72.0,60,Florida
17/11/2024,Kumis,1732.5,693,California
20/03/2024,Cuajada,1058.2,481,Florida
17/03/2024,Helado,703.5,469,California
05/05/2024,Queso parmesano,2649.6,552,Massachusetts
11/04/2024,Leche evaporada,816.5,355,Texas
29/10/2024,Leche entera,2639.0,754,Florida
07/01/2024,Queso havarti,456.75,87,Massachusetts
08/03/2024,Mantequilla con sal,1656.0,414,Florida
29/12/2024,Queso parmesano,3508.8,731,Texas
21/08/2024,Crema de leche,2162.39,361,Nueva York
15/11/2024,Suero de leche,448.0,224,Nueva York
25/08/2024,Queso en lonchas,3138.8,826,Nueva York
08/04/2024,Suero de leche,1242.0,621,California
24/01/2024,Leche deslactosada,821.1,966,Massachusetts
28/07/2024,Mantequilla con sal,3304.0,826,Texas
05/06/2024,Leche descremada,334.65,291,California
16/09/2024,Queso ricota,1060.0,265,Florida
08/08/2024,Queso cheddar añejo,2280.0,456,Massachusetts
11/09/2024,Mantequilla sin sal,1944.6,463,Florida
12/04/2024,Yogur con frutas,1161.6,968,Texas
25/09/2024,Mantequilla con sal,880.0,220,Nueva York
11/08/2024,Crema batida,2373.75,633,California
10/09/2024,Helado,1036.5,691,Texas
23/06/2024,Yogur con frutas,955.2,796,Nueva York
24/10/2024,Yogur griego,306.0,204,Florida
13/02/2024,Mantequilla clarificada (ghee),3093.5,538,Nueva York
21/04/2024,Leche deslactosada,372.3,438,Nueva York
26/03/2024,Helado,715.5,477,Florida
10/10/2024,Mantequilla sin sal,2154.6,513,Nueva York
15/01/2024,Yogur griego,1351.5,901,California
26/02/2024,Yogur natural,3024.0,864,Massachusetts
23/10/2024,Kumis,2157.5,863,Florida
25/01/2024,Mantequilla clarificada (ghee),2932.5,510,California
20/05/2024,Queso crema,1388.8,496,Florida
10/08/2024,Yogur natural,678.0,678,Massachusetts
08/04/2024,Leche entera,640.0,512,Texas
08/08/2024,Queso azul gorgonzola,2874.0,479,Florida
18/01/2024,Queso azul gorgonzola,2832.0,472,Florida
17/12/2024,Yogur natural,752.0,752,Florida
26/07/2024,Suero de leche,954.0,477,Massachusetts
08/06/2024,Leche condensada,647.5,259,Massachusetts
03/09/2024,Queso havarti,3701.25,705,Nueva York
17/01/2024,Mantequilla con sal,3880.0,970,Massachusetts
16/07/2024,Queso crema,324.8,116,Florida
09/04/2024,Bebidas lácteas,1960.0,980,Nueva York
03/07/2024,Yogur natural,2495.5,713,Nueva York
30/11/2024,Cuajada,66.0,30,Nueva York
17/08/2024,Crema batida,881.25,235,Texas
06/04/2024,Mantequilla con sal,1028.0,257,Florida
01/04/2024,Mantequilla clarificada (ghee),2564.5,446,California
02/04/2024,Suero de leche,1770.0,885,Nueva York
06/06/2024,Queso crema,2270.8,811,California
13/03/2024,Queso camembert,4740.0,790,California
03/02/2024,Cuajada,987.8,449,Massachusetts
14/01/2024,Kumis,1500.0,600,Massachusetts
28/01/2024,Cuajada,759.0,345,Massachusetts
17/01/2024,Crema agria,1102.5,441,Nueva York
10/01/2024,Suero de leche,948.0,474,Texas
20/07/2024,Suero de leche,632.0,316,Florida
06/06/2024,Queso cheddar añejo,1640.0,328,Massachusetts
19/04/2024,Yogur con frutas,646.8,539,Massachusetts
11/01/2024,Queso para untar,2281.6,713,Texas
16/10/2024,Suero de leche,1440.0,720,California
25/03/2024,Yogur griego,147.0,98,Texas
28/02/2024,Cuajada,1012.0,460,Massachusetts
27/06/2024,Bebidas lácteas,1071.6,893,Florida
05/11/2024,Mantequilla sin sal,848.4,202,Nueva York
15/06/2024,Kumis,2285.0,914,Texas
21/10/2024,Leche descremada,428.95,373,Florida
27/01/2024,Queso azul roquefort,306.25,49,Texas
11/03/2024,Crema batida,2505.0,668,Massachusetts
08/12/2024,Crema batida,2816.25,751,Florida
15/09/2024,Crema de leche,551.08,92,California
20/11/2024,Mantequilla con sal,804.0,201,California
28/07/2024,Mantequilla clarificada (ghee),1276.5,222,California
15/04/2024,Leche semidescremada,1034.4,862,Nueva York
25/12/2024,Crema batida,960.0,256,California
05/12/2024,Queso azul roquefort,1587.5,254,Texas
19/12/2024,Queso cheddar añejo,2390.0,478,Florida
09/06/2024,Crema agria,1265.0,506,Nueva York
22/07/2024,Leche descremada,48.75,75,Massachusetts
12/05/2024,Mantequilla con sal,640.0,160,Texas
21/07/2024,Leche entera,3377.5,965,Nueva York
16/03/2024,Queso parmesano,297.6,62,Massachusetts
29/02/2024,Queso brie,4620.0,770,Florida
07/01/2024,Crema de leche,1102.16,184,Massachusetts
16/07/2024,Mantequilla clarificada (ghee),3432.75,597,Nueva York
20/01/2024,Helado,165.0,110,Massachusetts
02/04/2024,Dulce de leche,1788.0,596,Texas
13/02/2024,Cuajada,1806.2,821,Florida
14/08/2024,Suero de leche,1846.0,923,Nueva York
13/05/2024,Cuajada,338.8,154,Florida
14/08/2024,Helado,340.0,80,Florida
14/11/2024,Queso para untar,1497.6,468,Texas
11/12/2024,Yogur griego,1051.5,701,Nueva York
06/07/2024,Mantequilla clarificada (ghee),2162.0,376,California
08/06/2024,Helado,2354.5,554,Florida
28/10/2024,Mantequilla sin sal,1390.2,331,Nueva York
10/11/2024,Leche entera,143.25,191,Nueva York
26/10/2024,Queso parmesano,1675.2,349,Massachusetts
14/01/2024,Leche condensada,1200.0,480,Nueva York
29/06/2024,Queso en lonchas,456.0,120,Nueva York
21/04/2024,Cuajada,1982.2,901,Texas
26/01/2024,Mantequilla clarificada (ghee),2806.0,488,Florida
03/05/2024,Crema de leche,3953.4,660,California
06/01/2024,Cuajada,503.8,229,Florida
18/06/2024,Kumis,260.0,104,Nueva York
04/06/2024,Leche saborizada,761.0,761,California
13/02/2024,Mantequilla con sal,2824.0,706,California
19/08/2024,Leche condensada,665.0,266,Massachusetts
30/06/2024,Queso cheddar añejo,3825.0,765,Florida
05/05/2024,Dulce de leche,1131.0,377,California
16/02/2024,Crema de leche,3522.12,588,Texas
27/01/2024,Mantequilla con sal,3652.0,913,Florida
13/07/2024,Kumis,1797.5,719,Texas
08/11/2024,Mantequilla con sal,1220.0,305,Massachusetts
25/03/2024,Queso azul gorgonzola,2874.0,479,Massachusetts
27/10/2024,Queso gouda,414.0,92,Florida
07/06/2024,Queso brie,3330.0,555,Florida
16/12/2024,Yogur con frutas,1192.8,994,Florida
22/10/2024,Queso blanco,1245.0,249,Massachusetts
09/07/2024,Queso en lonchas,1227.4,323,Massachusetts
10/12/2024,Yogur con frutas,727.2,606,California
01/02/2024,Queso crema,383.6,137,Nueva York
26/10/2024,Yogur griego,297.0,198,Texas
13/02/2024,Suero de leche,832.0,416,Texas
26/08/2024,Leche condensada,1390.0,556,California
11/05/2024,Mantequilla con sal,3668.0,917,Massachusetts
06/05/2024,Crema batida,232.5,62,Massachusetts
07/05/2024,Crema de leche,5540.75,925,Massachusetts
25/04/2024,Cuajada,2112.0,960,Texas
22/06/2024,Mantequilla con sal,2428.0,607,Florida
09/04/2024,Yogur con frutas,738.0,615,Nueva York
10/02/2024,Suero de leche,1024.0,512,California
05/06/2024,Crema batida,2325.0,620,Texas
31/10/2024,Mantequilla clarificada (ghee),5077.25,883,Texas
11/05/2024,Leche entera,465.0,372,Massachusetts
17/01/2024,Queso ricota,552.0,138,Massachusetts
06/10/2024,Queso gruyere,4779.5,869,Florida
11/02/2024,Kumis,87.5,35,Florida
22/04/2024,Mantequilla sin sal,4019.4,957,Texas
30/05/2024,Kumis,2232.5,893,Massachusetts
15/02/2024,Leche descremada,980.95,853,Nueva York
07/07/2024,Kumis,2317.5,927,Nueva York
08/11/2024,Yogur con frutas,1116.0,930,Nueva York
09/05/2024,Yogur natural,2397.5,685,Florida
08/11/2024,Dulce de leche,363.0,121,Texas
30/08/2024,Mantequilla clarificada (ghee),3277.5,570,Nueva York
17/02/2024,Leche saborizada,637.0,637,California
29/04/2024,Queso crema,1212.4,433,Florida
15/05/2024,Yogur con frutas,1047.6,873,Florida
27/05/2024,Crema de leche,5852.23,977,Florida
18/05/2024,Leche en polvo,1257.0,419,Florida
31/08/2024,Mantequilla con sal,1668.0,417,Nueva York
07/01/2024,Crema de leche,2605.65,435,Texas
24/06/2024,Leche entera,3122.0,892,California
18/03/2024,Crema agria,1177.5,471,Massachusetts
04/11/2024,Helado,691.5,461,Nueva York
23/08/2024,Queso mozzarella,896.25,239,California
07/10/2024,Crema agria,2247.5,899,Florida
27/12/2024,Crema batida,2047.5,546,Massachusetts
30/09/2024,Mantequilla sin sal,2864.4,682,Florida
28/05/2024,Leche deslactosada,473.2,364,Nueva York
13/04/2024,Mantequilla sin sal,1835.4,437,Florida
19/10/2024,Yogur con frutas,812.4,677,Massachusetts
19/08/2024,Suero de leche,1180.0,590,Texas
09/03/2024,Kumis,1472.5,589,California
21/12/2024,Queso mozzarella,2463.75,657,Nueva York
08/09/2024,Leche en polvo,363.0,121,California
10/01/2024,Queso para untar,972.8,304,Nueva York
10/05/2024,Crema de leche,2797.33,467,Nueva York
07/09/2024,Mantequilla sin sal,3015.6,718,California
04/12/2024,Leche entera,505.5,674,Massachusetts
09/12/2024,Crema agria,835.0,334,Nueva York
27/08/2024,Crema batida,1886.25,503,Nueva York
16/06/2024,Queso cheddar añejo,1385.0,277,California
06/11/2024,Cuajada,409.2,186,Nueva York
19/11/2024,Mantequilla sin sal,96.6,23,Texas
21/11/2024,Queso cheddar añejo,230.0,46,California
13/12/2024,Leche descremada,784.3,682,Nueva York
02/06/2024,Crema batida,1432.5,382,Florida
03/01/2024,Helado,754.5,503,Texas
24/11/2024,Queso en lonchas,2219.2,584,Texas
03/04/2024,Leche descremada,635.7,978,Massachusetts
26/02/2024,Leche evaporada,1902.1,827,Massachusetts
22/12/2024,Crema agria,1707.5,683,Massachusetts
24/08/2024,Crema de leche,4911.8,820,Massachusetts
14/11/2024,Helado,807.0,538,Massachusetts
01/10/2024,Mantequilla clarificada (ghee),2110.25,367,Nueva York
08/05/2024,Mantequilla clarificada (ghee),5347.5,930,Texas
03/02/2024,Queso ricota,3284.0,821,Nueva York
22/09/2024,Kumis,2150.0,860,Nueva York
20/10/2024,Crema de leche,4851.9,810,Massachusetts
05/05/2024,Mantequilla con sal,1160.0,290,California
22/12/2024,Leche en polvo,792.0,144,California
02/05/2024,Leche en polvo,1218.0,406,California
08/12/2024,Bebidas lácteas,124.8,104,Massachusetts
03/06/2024,Leche entera,1277.5,365,Florida
16/12/2024,Queso ricota,2200.0,550,California
03/12/2024,Mantequilla con sal,1768.0,442,Florida
04/04/2024,Crema batida,532.5,142,California
21/01/2024,Crema agria,1912.5,765,Texas
29/09/2024,Helado,3213.0,756,California
28/02/2024,Leche descremada,826.85,719,Massachusetts
28/03/2024,Kumis,200.0,80,Florida
11/08/2024,Mantequilla clarificada (ghee),1983.75,345,Nueva York
27/06/2024,Mantequilla clarificada (ghee),3869.75,673,California
22/12/2024,Crema de leche,712.81,119,Massachusetts
26/07/2024,Queso azul gorgonzola,1272.0,212,Nueva York
05/08/2024,Mantequilla sin sal,2209.2,526,Massachusetts
25/06/2024,Crema batida,1773.75,473,Nueva York
23/11/2024,Leche deslactosada,388.7,299,Nueva York
12/08/2024,Dulce de leche,1152.0,384,Florida
16/08/2024,Helado,85.5,57,California
11/07/2024,Crema batida,3082.5,822,California
01/05/2024,Dulce de leche,561.0,187,Nueva York
27/11/2024,Bebidas lácteas,64.0,32,Texas
14/07/2024,Yogur natural,3188.5,911,Texas
26/01/2024,Crema de leche,4097.16,684,Texas
10/10/2024,Helado,1270.75,299,Massachusetts
27/06/2024,Bebidas lácteas,350.4,292,California
15/11/2024,Suero de leche,580.0,290,Nueva York
09/04/2024,Yogur con frutas,627.6,523,Massachusetts
18/02/2024,Queso en lonchas,585.2,154,Nueva York
24/07/2024,Kumis,1412.5,565,California
21/08/2024,Queso havarti,2068.5,394,Texas
02/01/2024,Queso ricota,1744.0,436,California
23/08/2024,Helado,660.0,440,Texas
28/12/2024,Queso crema,1260.0,450,Texas
04/05/2024,Kumis,1617.5,647,Massachusetts
31/08/2024,Kumis,237.5,95,Nueva York
18/09/2024,Queso camembert,282.0,47,Texas
09/03/2024,Mantequilla sin sal,1255.8,299,Texas
29/05/2024,Helado,714.0,476,Massachusetts
21/11/2024,Leche condensada,1002.5,401,California
12/12/2024,Dulce de leche,144.0,48,California
04/02/2024,Mantequilla con sal,2188.0,547,Florida
23/08/2024,Leche descremada,165.1,254,Nueva York
04/08/2024,Queso para untar,438.4,137,Texas
01/04/2024,Queso cheddar añejo,2730.0,546,California
31/07/2024,Dulce de leche,1122.0,374,Florida
20/01/2024,Queso en lonchas,1170.4,308,Texas
06/08/2024,Leche semidescremada,97.2,81,California
12/08/2024,Queso edam,3619.5,762,Massachusetts
02/07/2024,Queso cheddar añejo,1160.0,232,Nueva York
02/12/2024,Mantequilla sin sal,2885.4,687,Florida
17/05/2024,Kumis,1805.0,722,Nueva York
30/01/2024,Mantequilla clarificada (ghee),4548.25,791,Texas
21/06/2024,Queso blanco,2635.0,527,Florida
19/09/2024,Leche saborizada,902.0,902,Florida
11/12/2024,Mantequilla clarificada (ghee),2599.0,452,Nueva York
20/08/2024,Queso para untar,2185.6,683,Texas
16/04/2024,Crema agria,1672.5,669,Texas
06/10/2024,Mantequilla con sal,2472.0,618,Massachusetts
18/11/2024,Yogur griego,282.0,188,Texas
02/01/2024,Crema agria,955.0,382,Massachusetts
21/02/2024,Mantequilla clarificada (ghee),2317.25,403,Nueva York
18/11/2024,Dulce de leche,2973.0,991,California
22/12/2024,Leche condensada,2080.0,832,Massachusetts
03/08/2024,Yogur natural,109.0,109,California
15/05/2024,Mantequilla con sal,1648.0,412,Massachusetts
15/12/2024,Suero de leche,378.0,189,Nueva York
15/10/2024,Mantequilla clarificada (ghee),1995.25,347,California
21/07/2024,Cuajada,1454.2,661,Florida
19/12/2024,Mantequilla clarificada (ghee),3392.5,590,Nueva York
21/08/2024,Leche condensada,315.0,126,Texas
27/04/2024,Mantequilla sin sal,357.0,85,Florida
27/09/2024,Mantequilla sin sal,126.0,30,Nueva York
29/04/2024,Dulce de leche,66.0,22,Texas
03/12/2024,Queso crema,53.2,19,Florida
13/08/2024,Suero de leche,1528.0,764,Massachusetts
19/09/2024,Yogur natural,1746.5,499,California
01/11/2024,Mantequilla con sal,2352.0,588,Texas
08/05/2024,Helado,1032.0,688,Texas
27/07/2024,Crema de leche,4803.98,802,Massachusetts
13/12/2024,Suero de leche,968.0,484,Florida
20/02/2024,Helado,752.25,177,Florida
17/07/2024,Queso parmesano,4444.8,926,Florida
21/04/2024,Leche semidescremada,415.1,593,Florida
12/03/2024,Dulce de leche,2226.0,742,Florida
18/03/2024,Yogur griego,661.5,441,Texas
08/08/2024,Crema batida,2542.5,678,Texas
08/07/2024,Mantequilla sin sal,2465.4,587,Nueva York
12/06/2024,Suero de leche,1746.0,873,Florida
22/08/2024,Suero de leche,1124.0,562,Nueva York
22/11/2024,Queso brie,2070.0,345,California
08/12/2024,Yogur con frutas,558.0,465,Texas
26/01/2024,Helado,403.75,95,Texas
29/08/2024,Queso havarti,2226.0,424,Nueva York
16/03/2024,Kumis,1730.0,692,Texas
11/01/2024,Mantequilla clarificada (ghee),5152.0,896,California
22/10/2024,Queso para untar,2304.0,720,California
31/03/2024,Bebidas lácteas,1095.6,913,Massachusetts
06/11/2024,Cuajada,1295.8,589,Massachusetts
05/01/2024,Yogur natural,71.0,71,Texas
23/05/2024,Yogur griego,1401.0,934,Florida
22/07/2024,Leche semidescremada,407.4,582,California
19/05/2024,Helado,570.0,380,Texas
28/09/2024,Queso mozzarella,281.25,75,California
05/04/2024,Mantequilla clarificada (ghee),3892.75,677,Massachusetts
06/02/2024,Queso cheddar añejo,3645.0,729,Florida
08/05/2024,Leche deslactosada,1268.8,976,Nueva York
04/04/2024,Mantequilla con sal,2180.0,545,Texas
01/01/2024,Queso azul roquefort,3162.5,506,Texas
04/10/2024,Leche evaporada,1938.9,843,Florida
15/04/2024,Mantequilla con sal,2980.0,745,Nueva York
22/08/2024,Crema agria,910.0,364,Massachusetts
29/09/2024,Leche semidescremada,387.6,323,Massachusetts
19/05/2024,Queso en lonchas,2755.0,725,Nueva York
16/07/2024,Leche entera,698.25,931,Nueva York
23/06/2024,Mantequilla con sal,3952.0,988,Texas
04/07/2024,Yogur con frutas,171.6,143,Florida
12/09/2024,Yogur natural,513.0,513,Nueva York
04/10/2024,Queso blanco,650.0,130,Nueva York
07/07/2024,Yogur natural,808.5,231,Florida
17/08/2024,Queso ricota,2052.0,513,Florida
30/05/2024,Queso para untar,1734.4,542,Nueva York
25/01/2024,Queso edam,1444.0,304,Florida
23/04/2024,Leche evaporada,825.7,359,Massachusetts
17/02/2024,Queso gouda,756.0,168,Nueva York
24/11/2024,Queso azul roquefort,475.0,76,Nueva York
23/12/2024,Kumis,490.0,196,Florida
14/05/2024,Queso crema,2324.0,830,Florida
05/02/2024,Yogur griego,171.0,114,Massachusetts
10/09/2024,Bebidas lácteas,768.0,640,California
15/12/2024,Crema batida,1398.75,373,Massachusetts
05/06/2024,Suero de leche,278.0,139,Nueva York
10/03/2024,Queso mozzarella,3228.75,861,Texas
16/08/2024,Mantequilla con sal,404.0,101,California
11/02/2024,Mantequilla sin sal,1020.6,243,Texas
03/06/2024,Mantequilla con sal,2908.0,727,Texas
24/08/2024,Mantequilla clarificada (ghee),563.5,98,Texas
02/05/2024,Crema de leche,3024.95,505,Nueva York
15/03/2024,Queso camembert,384.0,64,California
27/08/2024,Helado,454.75,107,Massachusetts
20/10/2024,Dulce de leche,2187.0,729,Massachusetts
02/09/2024,Queso brie,4146.0,691,Texas
20/09/2024,Mantequilla clarificada (ghee),3559.25,619,California
13/08/2024,Mantequilla con sal,2612.0,653,Nueva York
10/04/2024,Crema batida,1856.25,495,California
29/09/2024,Crema de leche,89.85,15,Nueva York
17/08/2024,Mantequilla sin sal,361.2,86,Nueva York
06/07/2024,Queso ricota,3840.0,960,Florida
22/11/2024,Leche entera,220.0,176,Florida
27/04/2024,Yogur griego,1237.5,825,Nueva York
25/03/2024,Crema de leche,3617.96,604,Florida
12/08/2024,Suero de leche,346.0,173,Florida
17/05/2024,Cuajada,2114.2,961,Massachusetts
26/11/2024,Mantequilla sin sal,2427.6,578,Florida
03/08/2024,Queso para untar,886.4,277,Florida
18/12/2024,Yogur con frutas,357.6,298,Nueva York
25/01/2024,Mantequilla clarificada (ghee),2265.5,394,Texas
22/01/2024,Mantequilla sin sal,789.6,188,Texas
05/09/2024,Yogur griego,1027.5,685,California
24/02/2024,Mantequilla clarificada (ghee),1196.0,208,Massachusetts
02/12/2024,Crema de leche,616.97,103,Nueva York
17/08/2024,Mantequilla sin sal,2805.6,668,Massachusetts
18/09/2024,Leche condensada,840.0,336,Massachusetts
14/03/2024,Crema de leche,3935.43,657,Massachusetts
29/07/2024,Leche evaporada,2240.2,974,Florida
10/01/2024,Mantequilla con sal,1884.0,471,Massachusetts
21/04/2024,Queso edam,3477.0,732,Texas
14/10/2024,Mantequilla con sal,968.0,242,California
02/11/2024,Suero de leche,44.0,22,Nueva York
19/11/2024,Leche saborizada,669.0,446,Nueva York
04/10/2024,Queso azul gorgonzola,1650.0,275,California
29/04/2024,Mantequilla sin sal,4036.2,961,Florida
23/05/2024,Suero de leche,364.0,182,Massachusetts
19/11/2024,Kumis,517.5,207,Nueva York
16/09/2024,Crema de leche,2749.41,459,Florida
04/04/2024,Mantequilla sin sal,4002.6,953,California
16/01/2024,Leche entera,234.5,67,Texas
30/03/2024,Mantequilla clarificada (ghee),5295.75,921,Florida
27/06/2024,Queso parmesano,321.6,67,Texas
25/02/2024,Crema de leche,491.18,82,California
03/02/2024,Helado,961.5,641,Nueva York
18/02/2024,Crema de leche,2018.63,337,Nueva York
27/10/2024,Dulce de leche,1404.0,468,Massachusetts
22/07/2024,Crema de leche,3366.38,562,Nueva York
05/10/2024,Crema batida,1252.5,334,Massachusetts
04/01/2024,Leche semidescremada,536.4,447,Florida
14/05/2024,Queso gruyere,2387.0,434,Texas
12/09/2024,Queso ricota,2640.0,660,Massachusetts
01/07/2024,Crema de leche,4079.19,681,Nueva York
23/09/2024,Kumis,832.5,333,Nueva York
31/08/2024,Helado,612.0,144,Florida
29/04/2024,Bebidas lácteas,1464.0,732,Texas
23/06/2024,Yogur con frutas,160.8,134,Nueva York
22/03/2024,Leche condensada,260.0,104,California
29/11/2024,Yogur griego,1266.0,844,Nueva York
18/10/2024,Queso edam,1325.25,279,Texas
24/04/2024,Leche deslactosada,619.65,729,Florida
15/10/2024,Crema de leche,1389.68,232,California
15/08/2024,Kumis,2065.0,826,Florida
08/09/2024,Mantequilla con sal,1660.0,415,Florida
08/11/2024,Mantequilla con sal,1536.0,384,Nueva York
28/01/2024,Mantequilla clarificada (ghee),3082.0,536,Nueva York
12/04/2024,Yogur griego,367.5,245,California
21/02/2024,Leche saborizada,220.0,220,Massachusetts
13/01/2024,Queso gouda,220.5,49,Texas
23/11/2024,Leche saborizada,1203.0,802,Florida
25/10/2024,Leche semidescremada,1072.8,894,Nueva York
12/01/2024,Crema de leche,802.66,134,California
23/09/2024,Crema agria,475.0,190,Massachusetts
09/12/2024,Queso crema,2525.6,902,Nueva York
27/01/2024,Yogur con frutas,656.4,547,Massachusetts
03/12/2024,Mantequilla sin sal,852.6,203,California
27/02/2024,Queso parmesano,2659.2,554,Florida
09/06/2024,Queso blanco,4030.0,806,Nueva York
28/06/2024,Mantequilla con sal,880.0,220,Texas
09/07/2024,Yogur con frutas,601.2,501,Texas
14/09/2024,Kumis,1972.5,789,Massachusetts
22/08/2024,Mantequilla clarificada (ghee),5249.75,913,Florida
15/01/2024,Queso cheddar añejo,4280.0,856,Texas
25/08/2024,Leche semidescremada,308.7,441,California
28/02/2024,Queso parmesano,2596.8,541,Texas
08/01/2024,Kumis,1432.5,573,Texas
04/11/2024,Yogur griego,700.5,467,California
12/05/2024,Dulce de leche,1470.0,490,California
20/05/2024,Queso cheddar añejo,1985.0,397,California
22/10/2024,Leche saborizada,95.0,95,Florida
24/04/2024,Dulce de leche,177.0,59,Nueva York
20/06/2024,Yogur con frutas,1070.4,892,California
29/02/2024,Kumis,715.0,286,California
25/10/2024,Queso havarti,5076.75,967,Nueva York
23/06/2024,Crema batida,1998.75,533,Florida
28/06/2024,Yogur con frutas,846.0,705,Florida
19/05/2024,Kumis,845.0,338,Florida
26/02/2024,Kumis,2332.5,933,Nueva York
07/11/2024,Bebidas lácteas,931.2,776,California
29/06/2024,Yogur con frutas,99.6,83,Nueva York
20/06/2024,Queso parmesano,2817.6,587,Texas
03/09/2024,Dulce de leche,1878.0,626,Nueva York
25/03/2024,Suero de leche,1954.0,977,Nueva York
16/11/2024,Crema agria,2352.5,941,California
08/06/2024,Leche en polvo,756.0,252,Florida
13/12/2024,Yogur con frutas,22.8,19,California
25/12/2024,Cuajada,281.6,128,California
01/11/2024,Dulce de leche,1680.0,560,Nueva York
29/09/2024,Dulce de leche,2109.0,703,California
04/10/2024,Mantequilla con sal,388.0,97,Nueva York
13/06/2024,Mantequilla con sal,3012.0,753,Nueva York
25/12/2024,Yogur con frutas,682.8,569,Nueva York
03/03/2024,Cuajada,46.2,21,Texas
24/10/2024,Yogur natural,616.0,616,California
13/01/2024,Yogur con frutas,700.8,584,Massachusetts
23/09/2024,Dulce de leche,906.0,302,Massachusetts
08/06/2024,Suero de leche,502.0,251,Nueva York
21/12/2024,Leche saborizada,315.0,210,California
04/10/2024,Queso cheddar añejo,3815.0,763,Nueva York
10/11/2024,Leche entera,2219.0,634,Florida
26/05/2024,Queso havarti,4835.25,921,Nueva York
14/07/2024,Suero de leche,492.0,246,California
07/05/2024,Leche descremada,1026.95,893,Nueva York
24/06/2024,Yogur griego,73.5,49,California
13/11/2024,Queso azul roquefort,5193.75,831,Texas
12/02/2024,Mantequilla sin sal,1948.8,464,California
09/06/2024,Bebidas lácteas,1648.0,824,Massachusetts
17/03/2024,Kumis,112.5,45,California
26/07/2024,Queso gruyere,781.0,142,Massachusetts
10/07/2024,Helado,1088.0,256,California
08/09/2024,Mantequilla sin sal,2940.0,700,Florida
09/07/2024,Queso brie,3306.0,551,Massachusetts
25/04/2024,Crema de leche,5768.37,963,California
16/01/2024,Queso ricota,432.0,108,California
09/06/2024,Queso parmesano,1732.8,361,California
02/10/2024,Yogur natural,1620.5,463,Massachusetts
07/08/2024,Mantequilla sin sal,3246.6,773,Nueva York
28/01/2024,Leche deslactosada,575.45,677,Texas
30/10/2024,Queso cheddar añejo,4575.0,915,Massachusetts
29/07/2024,Kumis,1062.5,425,Texas
07/09/2024,Crema agria,812.5,325,Massachusetts
18/09/2024,Crema batida,791.25,211,Nueva York
01/05/2024,Leche evaporada,1881.4,818,Nueva York
04/06/2024,Dulce de leche,1464.0,488,Massachusetts
25/04/2024,Crema batida,690.0,184,Texas
18/08/2024,Queso cheddar añejo,4170.0,834,Texas
30/08/2024,Leche deslactosada,699.4,538,Massachusetts
22/03/2024,Crema agria,1010.0,404,Florida
26/02/2024,Queso crema,1741.6,622,Texas
10/08/2024,Queso camembert,1800.0,300,Massachusetts
14/04/2024,Queso crema,876.4,313,California
04/03/2024,Helado,2928.25,689,Nueva York
21/10/2024,Cuajada,820.6,373,California
13/06/2024,Mantequilla con sal,2212.0,553,Nueva York
24/11/2024,Cuajada,492.8,224,Massachusetts
04/01/2024,Yogur griego,547.5,365,Nueva York
24/06/2024,Mantequilla clarificada (ghee),1012.0,176,Nueva York
20/02/2024,Leche evaporada,1948.1,847,Florida
04/01/2024,Leche descremada,690.0,600,Florida
14/07/2024,Yogur natural,231.0,231,Texas
26/06/2024,Crema agria,860.0,344,Massachusetts
01/11/2024,Kumis,1775.0,710,Texas
02/01/2024,Crema batida,2516.25,671,Florida
05/05/2024,Leche evaporada,662.4,288,Massachusetts
01/12/2024,Mantequilla sin sal,3721.2,886,California
13/06/2024,Leche semidescremada,424.2,606,Massachusetts
05/03/2024,Cuajada,1410.2,641,Texas
15/11/2024,Mantequilla sin sal,638.4,152,California
07/06/2024,Dulce de leche,651.0,217,Nueva York
29/10/2024,Queso ricota,2000.0,500,Massachusetts
29/07/2024,Leche evaporada,299.0,130,Nueva York
23/12/2024,Queso mozzarella,783.75,209,California
17/08/2024,Yogur natural,555.0,555,California
25/09/2024,Mantequilla sin sal,1596.0,380,Massachusetts
04/07/2024,Suero de leche,1412.0,706,Florida
02/03/2024,Leche saborizada,271.0,271,Florida
29/07/2024,Mantequilla clarificada (ghee),3961.75,689,Massachusetts
21/11/2024,Mantequilla sin sal,928.2,221,Florida
02/01/2024,Leche evaporada,517.5,225,California
27/08/2024,Queso brie,342.0,57,Nueva York
27/11/2024,Dulce de leche,1986.0,662,Florida
13/02/2024,Mantequilla con sal,3304.0,826,Massachusetts
11/04/2024,Suero de leche,528.0,264,California
22/10/2024,Bebidas lácteas,1574.0,787,Massachusetts
21/11/2024,Leche condensada,1985.0,794,Texas
02/02/2024,Leche evaporada,2030.9,883,Nueva York
24/02/2024,Dulce de leche,648.0,216,Florida
11/04/2024,Cuajada,1696.2,771,Nueva York
24/08/2024,Yogur con frutas,477.6,398,Texas
19/09/2024,Dulce de leche,765.0,255,Texas
25/02/2024,Yogur griego,30.0,20,California
16/08/2024,Leche semidescremada,836.4,697,Nueva York
30/11/2024,Crema batida,1102.5,294,Massachusetts
02/06/2024,Queso brie,5832.0,972,California
30/10/2024,Leche deslactosada,313.65,369,California
01/01/2024,Leche entera,3013.5,861,Massachusetts
20/09/2024,Queso blanco,4390.0,878,Nueva York
27/08/2024,Crema de leche,4492.5,750,Florida
11/11/2024,Queso ricota,3708.0,927,Nueva York
23/10/2024,Helado,777.0,518,Nueva York
10/12/2024,Yogur con frutas,535.2,446,Texas
17/10/2024,Leche descremada,610.35,939,Massachusetts
09/10/2024,Crema agria,2235.0,894,California
26/02/2024,Queso edam,2275.25,479,California
10/05/2024,Mantequilla clarificada (ghee),2018.25,351,Texas
14/12/2024,Mantequilla clarificada (ghee),4042.25,703,Florida
20/01/2024,Crema agria,1785.0,714,Massachusetts
11/07/2024,Cuajada,1826.0,830,Nueva York
03/05/2024,Helado,3068.5,722,Texas
03/09/2024,Queso crema,2231.6,797,California
12/09/2024,Mantequilla sin sal,512.4,122,California
21/04/2024,Queso azul gorgonzola,1428.0,238,California
28/07/2024,Yogur con frutas,852.0,710,Massachusetts
26/09/2024,Yogur natural,1344.0,384,California
08/07/2024,Mantequilla clarificada (ghee),1748.0,304,Texas
23/07/2024,Helado,741.0,494,Nueva York
24/01/2024,Yogur con frutas,759.6,633,Massachusetts
31/08/2024,Kumis,917.5,367,Nueva York
11/04/2024,Suero de leche,1450.0,725,Florida
10/01/2024,Helado,1311.0,874,Nueva York
12/07/2024,Yogur con frutas,979.2,816,Nueva York
22/11/2024,Dulce de leche,1992.0,664,Texas
22/09/2024,Mantequilla clarificada (ghee),868.25,151,California
24/07/2024,Dulce de leche,1275.0,425,Texas
16/07/2024,Crema de leche,2647.58,442,California
24/07/2024,Yogur griego,1218.0,812,Nueva York
30/09/2024,Dulce de leche,2196.0,732,Texas
18/01/2024,Mantequilla con sal,788.0,197,California
17/10/2024,Yogur con frutas,93.6,78,Texas
15/05/2024,Kumis,997.5,399,Texas
05/03/2024,Queso cheddar añejo,3650.0,730,Nueva York
20/09/2024,Crema agria,1995.0,798,Nueva York
02/11/2024,Crema de leche,4618.29,771,Massachusetts
31/07/2024,Mantequilla sin sal,1558.2,371,California
06/03/2024,Mantequilla con sal,2028.0,507,Nueva York
22/11/2024,Crema de leche,2150.41,359,Florida
22/09/2024,Leche condensada,765.0,306,Florida
23/03/2024,Queso mozzarella,1188.75,317,Texas
23/12/2024,Mantequilla clarificada (ghee),5175.0,900,Nueva York
22/06/2024,Queso havarti,2478.0,472,California
27/08/2024,Dulce de leche,2106.0,702,Florida
18/08/2024,Helado,1297.5,865,Texas
30/01/2024,Mantequilla clarificada (ghee),3335.0,580,Massachusetts
17/12/2024,Yogur griego,1105.5,737,Nueva York
28/01/2024,Suero de leche,1090.0,545,California
24/01/2024,Crema batida,2801.25,747,Florida
20/10/2024,Crema batida,1893.75,505,Massachusetts
26/12/2024,Crema batida,630.0,168,California
10/10/2024,Leche evaporada,305.9,133,Massachusetts
09/03/2024,Mantequilla con sal,3252.0,813,Florida
04/09/2024,Queso cheddar añejo,170.0,34,Texas
18/06/2024,Queso crema,2080.4,743,Florida
29/06/2024,Kumis,1912.5,765,Massachusetts
13/03/2024,Yogur griego,1137.0,758,Nueva York
28/01/2024,Yogur natural,345.0,345,California
26/03/2024,Yogur con frutas,888.0,740,Massachusetts
11/08/2024,Queso brie,3822.0,637,Texas
08/08/2024,Queso en lonchas,3355.4,883,Texas
24/05/2024,Crema batida,2231.25,595,Florida
09/01/2024,Mantequilla sin sal,3872.4,922,Florida
06/12/2024,Queso blanco,105.0,21,Florida
31/03/2024,Queso blanco,140.0,28,Texas
10/12/2024,Yogur natural,84.0,84,Texas
24/12/2024,Queso gouda,1003.5,223,California
10/10/2024,Mantequilla con sal,1376.0,344,Massachusetts
05/12/2024,Helado,1568.25,369,Nueva York
05/09/2024,Mantequilla sin sal,1213.8,289,Florida
02/08/2024,Queso azul roquefort,3612.5,578,Texas
09/10/2024,Yogur natural,873.0,873,California
07/04/2024,Leche semidescremada,118.8,99,Massachusetts
09/12/2024,Crema agria,2305.0,922,California
11/11/2024,Leche condensada,2140.0,856,Nueva York
29/06/2024,Mantequilla sin sal,2549.4,607,Massachusetts
18/01/2024,Yogur con frutas,1182.0,985,Florida
17/10/2024,Kumis,1907.5,763,Florida
10/08/2024,Queso azul roquefort,200.0,32,Texas
23/01/2024,Leche en polvo,539.0,98,Massachusetts
18/01/2024,Leche saborizada,942.0,628,Massachusetts
11/02/2024,Queso camembert,846.0,141,California
18/08/2024,Crema agria,1722.5,689,California
13/09/2024,Queso edam,194.75,41,Florida
05/06/2024,Crema batida,2722.5,726,Massachusetts
27/09/2024,Queso edam,888.25,187,Texas
06/06/2024,Queso crema,1601.6,572,Nueva York
17/01/2024,Suero de leche,642.0,321,Nueva York
30/11/2024,Mantequilla con sal,1564.0,391,California
26/04/2024,Helado,1140.0,760,Texas
16/04/2024,Helado,2180.25,513,Florida
23/10/2024,Mantequilla clarificada (ghee),4151.5,722,Nueva York
04/04/2024,Mantequilla con sal,3312.0,828,Nueva York
23/06/2024,Queso para untar,1123.2,351,Texas
28/07/2024,Suero de leche,1042.0,521,Florida
11/04/2024,Queso havarti,2866.5,546,Massachusetts
14/04/2024,Queso crema,2307.2,824,Massachusetts
25/09/2024,Queso mozzarella,1248.75,333,Massachusetts
06/10/2024,Leche condensada,1482.5,593,Florida
27/10/2024,Queso crema,1554.0,555,Florida
07/12/2024,Queso cheddar añejo,605.0,121,Nueva York
18/09/2024,Yogur griego,1018.5,679,California
09/10/2024,Kumis,182.5,73,Massachusetts
10/07/2024,Yogur con frutas,783.6,653,Nueva York
19/10/2024,Kumis,1300.0,520,California
15/10/2024,Crema batida,3532.5,942,Texas
21/08/2024,Mantequilla sin sal,823.2,196,Nueva York
08/02/2024,Leche entera,401.25,321,California
01/01/2024,Queso gruyere,3223.0,586,Florida
22/08/2024,Yogur con frutas,394.8,329,Massachusetts
10/01/2024,Leche en polvo,2464.0,448,Texas
09/11/2024,Leche semidescremada,301.7,431,California
06/12/2024,Yogur con frutas,516.0,430,Florida
20/01/2024,Yogur griego,1174.5,783,Florida
02/03/2024,Queso havarti,2745.75,523,Texas
01/01/2024,Mantequilla con sal,2556.0,639,Massachusetts
23/10/2024,Crema de leche,2360.06,394,Texas
16/01/2024,Yogur natural,328.0,328,Massachusetts
18/01/2024,Mantequilla con sal,3492.0,873,California
15/05/2024,Mantequilla con sal,2532.0,633,Florida
13/03/2024,Leche evaporada,1159.2,504,Texas
05/07/2024,Leche deslactosada,908.7,699,Florida
16/06/2024,Leche saborizada,294.0,294,Texas
16/07/2024,Dulce de leche,981.0,327,Nueva York
10/05/2024,Queso brie,966.0,161,Nueva York
05/02/2024,Queso gouda,1768.5,393,California
17/10/2024,Helado,367.5,245,Massachusetts
17/07/2024,Queso crema,1822.8,651,Nueva York
30/04/2024,Yogur natural,301.0,86,Massachusetts
29/10/2024,Cuajada,1410.2,641,Texas
04/02/2024,Leche entera,702.75,937,California
25/03/2024,Crema batida,3487.5,930,California
13/09/2024,Mantequilla sin sal,3271.8,779,California
12/03/2024,Queso ricota,1660.0,415,Nueva York
01/02/2024,Queso gouda,3163.5,703,Nueva York
31/07/2024,Helado,386.75,91,Massachusetts
26/07/2024,Yogur griego,1345.5,897,Massachusetts
12/11/2024,Cuajada,292.6,133,Nueva York
12/05/2024,Queso crema,2010.4,718,Texas
21/08/2024,Dulce de leche,570.0,190,Massachusetts
29/11/2024,Queso edam,1548.5,326,Massachusetts
14/12/2024,Leche saborizada,729.0,729,California
27/04/2024,Mantequilla sin sal,151.2,36,Nueva York
19/05/2024,Queso azul roquefort,5087.5,814,California
05/06/2024,Leche semidescremada,1058.4,882,Florida
30/01/2024,Queso azul roquefort,4787.5,766,Florida
27/11/2024,Yogur griego,867.0,578,Florida
29/08/2024,Mantequilla clarificada (ghee),5025.5,874,California
10/05/2024,Bebidas lácteas,1604.0,802,Nueva York
15/03/2024,Helado,210.0,140,Nueva York
26/02/2024,Queso crema,2142.0,765,Massachusetts
05/01/2024,Dulce de leche,2145.0,715,Nueva York
01/01/2024,Queso ricota,1500.0,375,Massachusetts
07/03/2024,Cuajada,431.2,196,Nueva York
18/12/2024,Mantequilla clarificada (ghee),4623.0,804,Nueva York
24/05/2024,Yogur con frutas,532.8,444,Florida
21/02/2024,Mantequilla clarificada (ghee),4513.75,785,California
15/05/2024,Crema de leche,2174.37,363,Texas
09/12/2024,Cuajada,864.6,393,California
24/02/2024,Bebidas lácteas,1152.0,960,Texas
19/08/2024,Mantequilla sin sal,281.4,67,Florida
25/03/2024,Queso parmesano,4579.2,954,Nueva York
04/02/2024,Yogur con frutas,298.8,249,Massachusetts
12/02/2024,Crema batida,3033.75,809,Massachusetts
09/05/2024,Helado,3693.25,869,California
23/01/2024,Cuajada,998.8,454,Nueva York
27/07/2024,Helado,1190.0,280,Texas
17/06/2024,Mantequilla sin sal,1449.0,345,Massachusetts
06/04/2024,Yogur griego,408.0,272,Massachusetts
20/03/2024,Cuajada,1355.2,616,Texas
08/08/2024,Queso azul gorgonzola,5142.0,857,Texas
23/09/2024,Queso crema,2209.2,789,Massachusetts
13/09/2024,Leche saborizada,658.0,658,Massachusetts
08/07/2024,Suero de leche,1640.0,820,Massachusetts
06/08/2024,Leche en polvo,1804.0,328,California
06/01/2024,Helado,685.5,457,Nueva York
24/08/2024,Dulce de leche,1437.0,479,California
20/06/2024,Mantequilla con sal,1264.0,316,California
15/10/2024,Bebidas lácteas,722.4,602,Nueva York
14/07/2024,Helado,4203.25,989,Texas
01/02/2024,Mantequilla con sal,2488.0,622,Massachusetts
18/11/2024,Yogur griego,1107.0,738,Nueva York
30/04/2024,Queso cheddar añejo,3505.0,701,Massachusetts
03/11/2024,Queso crema,299.6,107,Massachusetts
03/10/2024,Leche entera,726.75,969,Nueva York
22/03/2024,Queso cheddar añejo,1050.0,210,Texas
01/07/2024,Crema agria,235.0,94,Texas
14/12/2024,Dulce de leche,69.0,23,Massachusetts
08/06/2024,Queso mozzarella,1661.25,443,Texas
21/11/2024,Dulce de leche,1704.0,568,California
14/06/2024,Crema agria,330.0,132,California
25/12/2024,Mantequilla clarificada (ghee),1224.75,213,Nueva York
27/08/2024,Crema batida,573.75,153,California
14/05/2024,Leche evaporada,1582.4,688,California
10/02/2024,Yogur con frutas,834.0,695,Massachusetts
05/07/2024,Crema agria,205.0,82,Massachusetts
05/12/2024,Leche condensada,267.5,107,California
18/09/2024,Dulce de leche,1002.0,334,California
01/03/2024,Suero de leche,542.0,271,Florida
17/09/2024,Queso azul gorgonzola,1362.0,227,Nueva York
14/05/2024,Crema batida,1031.25,275,California
28/03/2024,Crema agria,2215.0,886,Texas
22/10/2024,Leche condensada,1592.5,637,California
26/08/2024,Leche deslactosada,597.55,703,California
15/11/2024,Cuajada,2098.8,954,Nueva York
21/11/2024,Crema agria,352.5,141,Massachusetts
29/03/2024,Suero de leche,1158.0,579,Nueva York
08/12/2024,Mantequilla con sal,1260.0,315,Texas
02/07/2024,Leche descremada,304.75,265,Massachusetts
04/11/2024,Yogur griego,141.0,94,Nueva York
02/06/2024,Queso gruyere,5335.0,970,Nueva York
18/08/2024,Leche semidescremada,567.6,473,Florida
06/01/2024,Mantequilla clarificada (ghee),2282.75,397,Massachusetts
05/07/2024,Leche saborizada,932.0,932,Florida
21/06/2024,Helado,1152.0,768,Florida
26/09/2024,Mantequilla con sal,296.0,74,Massachusetts
15/09/2024,Crema de leche,581.03,97,Nueva York
01/11/2024,Queso gouda,4230.0,940,Nueva York
12/04/2024,Suero de leche,1514.0,757,Nueva York
15/08/2024,Mantequilla con sal,3356.0,839,Nueva York
12/12/2024,Leche condensada,1587.5,635,Massachusetts
22/01/2024,Crema batida,2261.25,603,Nueva York
14/03/2024,Crema agria,2357.5,943,California
30/10/2024,Yogur griego,1468.5,979,Nueva York
28/08/2024,Kumis,735.0,294,Texas
06/09/2024,Queso ricota,3932.0,983,Florida
03/02/2024,Yogur con frutas,445.2,371,California
04/02/2024,Kumis,105.0,42,Texas
11/08/2024,Suero de leche,1790.0,895,Massachusetts
10/03/2024,Yogur griego,415.5,277,Nueva York
06/03/2024,Mantequilla con sal,3764.0,941,Florida
25/11/2024,Mantequilla clarificada (ghee),4324.0,752,Nueva York
07/05/2024,Yogur natural,780.0,780,California
29/04/2024,Helado,426.0,284,California
24/06/2024,Queso en lonchas,3499.8,921,Florida
30/10/2024,Crema batida,1852.5,494,Massachusetts
28/11/2024,Mantequilla sin sal,3347.4,797,Massachusetts
24/05/2024,Yogur griego,877.5,585,Nueva York
08/05/2024,Mantequilla sin sal,1856.4,442,Massachusetts
24/01/2024,Yogur con frutas,588.0,490,Texas
09/07/2024,Leche entera,250.5,334,California
10/03/2024,Helado,373.5,249,Texas
17/12/2024,Queso azul roquefort,1406.25,225,Florida
11/06/2024,Cuajada,396.0,180,California
29/05/2024,Mantequilla con sal,2724.0,681,Texas
21/02/2024,Bebidas lácteas,1394.0,697,Florida
15/09/2024,Suero de leche,178.0,89,California
03/11/2024,Crema batida,2328.75,621,Florida
01/12/2024,Queso mozzarella,2013.75,537,Massachusetts
20/04/2024,Mantequilla sin sal,3565.8,849,Massachusetts
11/12/2024,Crema agria,1842.5,737,Florida
01/01/2024,Crema batida,138.75,37,Nueva York
27/10/2024,Kumis,545.0,218,Florida
07/01/2024,Dulce de leche,1710.0,570,Florida
16/04/2024,Yogur griego,1357.5,905,Nueva York
21/03/2024,Dulce de leche,1782.0,594,Massachusetts
01/11/2024,Crema de leche,3827.61,639,Florida
04/06/2024,Mantequilla clarificada (ghee),4122.75,717,Florida
21/11/2024,Helado,178.5,119,Massachusetts
23/10/2024,Queso havarti,4845.75,923,Florida
27/11/2024,Dulce de leche,180.0,60,Florida
17/04/2024,Mantequilla clarificada (ghee),782.0,136,Texas
27/05/2024,Mantequilla clarificada (ghee),4979.5,866,Texas
26/08/2024,Yogur griego,762.0,508,Florida
14/06/2024,Crema batida,3431.25,915,Texas
29/05/2024,Yogur griego,312.0,208,California
13/09/2024,Yogur griego,451.5,301,Massachusetts
24/08/2024,Cuajada,792.0,360,Nueva York
03/01/2024,Queso brie,4536.0,756,California
22/01/2024,Mantequilla sin sal,4179.0,995,Nueva York
04/06/2024,Suero de leche,728.0,364,California
13/07/2024,Leche deslactosada,522.6,402,Massachusetts
25/12/2024,Yogur con frutas,645.6,538,Texas
03/12/2024,Leche deslactosada,375.7,442,Massachusetts
02/06/2024,Crema agria,1945.0,778,Texas
27/08/2024,Crema de leche,2072.54,346,Texas
10/08/2024,Mantequilla con sal,1664.0,416,Nueva York
10/09/2024,Crema batida,1578.75,421,Texas
09/04/2024,Queso cheddar añejo,4670.0,934,Nueva York
11/07/2024,Leche descremada,650.9,566,Massachusetts
16/04/2024,Leche saborizada,1041.0,694,Massachusetts
27/03/2024,Mantequilla con sal,124.0,31,Nueva York
30/12/2024,Leche saborizada,339.0,226,California
09/06/2024,Leche descremada,380.9,586,Texas
12/07/2024,Cuajada,924.0,420,Florida
01/05/2024,Mantequilla clarificada (ghee),3133.75,545,Nueva York
20/05/2024,Queso crema,1439.2,514,Florida
10/05/2024,Leche semidescremada,110.4,92,Florida
14/08/2024,Mantequilla con sal,3144.0,786,Massachusetts
31/05/2024,Mantequilla clarificada (ghee),546.25,95,Massachusetts
11/04/2024,Crema batida,3082.5,822,Texas
26/02/2024,Cuajada,1672.0,760,Texas
03/12/2024,Yogur natural,1746.5,499,California
24/12/2024,Kumis,935.0,374,Florida
12/09/2024,Helado,403.75,95,Florida
25/07/2024,Crema batida,3532.5,942,Nueva York
20/08/2024,Crema de leche,2773.37,463,Texas
13/12/2024,Dulce de leche,522.0,174,California
04/02/2024,Yogur natural,840.0,240,California
30/06/2024,Crema batida,3693.75,985,Florida
10/12/2024,Mantequilla sin sal,3843.0,915,California
14/03/2024,Mantequilla clarificada (ghee),2093.0,364,Florida
05/10/2024,Kumis,700.0,280,Texas
21/02/2024,Crema agria,362.5,145,Texas
03/02/2024,Mantequilla clarificada (ghee),2156.25,375,California
30/04/2024,Mantequilla sin sal,3641.4,867,Texas
16/06/2024,Crema de leche,3989.34,666,Nueva York
22/08/2024,Yogur con frutas,1140.0,950,Massachusetts
18/03/2024,Leche saborizada,733.0,733,Nueva York
07/02/2024,Crema de leche,5193.33,867,Massachusetts
29/08/2024,Leche semidescremada,18.9,27,Massachusetts
23/09/2024,Leche saborizada,493.5,329,Massachusetts
04/10/2024,Leche evaporada,319.7,139,Nueva York
03/04/2024,Mantequilla clarificada (ghee),2696.75,469,Nueva York
08/03/2024,Mantequilla con sal,2088.0,522,California
27/04/2024,Bebidas lácteas,34.0,17,Florida
17/07/2024,Queso crema,714.0,255,Texas
13/06/2024,Yogur griego,1384.5,923,California
21/02/2024,Queso brie,4860.0,810,Florida
04/05/2024,Leche en polvo,3190.0,580,California
09/11/2024,Leche descremada,401.7,618,Texas
14/12/2024,Crema batida,682.5,182,California
29/07/2024,Yogur natural,1683.5,481,Florida
18/06/2024,Yogur griego,690.0,460,Nueva York
25/12/2024,Bebidas lácteas,1162.0,581,Florida
27/11/2024,Cuajada,2052.6,933,Florida
07/02/2024,Bebidas lácteas,1366.0,683,Nueva York
13/10/2024,Kumis,2187.5,875,Nueva York
01/03/2024,Leche evaporada,278.3,121,Massachusetts
12/08/2024,Helado,1385.5,326,Massachusetts
01/12/2024,Dulce de leche,177.0,59,Massachusetts
07/05/2024,Dulce de leche,618.0,206,Texas
30/06/2024,Queso camembert,4674.0,779,Florida
26/03/2024,Mantequilla sin sal,3028.2,721,California
11/01/2024,Yogur natural,408.0,408,Massachusetts
12/12/2024,Suero de leche,564.0,282,Texas
18/02/2024,Kumis,30.0,12,Florida
12/01/2024,Yogur griego,1260.0,840,Florida
22/06/2024,Queso parmesano,1300.8,271,Nueva York
03/10/2024,Yogur con frutas,501.6,418,Nueva York
25/06/2024,Dulce de leche,2997.0,999,Florida
04/06/2024,Leche deslactosada,595.4,458,California
27/02/2024,Leche entera,2194.5,627,Texas
20/01/2024,Queso azul gorgonzola,3642.0,607,Florida
20/05/2024,Kumis,1762.5,705,Texas
14/04/2024,Mantequilla con sal,1012.0,253,Texas
04/03/2024,Cuajada,268.4,122,Nueva York
14/10/2024,Mantequilla clarificada (ghee),5698.25,991,Nueva York
09/11/2024,Mantequilla clarificada (ghee),4531.0,788,Massachusetts
10/11/2024,Queso edam,2185.0,460,California
14/01/2024,Leche descremada,963.7,838,Massachusetts
30/09/2024,Crema de leche,5774.36,964,Nueva York
30/03/2024,Queso parmesano,4555.2,949,California
04/02/2024,Yogur griego,378.0,252,California
20/02/2024,Leche semidescremada,270.2,386,California
04/05/2024,Dulce de leche,2205.0,735,Nueva York
29/09/2024,Suero de leche,1718.0,859,Massachusetts
24/01/2024,Queso blanco,3690.0,738,Florida
04/11/2024,Leche condensada,1222.5,489,Florida
04/07/2024,Queso en lonchas,1425.0,375,Florida
30/04/2024,Mantequilla sin sal,3431.4,817,California
15/04/2024,Yogur natural,1123.5,321,Massachusetts
01/03/2024,Leche evaporada,657.8,286,California
13/05/2024,Yogur griego,1270.5,847,Massachusetts
03/11/2024,Leche condensada,87.5,35,Florida
16/10/2024,Leche entera,1158.5,331,Massachusetts
10/01/2024,Cuajada,1621.4,737,California
23/04/2024,Suero de leche,722.0,361,Texas
17/06/2024,Leche condensada,400.0,160,Nueva York
20/09/2024,Dulce de leche,1755.0,585,Massachusetts
06/01/2024,Leche en polvo,4488.0,816,Florida
20/01/2024,Queso brie,4656.0,776,Florida
14/05/2024,Cuajada,1104.4,502,Texas
17/05/2024,Leche en polvo,2970.0,540,Nueva York
24/08/2024,Cuajada,1317.8,599,California
01/10/2024,Bebidas lácteas,642.0,321,Nueva York
26/12/2024,Leche entera,672.75,897,Florida
16/05/2024,Mantequilla clarificada (ghee),1029.25,179,California
10/02/2024,Yogur natural,1631.0,466,Texas
05/08/2024,Dulce de leche,2703.0,901,Florida
03/05/2024,Mantequilla sin sal,1520.4,362,Nueva York
08/12/2024,Cuajada,1570.8,714,Massachusetts
17/07/2024,Leche entera,413.0,118,Texas
10/11/2024,Queso azul gorgonzola,1494.0,249,Texas
10/04/2024,Queso gouda,1282.5,285,Texas
20/04/2024,Leche deslactosada,1263.6,972,Florida
01/11/2024,Mantequilla con sal,2076.0,519,Massachusetts
27/03/2024,Yogur natural,372.0,372,Texas
18/04/2024,Mantequilla sin sal,2990.4,712,Texas
10/10/2024,Yogur griego,1266.0,844,California
08/10/2024,Suero de leche,172.0,86,Florida
15/11/2024,Queso azul gorgonzola,2364.0,394,Texas
12/07/2024,Leche saborizada,35.0,35,Texas
17/01/2024,Queso gruyere,825.0,150,Nueva York
05/02/2024,Yogur griego,226.5,151,Texas
01/04/2024,Crema de leche,1527.45,255,California
18/02/2024,Kumis,225.0,90,Texas
28/06/2024,Queso cheddar añejo,3980.0,796,Massachusetts
09/04/2024,Queso crema,2553.6,912,Massachusetts
20/09/2024,Yogur natural,933.0,933,Nueva York
10/08/2024,Yogur natural,2908.5,831,California
09/05/2024,Yogur con frutas,49.2,41,Massachusetts
04/02/2024,Queso crema,2114.0,755,Florida
15/04/2024,Mantequilla sin sal,827.4,197,Texas
11/03/2024,Yogur natural,780.0,780,Massachusetts
28/10/2024,Leche en polvo,4504.5,819,Nueva York
06/06/2024,Queso brie,396.0,66,California
28/07/2024,Leche semidescremada,296.4,247,Nueva York
26/01/2024,Queso para untar,566.4,177,California
21/05/2024,Bebidas lácteas,924.0,770,Florida
10/09/2024,Queso brie,5058.0,843,Florida
24/01/2024,Mantequilla sin sal,1335.6,318,Florida
17/05/2024,Queso ricota,276.0,69,Florida
24/12/2024,Mantequilla con sal,1116.0,279,Florida
26/09/2024,Mantequilla clarificada (ghee),2150.5,374,California
13/06/2024,Crema agria,555.0,222,Florida
02/03/2024,Leche entera,2838.5,811,California
07/04/2024,Yogur griego,669.0,446,Massachusetts
08/04/2024,Mantequilla clarificada (ghee),2294.25,399,Florida
13/11/2024,Leche semidescremada,406.8,339,California
27/10/2024,Leche saborizada,882.0,588,Texas
13/07/2024,Mantequilla sin sal,3032.4,722,Nueva York
23/03/2024,Yogur griego,306.0,204,Nueva York
17/11/2024,Dulce de leche,276.0,92,Nueva York
15/11/2024,Yogur griego,1309.5,873,California
15/08/2024,Mantequilla con sal,2576.0,644,Nueva York
04/11/2024,Queso crema,1814.4,648,Texas
23/09/2024,Yogur natural,1568.0,448,Massachusetts
09/05/2024,Mantequilla clarificada (ghee),1541.0,268,Nueva York
04/01/2024,Queso mozzarella,1770.0,472,Nueva York
16/02/2024,Leche saborizada,728.0,728,Nueva York
06/02/2024,Cuajada,367.4,167,California
10/02/2024,Leche semidescremada,485.1,693,Massachusetts
06/01/2024,Crema agria,987.5,395,Nueva York
08/05/2024,Yogur con frutas,663.6,553,Texas
12/12/2024,Crema batida,2857.5,762,Florida
09/07/2024,Helado,2295.0,540,Texas
29/06/2024,Yogur con frutas,547.2,456,Texas
19/07/2024,Kumis,1072.5,429,Texas
22/10/2024,Queso en lonchas,497.8,131,Texas
02/03/2024,Queso camembert,2196.0,366,Massachusetts
15/03/2024,Yogur natural,216.0,216,California
18/09/2024,Queso en lonchas,452.2,119,Nueva York
22/11/2024,Leche descremada,140.3,122,Massachusetts
29/02/2024,Yogur natural,1134.0,324,Texas
30/01/2024,Yogur natural,2086.0,596,Nueva York
14/06/2024,Queso gouda,1827.0,406,Massachusetts
21/07/2024,Mantequilla con sal,2052.0,513,Texas
25/08/2024,Kumis,2430.0,972,Nueva York
29/02/2024,Helado,3472.25,817,Florida
18/05/2024,Queso brie,4896.0,816,Massachusetts
16/03/2024,Leche evaporada,1757.2,764,California
23/12/2024,Suero de leche,1124.0,562,California
30/12/2024,Cuajada,811.8,369,Nueva York
30/10/2024,Mantequilla sin sal,4120.2,981,Florida
01/03/2024,Queso crema,1416.8,506,Texas
02/05/2024,Yogur con frutas,961.2,801,California
11/06/2024,Queso brie,654.0,109,Texas
02/04/2024,Cuajada,68.2,31,Massachusetts
08/01/2024,Dulce de leche,1245.0,415,California
08/02/2024,Crema batida,1113.75,297,Texas
11/02/2024,Cuajada,1925.0,875,California
18/10/2024,Mantequilla con sal,3576.0,894,Florida
19/07/2024,Yogur griego,547.5,365,Nueva York
05/02/2024,Queso edam,4593.25,967,Texas
25/03/2024,Leche condensada,1435.0,574,Texas
15/02/2024,Crema agria,1620.0,648,Nueva York
29/06/2024,Yogur griego,1327.5,885,Florida
08/10/2024,Helado,630.0,420,California
28/12/2024,Crema agria,145.0,58,California
26/09/2024,Mantequilla con sal,3552.0,888,Massachusetts
28/02/2024,Queso parmesano,1276.8,266,Massachusetts
24/05/2024,Cuajada,475.2,216,Florida
19/03/2024,Leche entera,108.75,87,Florida
21/03/2024,Mantequilla sin sal,159.6,38,Texas
02/12/2024,Leche saborizada,244.5,163,Massachusetts
02/11/2024,Queso cheddar añejo,4505.0,901,California
05/05/2024,Yogur griego,748.5,499,Massachusetts
21/07/2024,Queso en lonchas,3002.0,790,California
21/08/2024,Mantequilla sin sal,1852.2,441,Florida
10/11/2024,Yogur natural,2250.5,643,Florida
07/11/2024,Helado,2656.25,625,Massachusetts
15/11/2024,Cuajada,1625.8,739,Florida
06/03/2024,Yogur griego,372.0,248,Nueva York
31/08/2024,Crema agria,2325.0,930,California
27/07/2024,Leche en polvo,1260.0,420,Massachusetts
09/10/2024,Kumis,1440.0,576,California
29/12/2024,Helado,3323.5,782,Florida
07/12/2024,Mantequilla con sal,2076.0,519,Texas
05/02/2024,Queso crema,2399.6,857,Texas
07/09/2024,Leche condensada,1935.0,774,Florida
20/08/2024,Leche entera,297.75,397,California
15/08/2024,Cuajada,1423.4,647,Nueva York
13/05/2024,Mantequilla con sal,104.0,26,Florida
30/08/2024,Leche semidescremada,674.8,964,Texas
23/06/2024,Leche saborizada,757.0,757,Nueva York
07/07/2024,Mantequilla clarificada (ghee),4600.0,800,California
10/05/2024,Suero de leche,390.0,195,Nueva York
20/08/2024,Yogur con frutas,936.0,780,Florida
09/06/2024,Bebidas lácteas,326.0,163,California
30/09/2024,Queso edam,707.75,149,Florida
19/06/2024,Kumis,150.0,60,California
01/08/2024,Queso blanco,3220.0,644,Massachusetts
30/09/2024,Suero de leche,176.0,88,Nueva York
01/07/2024,Queso edam,3073.25,647,Florida
27/02/2024,Queso ricota,1988.0,497,California
08/10/2024,Queso crema,2735.6,977,Massachusetts
21/03/2024,Yogur natural,2793.0,798,Florida
18/05/2024,Queso crema,2436.0,870,Massachusetts
13/10/2024,Mantequilla clarificada (ghee),253.0,44,Texas
18/05/2024,Mantequilla sin sal,84.0,20,Florida
11/11/2024,Crema agria,25.0,10,Nueva York
02/04/2024,Leche descremada,196.65,171,Nueva York
21/02/2024,Yogur natural,32.0,32,Texas
21/12/2024,Yogur con frutas,789.6,658,California
21/09/2024,Queso azul roquefort,1312.5,210,Nueva York
28/06/2024,Mantequilla sin sal,4111.8,979,California
01/08/2024,Crema batida,1545.0,412,Massachusetts
23/02/2024,Mantequilla sin sal,2062.2,491,Massachusetts
28/06/2024,Mantequilla con sal,2164.0,541,Nueva York
09/06/2024,Queso camembert,5076.0,846,Texas
30/09/2024,Yogur natural,245.0,245,Massachusetts
15/09/2024,Queso edam,2840.5,598,Nueva York
15/09/2024,Mantequilla sin sal,2587.2,616,Texas
16/05/2024,Cuajada,602.8,274,Texas
10/07/2024,Dulce de leche,2733.0,911,Florida
20/05/2024,Crema de leche,1844.92,308,Texas
22/06/2024,Yogur griego,775.5,517,Massachusetts
08/06/2024,Crema de leche,3108.81,519,Texas
22/05/2024,Mantequilla sin sal,1617.0,385,California
26/10/2024,Leche descremada,555.1,854,Florida
21/04/2024,Kumis,1265.0,506,Texas
05/05/2024,Crema agria,1127.5,451,Florida
05/11/2024,Yogur con frutas,523.2,436,Florida
17/04/2024,Leche semidescremada,865.2,721,Texas
15/12/2024,Yogur griego,1222.5,815,Texas
31/10/2024,Dulce de leche,99.0,33,California
08/11/2024,Mantequilla clarificada (ghee),3277.5,570,Nueva York
06/09/2024,Dulce de leche,774.0,258,California
19/08/2024,Leche evaporada,167.9,73,Texas
02/10/2024,Mantequilla con sal,2464.0,616,Nueva York
26/09/2024,Leche en polvo,2658.0,886,Texas
11/11/2024,Crema agria,1020.0,408,Nueva York
01/10/2024,Mantequilla con sal,1400.0,350,Texas
15/03/2024,Queso ricota,2500.0,625,Texas
30/08/2024,Leche entera,362.25,483,Florida
26/03/2024,Queso azul gorgonzola,2832.0,472,Nueva York
10/08/2024,Suero de leche,1740.0,870,Massachusetts
06/01/2024,Helado,735.0,490,Texas
28/10/2024,Helado,4220.25,993,Texas
23/07/2024,Dulce de leche,1140.0,380,Florida
09/07/2024,Queso camembert,5382.0,897,Massachusetts
18/03/2024,Queso gruyere,203.5,37,Texas
04/05/2024,Yogur griego,780.0,520,California
26/12/2024,Queso azul roquefort,106.25,17,Nueva York
14/04/2024,Yogur griego,1402.5,935,Nueva York
25/02/2024,Queso mozzarella,1398.75,373,Texas
12/10/2024,Yogur griego,783.0,522,Nueva York
29/01/2024,Leche evaporada,818.8,356,Nueva York
25/08/2024,Crema batida,1653.75,441,Texas
11/11/2024,Crema batida,461.25,123,Massachusetts
10/08/2024,Yogur natural,419.0,419,Nueva York
14/06/2024,Cuajada,448.8,204,Nueva York
07/07/2024,Queso blanco,3360.0,672,Massachusetts
27/11/2024,Yogur natural,2138.5,611,Nueva York
23/07/2024,Leche en polvo,1290.0,430,Texas
11/05/2024,Yogur griego,1107.0,738,Texas
07/11/2024,Queso blanco,2405.0,481,Florida
29/05/2024,Yogur con frutas,614.4,512,Florida
03/01/2024,Mantequilla clarificada (ghee),2507.0,436,Massachusetts
03/01/2024,Mantequilla sin sal,168.0,40,Nueva York
27/05/2024,Yogur natural,543.0,543,Texas
16/05/2024,Dulce de leche,2931.0,977,Texas
16/01/2024,Cuajada,305.8,139,Florida
03/04/2024,Mantequilla clarificada (ghee),2541.5,442,Florida
02/01/2024,Dulce de leche,561.0,187,Texas
04/06/2024,Leche entera,207.75,277,Texas
31/10/2024,Yogur natural,3038.0,868,Florida
12/03/2024,Dulce de leche,1788.0,596,Florida
15/06/2024,Cuajada,602.8,274,Massachusetts
06/06/2024,Crema de leche,3695.83,617,Florida
31/01/2024,Yogur griego,819.0,546,Nueva York
06/03/2024,Mantequilla clarificada (ghee),4870.25,847,Florida
01/07/2024,Mantequilla sin sal,529.2,126,California
30/12/2024,Leche semidescremada,110.4,92,California
06/09/2024,Suero de leche,790.0,395,Nueva York
28/10/2024,Mantequilla clarificada (ghee),517.5,90,California
05/04/2024,Leche evaporada,370.3,161,Texas
15/01/2024,Leche entera,1939.0,554,Nueva York
22/07/2024,Mantequilla con sal,3520.0,880,Massachusetts
11/06/2024,Helado,982.5,655,California
08/12/2024,Crema agria,172.5,69,Nueva York
28/08/2024,Leche evaporada,437.0,190,Texas
26/11/2024,Crema de leche,5948.07,993,Massachusetts
22/11/2024,Queso crema,882.0,315,Texas
12/05/2024,Queso para untar,2723.2,851,California
08/02/2024,Leche deslactosada,93.6,72,Massachusetts
19/11/2024,Helado,49.5,33,Nueva York
25/12/2024,Crema agria,957.5,383,Florida
08/10/2024,Leche en polvo,276.0,92,Florida
10/08/2024,Crema agria,2352.5,941,Nueva York
25/11/2024,Kumis,1085.0,434,Texas
04/04/2024,Mantequilla con sal,3964.0,991,Nueva York
07/10/2024,Mantequilla clarificada (ghee),2564.5,446,Texas
05/04/2024,Kumis,2140.0,856,Nueva York
16/02/2024,Mantequilla con sal,1812.0,453,California
14/11/2024,Mantequilla con sal,208.0,52,Florida
29/08/2024,Yogur natural,153.0,153,Nueva York
28/10/2024,Crema agria,1402.5,561,Massachusetts
06/09/2024,Queso en lonchas,1231.2,324,Florida
14/04/2024,Yogur natural,122.5,35,California
05/01/2024,Leche deslactosada,421.6,496,Florida
25/02/2024,Leche semidescremada,1088.4,907,Texas
08/03/2024,Leche saborizada,814.0,814,California
27/11/2024,Mantequilla clarificada (ghee),2271.25,395,Texas
23/05/2024,Mantequilla clarificada (ghee),1075.25,187,California
12/01/2024,Mantequilla sin sal,1054.2,251,Florida
14/02/2024,Queso parmesano,1732.8,361,Florida
20/12/2024,Queso parmesano,1622.4,338,California
04/03/2024,Yogur con frutas,58.8,49,Massachusetts
27/07/2024,Kumis,505.0,202,California
02/08/2024,Mantequilla clarificada (ghee),5732.75,997,Nueva York
30/05/2024,Leche en polvo,4774.0,868,Massachusetts
27/05/2024,Queso crema,957.6,342,Nueva York
09/04/2024,Crema de leche,4222.95,705,Texas
22/05/2024,Mantequilla sin sal,890.4,212,Massachusetts
04/05/2024,Yogur con frutas,109.2,91,Massachusetts
12/04/2024,Queso cheddar añejo,3300.0,660,Massachusetts
04/05/2024,Suero de leche,218.0,109,California
11/10/2024,Queso crema,2489.2,889,Massachusetts
14/07/2024,Mantequilla sin sal,2095.8,499,Massachusetts
12/08/2024,Queso gouda,1705.5,379,Massachusetts
27/04/2024,Yogur griego,274.5,183,Florida
09/09/2024,Mantequilla con sal,3596.0,899,Texas
08/09/2024,Bebidas lácteas,655.2,546,Nueva York
26/08/2024,Queso crema,2018.8,721,Texas
15/06/2024,Suero de leche,1072.0,536,Massachusetts
19/01/2024,Queso camembert,3342.0,557,Nueva York
21/07/2024,Cuajada,2129.6,968,Nueva York
25/10/2024,Helado,1212.0,808,Nueva York
19/05/2024,Suero de leche,468.0,234,Massachusetts
11/11/2024,Cuajada,239.8,109,California
15/11/2024,Suero de leche,172.0,86,Florida
30/09/2024,Leche semidescremada,534.8,764,Nueva York
25/01/2024,Mantequilla sin sal,684.6,163,California
01/12/2024,Suero de leche,618.0,309,Texas
10/08/2024,Crema agria,157.5,63,Texas
17/03/2024,Leche en polvo,3410.0,620,Texas
08/12/2024,Suero de leche,382.0,191,Florida
04/10/2024,Yogur griego,24.0,16,Florida
06/07/2024,Mantequilla sin sal,2595.6,618,Massachusetts
11/05/2024,Queso havarti,2777.25,529,Massachusetts
07/11/2024,Crema de leche,4552.4,760,California
29/03/2024,Queso edam,1824.0,384,California
20/06/2024,Helado,1695.75,399,California
13/01/2024,Bebidas lácteas,366.0,305,Texas
25/11/2024,Yogur griego,213.0,142,Massachusetts
09/10/2024,Queso cheddar añejo,910.0,182,Florida
09/03/2024,Mantequilla sin sal,945.0,225,Florida
15/03/2024,Leche condensada,1022.5,409,California
28/09/2024,Mantequilla clarificada (ghee),4352.75,757,Nueva York
12/03/2024,Crema de leche,3821.62,638,Nueva York
11/07/2024,Mantequilla con sal,508.0,127,California
14/09/2024,Queso cheddar añejo,180.0,36,California
02/11/2024,Mantequilla sin sal,3250.8,774,Massachusetts
01/04/2024,Leche saborizada,135.0,90,California
25/08/2024,Mantequilla sin sal,2759.4,657,California
22/09/2024,Mantequilla con sal,2992.0,748,Massachusetts
01/07/2024,Suero de leche,696.0,348,Texas
03/10/2024,Leche saborizada,1248.0,832,Massachusetts
09/05/2024,Kumis,60.0,24,Nueva York
19/12/2024,Queso edam,1277.75,269,Florida
02/11/2024,Yogur griego,1486.5,991,Nueva York
05/06/2024,Mantequilla con sal,2376.0,594,Massachusetts
16/05/2024,Helado,3986.5,938,California
08/06/2024,Cuajada,1062.6,483,Nueva York
16/07/2024,Yogur natural,280.0,280,California
28/11/2024,Queso crema,1338.4,478,Nueva York
24/10/2024,Suero de leche,520.0,260,Nueva York
16/12/2024,Mantequilla sin sal,562.8,134,California
01/09/2024,Queso mozzarella,1781.25,475,California
03/10/2024,Yogur griego,1060.5,707,Florida
03/12/2024,Dulce de leche,810.0,270,California
19/03/2024,Queso crema,1971.2,704,Nueva York
13/09/2024,Crema batida,731.25,195,California
02/11/2024,Yogur con frutas,807.6,673,Texas
03/04/2024,Leche evaporada,1800.9,783,Florida
06/08/2024,Suero de leche,1570.0,785,California
19/04/2024,Suero de leche,102.0,51,Nueva York
28/12/2024,Suero de leche,676.0,338,California
13/12/2024,Leche semidescremada,818.4,682,Florida
31/07/2024,Queso crema,1173.2,419,Nueva York
01/12/2024,Dulce de leche,1173.0,391,Massachusetts
12/09/2024,Mantequilla clarificada (ghee),1397.25,243,Texas
06/07/2024,Mantequilla con sal,3276.0,819,Texas
23/07/2024,Cuajada,871.2,396,Florida
15/03/2024,Crema de leche,509.15,85,Massachusetts
04/08/2024,Bebidas lácteas,1064.4,887,Florida
18/11/2024,Suero de leche,582.0,291,Massachusetts
29/08/2024,Crema agria,1490.0,596,Massachusetts
17/01/2024,Crema batida,836.25,223,Nueva York
18/02/2024,Helado,1429.5,953,Massachusetts
28/10/2024,Yogur con frutas,146.4,122,Massachusetts
05/02/2024,Dulce de leche,2655.0,885,Massachusetts
20/11/2024,Queso crema,2777.6,992,Nueva York
16/02/2024,Mantequilla con sal,2416.0,604,Texas
29/08/2024,Queso mozzarella,2861.25,763,Florida
11/01/2024,Queso azul gorgonzola,3156.0,526,Texas
27/02/2024,Crema agria,220.0,88,Florida
13/03/2024,Bebidas lácteas,740.0,370,Nueva York
28/08/2024,Mantequilla clarificada (ghee),1207.5,210,Massachusetts
20/04/2024,Mantequilla con sal,3364.0,841,Massachusetts
07/12/2024,Queso havarti,4541.25,865,Florida
06/12/2024,Mantequilla con sal,300.0,75,California
09/04/2024,Queso edam,2683.75,565,Florida
20/06/2024,Cuajada,286.0,130,Texas
03/03/2024,Mantequilla clarificada (ghee),3731.75,649,Texas
11/05/2024,Crema batida,3562.5,950,Florida
07/01/2024,Yogur con frutas,840.0,700,Massachusetts
11/09/2024,Leche deslactosada,832.0,640,Massachusetts
07/05/2024,Suero de leche,1140.0,570,Texas
19/01/2024,Leche descremada,318.55,277,Nueva York
18/08/2024,Cuajada,2006.4,912,Florida
05/06/2024,Leche descremada,1059.15,921,Texas
28/06/2024,Dulce de leche,1083.0,361,Texas
19/07/2024,Crema agria,1570.0,628,Texas
27/10/2024,Leche entera,361.5,482,Nueva York
22/11/2024,Dulce de leche,2919.0,973,Nueva York
30/07/2024,Queso crema,308.0,110,Texas
03/07/2024,Queso ricota,3252.0,813,Nueva York
31/03/2024,Yogur con frutas,874.8,729,Massachusetts
06/12/2024,Crema batida,378.75,101,Nueva York
05/03/2024,Queso crema,1766.8,631,Nueva York
12/06/2024,Dulce de leche,1338.0,446,Texas
12/05/2024,Mantequilla con sal,3460.0,865,Massachusetts
16/04/2024,Yogur natural,164.0,164,Massachusetts
06/03/2024,Leche condensada,2497.5,999,California
07/11/2024,Kumis,1577.5,631,Florida
24/09/2024,Leche deslactosada,575.9,443,Nueva York
25/10/2024,Crema agria,52.5,21,California
06/11/2024,Leche entera,1048.75,839,Texas
24/11/2024,Queso mozzarella,1421.25,379,Massachusetts
05/01/2024,Leche semidescremada,445.9,637,Florida
18/08/2024,Mantequilla con sal,644.0,161,Florida
01/09/2024,Dulce de leche,381.0,127,Nueva York
25/04/2024,Yogur con frutas,529.2,441,Florida
21/01/2024,Queso parmesano,1233.6,257,Massachusetts
05/01/2024,Suero de leche,1744.0,872,Texas
09/08/2024,Leche evaporada,108.1,47,Texas
12/03/2024,Helado,2116.5,498,Nueva York
20/11/2024,Crema batida,307.5,82,California
29/10/2024,Helado,1318.5,879,Nueva York
10/05/2024,Crema agria,182.5,73,Massachusetts
22/11/2024,Mantequilla sin sal,3477.6,828,California
04/06/2024,Crema batida,967.5,258,Texas
20/01/2024,Leche deslactosada,171.6,132,California
06/02/2024,Helado,766.5,511,Florida
26/04/2024,Queso edam,4175.25,879,Florida
10/08/2024,Crema de leche,5720.45,955,Massachusetts
22/12/2024,Helado,2018.75,475,Texas
11/05/2024,Suero de leche,552.0,276,Massachusetts
22/01/2024,Cuajada,1766.6,803,California
30/04/2024,Queso crema,1192.8,426,Texas
31/10/2024,Queso crema,1212.4,433,Texas
09/03/2024,Crema agria,1197.5,479,Texas
02/04/2024,Queso mozzarella,2955.0,788,Massachusetts
21/12/2024,Suero de leche,1536.0,768,California
31/03/2024,Mantequilla clarificada (ghee),4450.5,774,Nueva York
15/08/2024,Yogur con frutas,884.4,737,Texas
04/04/2024,Mantequilla con sal,3300.0,825,Nueva York
27/12/2024,Mantequilla con sal,1264.0,316,Massachusetts
03/05/2024,Mantequilla con sal,428.0,107,Nueva York
26/10/2024,Yogur griego,181.5,121,Florida
26/10/2024,Leche entera,610.5,814,Texas
14/10/2024,Yogur con frutas,318.0,265,Florida
21/12/2024,Crema agria,217.5,87,California
15/02/2024,Cuajada,915.2,416,Texas
22/05/2024,Mantequilla sin sal,1138.2,271,Massachusetts
24/09/2024,Mantequilla clarificada (ghee),5640.75,981,Nueva York
07/02/2024,Crema batida,3671.25,979,Nueva York
07/04/2024,Mantequilla con sal,3020.0,755,Massachusetts
21/04/2024,Cuajada,1425.6,648,California
14/05/2024,Crema de leche,4282.85,715,California
10/11/2024,Suero de leche,1144.0,572,Nueva York
28/06/2024,Leche descremada,775.1,674,Florida
21/10/2024,Leche saborizada,661.5,441,Massachusetts
16/10/2024,Crema batida,675.0,180,Florida
22/09/2024,Queso brie,5676.0,946,Nueva York
01/05/2024,Yogur con frutas,566.4,472,Texas
18/02/2024,Leche en polvo,1672.0,304,Massachusetts
17/03/2024,Leche en polvo,2557.5,465,Nueva York
06/05/2024,Queso gouda,4203.0,934,California
02/03/2024,Yogur griego,1198.5,799,Massachusetts
16/08/2024,Queso crema,229.6,82,Texas
15/01/2024,Mantequilla clarificada (ghee),3409.75,593,Florida
24/08/2024,Crema agria,1097.5,439,California
25/05/2024,Yogur natural,155.0,155,California
26/11/2024,Crema agria,30.0,12,Texas
11/10/2024,Queso gouda,1989.0,442,Florida
08/08/2024,Kumis,207.5,83,Texas
09/09/2024,Yogur griego,1455.0,970,California
02/08/2024,Yogur griego,1443.0,962,California
06/04/2024,Queso parmesano,1252.8,261,Florida
15/05/2024,Mantequilla con sal,3640.0,910,Massachusetts
17/01/2024,Suero de leche,1778.0,889,Massachusetts
18/10/2024,Queso mozzarella,780.0,208,Texas
19/04/2024,Queso para untar,457.6,143,California
30/12/2024,Crema batida,2730.0,728,Nueva York
19/11/2024,Queso ricota,1508.0,377,Nueva York
10/11/2024,Cuajada,200.2,91,Florida
15/02/2024,Crema agria,150.0,60,Nueva York
03/04/2024,Cuajada,1540.0,700,Florida
24/09/2024,Mantequilla con sal,2192.0,548,California
25/09/2024,Crema agria,1712.5,685,Texas
14/09/2024,Mantequilla sin sal,1785.0,425,Florida
13/04/2024,Crema agria,2222.5,889,Texas
26/10/2024,Mantequilla con sal,60.0,15,Texas
29/03/2024,Crema de leche,5990.0,1000,Nueva York
31/08/2024,Cuajada,1854.6,843,Nueva York
16/05/2024,Queso parmesano,3916.8,816,Florida
14/04/2024,Leche condensada,1292.5,517,Massachusetts
20/09/2024,Leche deslactosada,317.2,244,Texas
05/11/2024,Queso azul roquefort,1143.75,183,Nueva York
21/06/2024,Bebidas lácteas,746.4,622,Florida
06/08/2024,Helado,447.0,298,Massachusetts
18/05/2024,Crema batida,2216.25,591,Massachusetts
12/03/2024,Queso gruyere,1804.0,328,Florida
30/01/2024,Queso azul gorgonzola,3690.0,615,Nueva York
12/05/2024,Crema agria,367.5,147,Texas
28/09/2024,Queso gouda,2079.0,462,Texas
21/04/2024,Mantequilla clarificada (ghee),1351.25,235,Florida
03/11/2024,Dulce de leche,1389.0,463,Nueva York
14/10/2024,Yogur natural,3062.5,875,Nueva York
16/09/2024,Suero de leche,1110.0,555,Massachusetts
29/03/2024,Suero de leche,1938.0,969,Florida
11/01/2024,Dulce de leche,2730.0,910,California
01/12/2024,Queso cheddar añejo,4465.0,893,California
29/06/2024,Crema batida,3247.5,866,Texas
16/07/2024,Queso camembert,5982.0,997,Massachusetts
17/05/2024,Mantequilla con sal,2168.0,542,Florida
27/11/2024,Bebidas lácteas,1916.0,958,California
07/05/2024,Yogur griego,798.0,532,Nueva York
16/07/2024,Helado,975.0,650,Nueva York
22/10/2024,Queso gouda,4423.5,983,Texas
06/05/2024,Leche entera,496.5,662,Florida
08/04/2024,Crema agria,717.5,287,California
24/12/2024,Mantequilla sin sal,2083.2,496,Texas
04/07/2024,Helado,2541.5,598,Texas
09/04/2024,Leche semidescremada,310.8,444,Florida
08/06/2024,Yogur con frutas,943.2,786,Texas
16/05/2024,Mantequilla con sal,2624.0,656,Massachusetts
18/12/2024,Dulce de leche,1107.0,369,Texas
15/12/2024,Kumis,2337.5,935,Texas
02/06/2024,Helado,2422.5,570,Nueva York
17/06/2024,Kumis,1690.0,676,Florida
17/01/2024,Queso para untar,2099.2,656,Florida
29/01/2024,Mantequilla clarificada (ghee),2495.5,434,Nueva York
25/04/2024,Leche entera,1561.0,446,Florida
03/03/2024,Queso para untar,1270.4,397,Texas
28/03/2024,Bebidas lácteas,690.0,345,Nueva York
01/08/2024,Leche saborizada,511.5,341,Massachusetts
19/12/2024,Leche saborizada,315.0,315,Florida
13/10/2024,Queso azul gorgonzola,168.0,28,Massachusetts
01/03/2024,Leche en polvo,1581.0,527,California
13/03/2024,Kumis,2490.0,996,Texas
24/12/2024,Queso ricota,1916.0,479,Massachusetts
10/08/2024,Yogur natural,2103.5,601,California
28/08/2024,Mantequilla con sal,700.0,175,Florida
30/04/2024,Leche descremada,563.55,867,Massachusetts
22/11/2024,Queso brie,5772.0,962,Massachusetts
08/10/2024,Mantequilla con sal,1776.0,444,Texas
21/11/2024,Queso crema,492.8,176,Florida
15/11/2024,Leche descremada,470.6,724,Texas
29/03/2024,Kumis,1445.0,578,Florida
22/06/2024,Queso azul roquefort,4243.75,679,California
31/05/2024,Queso azul gorgonzola,3462.0,577,Florida
12/01/2024,Leche condensada,817.5,327,Massachusetts
02/06/2024,Dulce de leche,1458.0,486,California
03/03/2024,Crema de leche,3989.34,666,Florida
21/12/2024,Queso en lonchas,3351.6,882,California
09/03/2024,Queso crema,604.8,216,Nueva York
01/10/2024,Mantequilla clarificada (ghee),4979.5,866,Texas
07/01/2024,Crema agria,2167.5,867,California
09/01/2024,Suero de leche,1636.0,818,Massachusetts
11/03/2024,Yogur griego,1326.0,884,Florida
12/10/2024,Crema batida,1387.5,370,Nueva York
02/05/2024,Kumis,910.0,364,Nueva York
23/10/2024,Queso crema,1568.0,560,Florida
26/06/2024,Crema agria,87.5,35,Massachusetts
21/11/2024,Crema agria,2367.5,947,Nueva York
01/12/2024,Dulce de leche,2937.0,979,California
23/11/2024,Queso ricota,1684.0,421,Massachusetts
05/08/2024,Queso blanco,3485.0,697,Nueva York
02/11/2024,Leche deslactosada,840.65,989,Massachusetts
30/01/2024,Mantequilla clarificada (ghee),1265.0,220,Texas
26/07/2024,Leche en polvo,2046.0,372,Texas
16/05/2024,Yogur griego,111.0,74,Massachusetts
16/04/2024,Crema agria,1655.0,662,California
03/01/2024,Crema de leche,5720.45,955,Nueva York
03/09/2024,Queso cheddar añejo,1545.0,309,Massachusetts
20/07/2024,Mantequilla sin sal,554.4,132,Massachusetts
23/08/2024,Crema agria,270.0,108,Texas
05/02/2024,Mantequilla sin sal,4040.4,962,Massachusetts
13/06/2024,Dulce de leche,1278.0,426,California
06/12/2024,Leche semidescremada,36.4,52,Florida
19/01/2024,Mantequilla con sal,1936.0,484,Florida
27/10/2024,Crema de leche,4480.52,748,Florida
29/03/2024,Crema agria,690.0,276,Florida
11/05/2024,Mantequilla sin sal,147.0,35,Florida
16/01/2024,Queso camembert,4470.0,745,California
11/07/2024,Yogur griego,1039.5,693,California
01/02/2024,Kumis,667.5,267,California
05/06/2024,Leche semidescremada,659.4,942,Florida
28/04/2024,Leche evaporada,1833.1,797,Nueva York
15/11/2024,Mantequilla sin sal,3880.8,924,California
02/07/2024,Mantequilla sin sal,1747.2,416,California
08/03/2024,Mantequilla sin sal,3855.6,918,Massachusetts
28/10/2024,Queso brie,4200.0,700,Nueva York
06/10/2024,Mantequilla sin sal,3498.6,833,Texas
13/09/2024,Suero de leche,1198.0,599,Florida
06/12/2024,Yogur griego,180.0,120,Texas
20/04/2024,Crema agria,2092.5,837,Texas
12/07/2024,Crema batida,3210.0,856,Nueva York
03/07/2024,Crema agria,1927.5,771,Massachusetts
29/07/2024,Mantequilla con sal,3716.0,929,Nueva York
18/05/2024,Queso crema,551.6,197,Texas
18/06/2024,Queso parmesano,849.6,177,Florida
24/02/2024,Queso blanco,4015.0,803,Texas
04/11/2024,Helado,595.5,397,Massachusetts
16/01/2024,Queso gouda,3456.0,768,Florida
01/05/2024,Queso havarti,4215.75,803,California
27/10/2024,Cuajada,864.6,393,Massachusetts
07/06/2024,Queso crema,1416.8,506,Massachusetts
03/11/2024,Yogur natural,2975.0,850,Texas
04/06/2024,Kumis,212.5,85,Massachusetts
22/07/2024,Queso ricota,3508.0,877,Nueva York
28/02/2024,Leche deslactosada,320.45,377,California
03/10/2024,Leche descremada,72.8,112,Massachusetts
13/07/2024,Cuajada,1564.2,711,Nueva York
23/02/2024,Mantequilla sin sal,1898.4,452,California
15/12/2024,Queso en lonchas,1261.6,332,Florida
09/07/2024,Suero de leche,292.0,146,Massachusetts
15/02/2024,Leche en polvo,2967.0,989,Texas
18/08/2024,Crema agria,1295.0,518,Massachusetts
29/05/2024,Yogur con frutas,210.0,175,Texas
21/10/2024,Mantequilla con sal,764.0,191,Florida
12/01/2024,Mantequilla clarificada (ghee),1178.75,205,Nueva York
22/05/2024,Queso azul gorgonzola,2070.0,345,Texas
10/07/2024,Queso camembert,732.0,122,Massachusetts
15/03/2024,Leche condensada,142.5,57,Florida
17/07/2024,Yogur natural,504.0,504,Texas
17/04/2024,Queso cheddar añejo,2515.0,503,Texas
12/11/2024,Queso crema,1324.4,473,California
14/07/2024,Queso gruyere,1611.5,293,Massachusetts
10/06/2024,Mantequilla con sal,2424.0,606,Florida
20/01/2024,Queso en lonchas,1565.6,412,California
09/05/2024,Queso brie,5928.0,988,California
25/06/2024,Yogur con frutas,81.6,68,Nueva York
29/06/2024,Queso cheddar añejo,4780.0,956,Nueva York
26/06/2024,Queso cheddar añejo,3685.0,737,Nueva York
21/07/2024,Leche descremada,152.1,234,Massachusetts
19/12/2024,Queso mozzarella,791.25,211,Florida
18/11/2024,Yogur griego,1365.0,910,Nueva York
29/01/2024,Queso blanco,1955.0,391,California
20/01/2024,Leche entera,723.75,965,Texas
14/09/2024,Dulce de leche,2343.0,781,Nueva York
12/12/2024,Leche evaporada,1520.3,661,California
18/02/2024,Crema de leche,5606.64,936,Nueva York
19/08/2024,Bebidas lácteas,728.0,364,Texas
31/05/2024,Queso ricota,2940.0,735,Florida
30/10/2024,Crema de leche,832.61,139,Texas
01/05/2024,Yogur con frutas,276.0,230,California
12/03/2024,Queso cheddar añejo,2515.0,503,California
16/07/2024,Crema batida,3491.25,931,Nueva York
17/04/2024,Queso azul roquefort,4250.0,680,Nueva York
05/01/2024,Yogur natural,959.0,274,Texas
06/06/2024,Queso blanco,4995.0,999,Nueva York
02/06/2024,Yogur con frutas,267.6,223,Florida
22/03/2024,Queso edam,57.0,12,Texas
14/04/2024,Leche deslactosada,326.3,251,Texas
30/08/2024,Bebidas lácteas,1386.0,693,California
30/12/2024,Queso mozzarella,1575.0,420,Texas
09/03/2024,Suero de leche,452.0,226,California
24/10/2024,Queso ricota,2316.0,579,Texas
29/03/2024,Yogur griego,787.5,525,California
25/04/2024,Queso edam,1368.0,288,California
25/11/2024,Leche saborizada,958.5,639,Texas
29/09/2024,Queso crema,1918.0,685,Florida
30/11/2024,Queso camembert,5448.0,908,Florida
09/08/2024,Leche entera,570.75,761,Texas
24/03/2024,Yogur natural,989.0,989,Texas
18/10/2024,Dulce de leche,2259.0,753,Texas
19/02/2024,Crema agria,1742.5,697,Florida
23/08/2024,Queso azul roquefort,5531.25,885,Nueva York
15/12/2024,Leche semidescremada,558.0,465,Florida
19/05/2024,Queso mozzarella,1560.0,416,Massachusetts
02/09/2024,Cuajada,904.2,411,Texas
15/03/2024,Queso en lonchas,3701.2,974,Texas
10/10/2024,Kumis,1105.0,442,California
04/07/2024,Mantequilla clarificada (ghee),1040.75,181,Florida
23/10/2024,Cuajada,1531.2,696,Texas
02/10/2024,Queso ricota,2688.0,672,Massachusetts
24/12/2024,Queso gouda,4117.5,915,Nueva York
17/01/2024,Leche deslactosada,377.4,444,Massachusetts
25/09/2024,Mantequilla sin sal,3696.0,880,Massachusetts
31/08/2024,Helado,324.0,216,California
13/01/2024,Leche saborizada,670.0,670,Florida
16/09/2024,Leche deslactosada,411.4,484,Nueva York
29/02/2024,Queso crema,2332.4,833,California
08/07/2024,Dulce de leche,2673.0,891,Nueva York
03/10/2024,Mantequilla clarificada (ghee),1673.25,291,California
01/07/2024,Suero de leche,1976.0,988,California
12/07/2024,Queso brie,4890.0,815,Texas
09/07/2024,Mantequilla clarificada (ghee),195.5,34,Massachusetts
04/05/2024,Kumis,1507.5,603,Texas
30/07/2024,Mantequilla con sal,2320.0,580,Nueva York
19/09/2024,Cuajada,1894.2,861,Massachusetts
21/03/2024,Leche en polvo,2079.0,378,Texas
20/10/2024,Mantequilla sin sal,617.4,147,Nueva York
06/07/2024,Mantequilla sin sal,243.6,58,California
08/07/2024,Queso crema,753.2,269,California
07/05/2024,Queso crema,2492.0,890,Florida
06/01/2024,Yogur con frutas,754.8,629,Florida
22/11/2024,Leche semidescremada,1059.6,883,Florida
24/09/2024,Queso gouda,3861.0,858,Florida
25/04/2024,Leche saborizada,83.0,83,Texas
27/04/2024,Queso cheddar añejo,1145.0,229,California
19/03/2024,Queso para untar,2083.2,651,Nueva York
27/08/2024,Suero de leche,1022.0,511,Florida
18/12/2024,Queso crema,2130.8,761,Texas
04/07/2024,Leche saborizada,267.0,178,Florida
11/11/2024,Helado,1802.0,424,Massachusetts
10/07/2024,Mantequilla clarificada (ghee),3444.25,599,Nueva York
06/03/2024,Yogur griego,1128.0,752,Massachusetts
15/08/2024,Leche entera,2355.5,673,California
24/03/2024,Yogur griego,1431.0,954,Florida
12/01/2024,Yogur con frutas,207.6,173,Nueva York
14/01/2024,Mantequilla con sal,656.0,164,Florida
23/05/2024,Leche en polvo,3569.5,649,Nueva York
08/04/2024,Mantequilla sin sal,3166.8,754,Texas
05/10/2024,Yogur griego,961.5,641,Massachusetts
25/02/2024,Yogur natural,1421.0,406,Florida
15/02/2024,Leche deslactosada,386.1,297,California
27/02/2024,Crema batida,1863.75,497,Florida
12/06/2024,Queso crema,753.2,269,California
29/05/2024,Queso ricota,3328.0,832,Texas
07/11/2024,Yogur griego,1065.0,710,Texas
19/02/2024,Yogur griego,1020.0,680,Florida
19/07/2024,Crema agria,117.5,47,Florida
09/01/2024,Queso crema,1358.0,485,Nueva York
12/09/2024,Leche en polvo,186.0,62,Florida
20/06/2024,Queso crema,1498.0,535,Nueva York
03/05/2024,Yogur natural,3157.0,902,Massachusetts
28/08/2024,Cuajada,1551.0,705,Texas
18/06/2024,Queso gouda,387.0,86,California
20/07/2024,Kumis,687.5,275,California
20/06/2024,Kumis,212.5,85,Nueva York
06/04/2024,Leche en polvo,369.0,123,Massachusetts
09/04/2024,Mantequilla clarificada (ghee),2834.75,493,Texas
22/01/2024,Queso brie,3648.0,608,California
13/02/2024,Mantequilla sin sal,1134.0,270,Texas
25/09/2024,Mantequilla clarificada (ghee),5692.5,990,Nueva York
18/11/2024,Leche evaporada,1269.6,552,Texas
05/05/2024,Queso havarti,173.25,33,Florida
28/02/2024,Yogur con frutas,798.0,665,Nueva York
03/05/2024,Leche semidescremada,483.0,690,Florida
06/12/2024,Cuajada,510.4,232,Texas
10/01/2024,Queso crema,845.6,302,Nueva York
15/11/2024,Mantequilla clarificada (ghee),5704.0,992,Texas
10/07/2024,Crema agria,2197.5,879,Florida
20/05/2024,Yogur natural,978.0,978,Texas
02/10/2024,Queso para untar,1452.8,454,Nueva York
08/09/2024,Queso crema,1528.8,546,Florida
10/11/2024,Queso havarti,2115.75,403,Florida
23/03/2024,Mantequilla con sal,3884.0,971,Texas
18/08/2024,Crema agria,1230.0,492,Nueva York
25/05/2024,Cuajada,508.2,231,Florida
23/03/2024,Bebidas lácteas,622.0,311,Florida
30/10/2024,Queso crema,2436.0,870,Massachusetts
19/09/2024,Yogur con frutas,426.0,355,Florida
29/04/2024,Queso mozzarella,2816.25,751,Nueva York
11/06/2024,Leche entera,588.0,168,California
10/10/2024,Kumis,337.5,135,Nueva York
16/10/2024,Mantequilla con sal,68.0,17,Massachusetts
29/11/2024,Leche en polvo,1827.0,609,California
18/08/2024,Leche semidescremada,351.6,293,Florida
24/09/2024,Queso camembert,2136.0,356,Nueva York
21/11/2024,Yogur griego,502.5,335,California
29/06/2024,Yogur natural,808.0,808,Texas
31/03/2024,Dulce de leche,2193.0,731,Nueva York
02/02/2024,Queso mozzarella,2943.75,785,Massachusetts
23/10/2024,Crema batida,3296.25,879,Florida
23/06/2024,Queso crema,672.0,240,Nueva York
27/07/2024,Yogur griego,882.0,588,Texas
04/04/2024,Crema batida,877.5,234,Florida
16/07/2024,Queso gouda,45.0,10,Texas
13/12/2024,Mantequilla sin sal,1394.4,332,Florida
17/03/2024,Cuajada,275.0,125,Massachusetts
04/01/2024,Queso parmesano,801.6,167,Florida
15/08/2024,Yogur natural,518.0,148,Texas
13/06/2024,Queso cheddar añejo,2995.0,599,Massachusetts
12/06/2024,Queso camembert,5796.0,966,Texas
20/09/2024,Crema de leche,425.29,71,Massachusetts
12/02/2024,Queso parmesano,67.2,14,Nueva York
22/08/2024,Crema batida,2741.25,731,Texas
03/05/2024,Mantequilla clarificada (ghee),218.5,38,Florida
13/04/2024,Mantequilla con sal,3732.0,933,California
12/02/2024,Leche semidescremada,130.8,109,California
01/11/2024,Helado,1606.5,378,Florida
14/09/2024,Leche entera,913.5,261,Florida
21/12/2024,Leche semidescremada,249.2,356,Florida
26/08/2024,Queso havarti,5197.5,990,Florida
13/12/2024,Suero de leche,246.0,123,Massachusetts
27/03/2024,Mantequilla con sal,3316.0,829,Nueva York
16/05/2024,Leche descremada,537.55,827,Nueva York
26/12/2024,Crema de leche,3659.89,611,California
21/08/2024,Queso edam,4308.25,907,Florida
17/06/2024,Queso azul gorgonzola,5052.0,842,Florida
19/06/2024,Queso havarti,913.5,174,Florida
05/08/2024,Queso brie,4566.0,761,Massachusetts
29/10/2024,Mantequilla con sal,3508.0,877,Texas
28/10/2024,Cuajada,1900.8,864,Nueva York
05/08/2024,Mantequilla con sal,3656.0,914,Florida
16/11/2024,Queso crema,672.0,240,Texas
18/09/2024,Queso en lonchas,3598.6,947,Nueva York
23/10/2024,Yogur natural,1368.5,391,Texas
18/11/2024,Leche entera,640.0,512,Nueva York
08/05/2024,Bebidas lácteas,664.0,332,Florida
25/05/2024,Queso para untar,1014.4,317,Florida
14/11/2024,Mantequilla clarificada (ghee),4565.5,794,California
04/02/2024,Yogur griego,33.0,22,California
09/11/2024,Yogur natural,305.0,305,Nueva York
26/01/2024,Mantequilla sin sal,2410.8,574,Florida
31/10/2024,Dulce de leche,1485.0,495,Texas
07/11/2024,Mantequilla sin sal,2507.4,597,Massachusetts
14/04/2024,Yogur con frutas,682.8,569,Florida
16/07/2024,Helado,1363.5,909,Texas
20/10/2024,Queso edam,764.75,161,Nueva York
25/03/2024,Mantequilla sin sal,1264.2,301,Massachusetts
01/01/2024,Leche en polvo,1155.0,385,Nueva York
15/11/2024,Bebidas lácteas,796.0,398,Florida
27/09/2024,Mantequilla con sal,3856.0,964,Texas
24/11/2024,Suero de leche,398.0,199,Nueva York
03/08/2024,Mantequilla sin sal,567.0,135,Florida
05/02/2024,Queso camembert,4278.0,713,Nueva York
28/07/2024,Cuajada,807.4,367,Nueva York
15/04/2024,Queso parmesano,2035.2,424,Massachusetts
27/07/2024,Queso havarti,4530.75,863,Nueva York
01/09/2024,Mantequilla con sal,108.0,27,Massachusetts
05/09/2024,Suero de leche,1726.0,863,California
26/01/2024,Queso ricota,3612.0,903,Massachusetts
29/03/2024,Queso azul roquefort,2256.25,361,Massachusetts
13/10/2024,Mantequilla con sal,1352.0,338,Florida
06/04/2024,Mantequilla clarificada (ghee),3179.75,553,California
14/04/2024,Yogur griego,1254.0,836,California
07/03/2024,Queso crema,470.4,168,Massachusetts
07/04/2024,Mantequilla con sal,2308.0,577,California
27/03/2024,Queso cheddar añejo,910.0,182,Massachusetts
24/07/2024,Mantequilla con sal,2904.0,726,California
13/05/2024,Queso blanco,2185.0,437,California
29/01/2024,Mantequilla con sal,3448.0,862,Massachusetts
28/11/2024,Leche semidescremada,644.0,920,Texas
17/02/2024,Crema de leche,1785.02,298,Massachusetts
01/12/2024,Leche condensada,1857.5,743,Nueva York
28/11/2024,Kumis,1532.5,613,California
22/06/2024,Kumis,1707.5,683,Massachusetts
29/12/2024,Helado,1320.0,880,Florida
08/07/2024,Mantequilla con sal,1436.0,359,Texas
06/09/2024,Mantequilla clarificada (ghee),4249.25,739,Nueva York
31/08/2024,Suero de leche,904.0,452,Massachusetts
11/02/2024,Queso mozzarella,1068.75,285,Nueva York
27/10/2024,Yogur con frutas,1111.2,926,Nueva York
13/11/2024,Leche entera,3006.5,859,Florida
15/12/2024,Mantequilla con sal,2232.0,558,California
15/10/2024,Mantequilla con sal,876.0,219,Texas
19/06/2024,Dulce de leche,732.0,244,Nueva York
31/08/2024,Dulce de leche,63.0,21,Nueva York
09/08/2024,Mantequilla sin sal,1797.6,428,California
27/05/2024,Queso mozzarella,2512.5,670,Massachusetts
30/06/2024,Crema de leche,5480.85,915,Florida
25/06/2024,Queso ricota,1084.0,271,Massachusetts
13/02/2024,Mantequilla sin sal,75.6,18,Massachusetts
17/09/2024,Leche saborizada,57.0,57,Massachusetts
06/04/2024,Yogur con frutas,342.0,285,California
05/08/2024,Helado,738.0,492,California
24/10/2024,Suero de leche,130.0,65,Massachusetts
25/09/2024,Bebidas lácteas,531.6,443,Massachusetts
13/01/2024,Queso havarti,1795.5,342,Florida
18/04/2024,Crema batida,1927.5,514,Texas
08/05/2024,Crema batida,1785.0,476,Nueva York
14/09/2024,Cuajada,1126.4,512,Texas
20/11/2024,Bebidas lácteas,786.0,655,Texas
28/06/2024,Crema de leche,982.36,164,Massachusetts
27/09/2024,Queso en lonchas,2694.2,709,California
10/12/2024,Crema agria,282.5,113,Nueva York
19/12/2024,Crema batida,3356.25,895,Florida
15/09/2024,Leche descremada,146.25,225,California
14/02/2024,Helado,105.0,70,California
15/12/2024,Crema batida,1387.5,370,California
11/05/2024,Cuajada,420.2,191,Nueva York
17/12/2024,Dulce de leche,54.0,18,California
24/01/2024,Yogur natural,866.0,866,Texas
19/11/2024,Leche condensada,2137.5,855,Massachusetts
24/11/2024,Mantequilla con sal,2216.0,554,Nueva York
12/03/2024,Helado,2830.5,666,California
02/02/2024,Crema de leche,503.16,84,Nueva York
09/07/2024,Crema agria,1760.0,704,Massachusetts
24/05/2024,Crema agria,1210.0,484,California
25/07/2024,Bebidas lácteas,54.0,45,Nueva York
21/10/2024,Helado,352.5,235,Texas
30/03/2024,Queso camembert,3042.0,507,California
06/04/2024,Queso crema,392.0,140,Nueva York
21/12/2024,Crema de leche,533.11,89,Massachusetts
21/02/2024,Queso crema,2623.6,937,Florida
11/10/2024,Leche deslactosada,287.3,221,Florida
20/04/2024,Queso mozzarella,446.25,119,Massachusetts
09/06/2024,Mantequilla sin sal,1071.0,255,Nueva York
18/10/2024,Queso gouda,130.5,29,California
28/05/2024,Crema batida,3701.25,987,Florida
17/08/2024,Leche descremada,65.55,57,California
13/11/2024,Crema de leche,4947.74,826,Texas
10/03/2024,Leche descremada,102.7,158,California
29/01/2024,Mantequilla clarificada (ghee),1972.25,343,Nueva York
09/10/2024,Queso havarti,1065.75,203,Florida
09/06/2024,Mantequilla con sal,3680.0,920,Florida
22/07/2024,Suero de leche,768.0,384,Florida
22/05/2024,Crema de leche,3066.88,512,Massachusetts
15/07/2024,Mantequilla clarificada (ghee),5140.5,894,Florida
19/12/2024,Mantequilla con sal,1056.0,264,Nueva York
12/11/2024,Queso mozzarella,1976.25,527,Florida
22/03/2024,Dulce de leche,1515.0,505,Massachusetts
15/05/2024,Yogur natural,960.0,960,Nueva York
